CustomerID,Gender,Age,MaritalStatus,CityTier,TenureMonths,PreferredLoginDevice,PreferredPaymentMode,PreferredOrderCategory,SatisfactionScore,NumberOfDevicesRegistered,NumberOfAddresses,ComplainRaised,HoursSpentOnApp,NumOrdersLastMonth,DaysSinceLastOrder,AvgCashbackINR,OrderAmountHikeFromLastYearPct,CouponsUsedLastMonth,DistanceFromWarehouseKM,Churn
CUST104874,Male,42,Single,2,0,Computer,E-wallet,Fashion,4,5,1,0,2.85,1,20.0,213.51,12.21,2,13.0,0
CUST101025,Male,42,Divorced,2,48,Mobile Phone,UPI,Others,1,3,2,0,4.9,4,56.0,214.86,21.9,1,9.4,0
CUST103545,Male,42,Married,3,66,Computer,UPI,Grocery,4,1,3,1,3.24,3,89.0,108.16,0.59,1,16.4,0
CUST103821,Female,56,Married,3,24,Mobile Phone,Debit Card,Grocery,4,1,3,0,1.32,3,74.0,187.22,23.75,2,11.5,0
CUST104394,Male,38,Single,2,17,Mobile Phone,Cash on Delivery,Grocery,3,3,4,1,1.56,5,88.0,243.0,15.41,5,14.9,0
CUST103422,Female,50,Married,3,55,Computer,Credit Card,Mobile Phone,3,4,1,0,1.76,8,80.0,94.36,18.24,3,15.7,0
CUST102417,Female,19,Married,1,2,Mobile Phone,Debit Card,Grocery,3,3,1,0,4.48,2,54.0,83.2,25.79,2,10.8,0
CUST101095,Male,50,Single,3,70,Mobile Phone,UPI,Fashion,5,3,2,1,5.32,3,78.0,104.3,23.09,2,5.2,0
CUST104459,Female,69,Single,1,67,Computer,Credit Card,Fashion,5,4,7,1,0.87,5,14.0,169.36,16.57,0,16.5,0
CUST100705,Female,52,Single,2,41,Computer,E-wallet,Others,3,3,4,1,4.03,3,45.0,193.82,15.46,0,20.0,0
CUST102374,Male,24,Single,1,55,Mobile Phone,E-wallet,Laptop & Accessory,1,4,7,0,3.7,3,22.0,91.4,16.26,1,22.1,0
CUST100530,Female,31,Divorced,2,21,Mobile Phone,Credit Card,Others,4,2,3,0,1.36,3,51.0,289.6,6.71,0,1.2,0
CUST100800,Female,44,Married,1,25,Mobile Phone,E-wallet,Grocery,2,5,2,0,1.0,6,32.0,137.24,10.81,1,3.5,0
CUST104524,Female,66,Married,3,1,Computer,UPI,Grocery,2,5,4,0,3.33,2,48.0,81.82,4.58,2,12.2,0
CUST101456,Male,39,Married,1,1,Computer,Cash on Delivery,Others,2,2,2,0,1.77,2,43.0,177.49,8.74,2,6.2,0
CUST101391,Female,33,Divorced,2,37,Computer,Cash on Delivery,Fashion,5,4,5,1,2.25,2,28.0,180.96,15.21,1,24.3,0
CUST103649,Female,47,Single,2,33,Mobile Phone,Credit Card,Fashion,1,3,5,1,0.87,4,85.0,110.54,29.88,1,8.8,0
CUST103199,Female,38,Single,2,69,Mobile Phone,Debit Card,Mobile Phone,5,4,1,0,0.44,2,8.0,252.6,21.05,0,9.7,0
CUST102671,Male,37,Married,3,5,Mobile Phone,Cash on Delivery,Mobile Phone,2,2,4,0,2.19,5,72.0,129.97,19.55,1,29.7,0
CUST102812,Female,51,Married,1,65,Mobile Phone,UPI,Laptop & Accessory,5,5,5,0,7.81,2,72.0,180.92,8.95,2,8.8,0
CUST100065,Female,20,Married,3,28,Mobile Phone,UPI,Laptop & Accessory,4,1,5,0,2.62,5,35.0,184.35,24.11,1,15.3,0
CUST100157,Female,36,Single,3,1,Computer,Credit Card,Laptop & Accessory,1,4,1,0,1.79,5,54.0,111.9,18.81,0,13.8,0
CUST103240,Female,48,Single,1,43,Computer,Credit Card,Fashion,4,1,6,0,5.43,2,79.0,180.94,1.66,1,8.4,1
CUST104101,Female,68,Single,1,66,Mobile Phone,Credit Card,Laptop & Accessory,3,5,7,1,2.08,3,2.0,156.32,29.82,3,13.6,0
CUST100626,Female,32,Married,1,43,Mobile Phone,Debit Card,Laptop & Accessory,3,1,7,0,4.79,1,30.0,99.57,17.28,0,18.3,0
CUST101965,Male,61,Married,1,59,Mobile Phone,Debit Card,Mobile Phone,5,1,7,0,1.9,1,64.0,90.97,3.86,1,28.5,0
CUST101438,Female,68,Married,3,56,Mobile Phone,E-wallet,Fashion,2,4,4,1,2.43,1,22.0,237.7,15.56,4,22.1,0
CUST102240,Male,29,Single,2,6,Mobile Phone,UPI,Laptop & Accessory,1,1,3,1,1.89,3,77.0,92.17,21.95,1,13.4,0
CUST103013,Female,67,Single,1,8,Computer,Debit Card,Mobile Phone,1,4,5,0,1.57,3,85.0,148.13,9.41,2,19.2,1
CUST103906,Female,63,Single,2,33,Computer,Credit Card,Fashion,1,1,3,0,4.82,2,5.0,151.05,5.01,0,19.5,0
CUST103518,Female,64,Married,2,43,Mobile Phone,E-wallet,Fashion,1,5,3,1,3.18,1,7.0,141.59,5.41,3,16.9,0
CUST100642,Male,59,Single,3,44,Mobile Phone,Credit Card,Others,5,5,5,0,1.84,3,46.0,113.01,13.88,1,18.9,0
CUST101926,Male,26,Divorced,1,25,Mobile Phone,UPI,Fashion,5,2,7,0,2.96,3,61.0,226.52,24.57,0,15.6,0
CUST102187,Female,49,Divorced,1,32,Mobile Phone,UPI,Fashion,5,5,3,0,1.77,2,44.0,174.35,11.43,2,12.8,0
CUST100683,Male,20,Married,3,19,Computer,Debit Card,Fashion,1,1,2,0,4.33,3,31.0,123.46,9.98,0,11.6,0
CUST100676,Female,32,Married,2,24,Computer,E-wallet,Grocery,4,4,5,0,3.86,2,0.0,205.9,25.71,3,11.6,0
CUST101894,Male,45,Single,1,44,Computer,E-wallet,Mobile Phone,2,5,3,0,1.44,1,84.0,172.39,12.82,3,10.6,1
CUST101876,Male,51,Married,3,29,Computer,UPI,Others,2,2,2,1,2.15,2,33.0,92.38,1.0,1,13.8,0
CUST101057,Male,67,Married,1,69,Mobile Phone,Credit Card,Others,5,4,7,1,2.25,6,84.0,92.49,21.52,0,18.4,0
CUST104849,Female,56,Married,1,6,Mobile Phone,Credit Card,Fashion,2,4,6,0,1.71,2,37.0,102.25,17.76,2,10.9,0
CUST103950,Male,60,,3,20,Mobile Phone,UPI,Laptop & Accessory,5,5,1,0,0.39,3,47.0,298.7,17.14,1,1.0,0
CUST102835,Female,28,Married,1,15,Mobile Phone,Credit Card,Others,4,3,4,0,,9,40.0,90.06,5.45,2,11.5,0
CUST103139,Male,64,Single,3,24,Mobile Phone,Cash on Delivery,Mobile Phone,4,1,6,1,0.44,3,63.0,146.66,6.33,2,8.8,0
CUST100296,Female,48,Single,2,70,Mobile Phone,Credit Card,Fashion,2,1,6,0,7.75,1,10.0,113.01,21.07,2,6.2,0
CUST103362,Female,25,Single,1,44,Computer,Credit Card,Laptop & Accessory,1,2,5,1,1.2,1,73.0,28.86,5.4,4,12.2,1
CUST103604,Female,33,Married,1,7,Mobile Phone,Credit Card,Grocery,5,3,5,1,2.56,4,24.0,159.98,7.47,3,17.6,0
CUST104699,Female,24,Married,2,2,Computer,Credit Card,Laptop & Accessory,1,2,1,0,2.94,6,41.0,163.37,1.23,1,22.5,0
CUST104205,Female,47,Married,1,49,Computer,Credit Card,Mobile Phone,4,5,6,0,1.55,3,62.0,176.27,19.6,1,7.8,0
CUST102380,Female,20,Divorced,3,56,Mobile Phone,Credit Card,Mobile Phone,3,3,1,1,2.95,1,67.0,175.41,15.61,2,11.9,0
CUST101255,Female,57,Single,1,50,Mobile Phone,Credit Card,Mobile Phone,1,3,1,0,1.13,3,85.0,154.69,13.48,0,13.1,0
CUST100168,Male,62,Single,3,29,Mobile Phone,Debit Card,Fashion,4,5,4,1,1.19,2,20.0,29.2,33.33,2,10.7,1
CUST104133,Male,55,Married,2,17,Mobile Phone,UPI,Fashion,4,4,6,1,3.85,5,44.0,,9.93,0,7.2,0
CUST100029,Female,28,Married,2,51,Mobile Phone,Credit Card,Grocery,4,5,7,0,0.95,3,4.0,219.21,4.39,0,16.4,0
CUST101747,Female,26,Divorced,1,29,Computer,Cash on Delivery,Fashion,1,3,6,0,1.6,6,18.0,239.87,10.72,0,14.0,0
CUST104983,Male,69,Married,2,24,Mobile Phone,UPI,Mobile Phone,3,2,1,0,3.01,5,50.0,105.99,14.44,0,4.7,1
CUST104979,Female,19,Single,2,24,Computer,Credit Card,Fashion,3,4,2,0,2.91,2,40.0,174.35,9.94,1,6.6,0
CUST102111,Female,19,Married,2,10,Computer,Cash on Delivery,Others,2,2,1,1,5.44,2,65.0,157.95,20.38,1,22.5,0
CUST104815,Male,47,Single,2,56,Mobile Phone,Cash on Delivery,Laptop & Accessory,4,2,4,0,2.66,8,77.0,117.88,17.24,1,14.7,0
CUST102810,Male,24,Married,2,51,Computer,UPI,Mobile Phone,3,3,4,0,2.97,2,89.0,167.47,2.67,1,1.0,0
CUST102101,Male,40,Married,2,43,Mobile Phone,Credit Card,Laptop & Accessory,2,3,6,1,1.08,5,22.0,281.15,22.68,0,5.1,0
CUST101010,Female,45,Single,2,1,Mobile Phone,Cash on Delivery,Others,3,5,7,0,6.66,2,69.0,183.86,7.34,1,32.0,0
CUST104630,Male,48,Married,1,24,Computer,Credit Card,Fashion,3,5,6,1,4.15,3,19.0,157.94,24.14,1,1.0,0
CUST100544,Male,48,Married,1,56,Mobile Phone,Credit Card,Mobile Phone,4,4,1,0,1.28,1,76.0,135.92,16.06,0,4.7,0
CUST101741,Male,51,Married,2,30,Computer,Cash on Delivery,Others,5,1,3,0,1.81,6,37.0,151.16,18.44,2,13.1,0
CUST103731,Female,36,Single,2,18,Mobile Phone,Debit Card,Grocery,4,4,3,0,0.25,3,,162.56,7.08,1,5.8,0
CUST104816,Male,65,Single,3,36,Mobile Phone,UPI,Mobile Phone,1,2,2,0,2.12,1,86.0,109.96,11.95,3,15.5,0
CUST101717,Female,46,Single,2,64,Mobile Phone,Credit Card,Mobile Phone,1,1,3,1,1.01,3,7.0,137.35,10.87,3,18.5,0
CUST100994,Female,34,Married,3,35,Mobile Phone,Debit Card,Laptop & Accessory,5,3,3,0,5.59,8,85.0,194.79,19.57,2,7.1,0
CUST104788,Male,64,Married,2,24,Mobile Phone,Credit Card,Laptop & Accessory,1,4,3,1,2.62,2,6.0,183.01,13.59,1,18.1,0
CUST102775,Male,24,Single,1,43,Mobile Phone,Cash on Delivery,Grocery,3,1,1,0,0.67,3,19.0,86.69,22.29,2,5.8,0
CUST104059,Female,64,Single,1,18,Computer,Credit Card,Laptop & Accessory,5,1,6,0,1.54,4,9.0,119.11,8.42,1,28.8,0
CUST100023,Female,45,Married,3,39,Mobile Phone,Debit Card,Others,2,2,4,1,1.19,2,6.0,140.65,27.17,3,23.6,0
CUST100949,Male,53,Married,1,56,Mobile Phone,Credit Card,Fashion,2,2,1,0,1.71,4,4.0,204.98,27.95,1,5.4,0
CUST100240,Female,54,Married,1,39,Computer,Cash on Delivery,Laptop & Accessory,3,5,6,0,7.13,3,82.0,222.93,17.23,4,27.4,1
CUST101554,Male,52,Married,2,61,Mobile Phone,Credit Card,Fashion,3,5,1,0,1.68,1,26.0,168.52,15.33,0,22.7,0
CUST101434,Male,29,Single,2,11,Mobile Phone,E-wallet,Mobile Phone,1,3,1,0,1.64,1,58.0,111.16,16.76,4,18.8,0
CUST101670,Male,30,Divorced,2,20,Mobile Phone,UPI,Fashion,1,4,3,0,4.42,5,16.0,115.51,,2,12.4,0
CUST100485,Male,33,Married,2,58,Computer,Credit Card,Mobile Phone,2,3,1,0,0.53,4,55.0,110.82,6.88,5,1.0,0
CUST102753,Male,33,Single,1,63,Mobile Phone,Credit Card,Mobile Phone,4,4,1,0,9.07,3,36.0,210.71,6.89,3,18.6,0
CUST103651,Male,47,Married,1,38,Mobile Phone,UPI,Others,5,1,2,0,0.92,0,52.0,199.28,13.67,0,10.0,0
CUST104271,Male,53,Single,3,1,Mobile Phone,E-wallet,Grocery,1,2,3,0,0.18,2,22.0,136.27,8.04,3,17.0,0
CUST100803,Female,28,,1,44,Computer,Cash on Delivery,Mobile Phone,3,5,4,0,2.18,5,30.0,83.77,20.79,1,23.6,0
CUST103780,Male,32,Married,1,25,Computer,Debit Card,Laptop & Accessory,3,3,4,0,2.47,6,77.0,157.82,22.11,3,9.0,0
CUST101739,Female,28,Married,2,8,Computer,Credit Card,Fashion,2,2,6,1,1.06,7,72.0,120.12,15.14,3,10.1,0
CUST104015,Female,20,Married,2,13,Computer,Debit Card,Laptop & Accessory,3,1,7,0,1.61,1,,129.12,32.39,1,19.4,0
CUST102195,Female,45,Married,1,46,Computer,E-wallet,Laptop & Accessory,3,4,4,0,1.63,4,44.0,139.27,14.24,1,11.6,0
CUST100084,Male,27,Single,2,15,Computer,UPI,Mobile Phone,5,5,6,0,1.31,1,62.0,152.74,9.16,1,25.8,1
CUST102123,Male,38,Divorced,3,17,Mobile Phone,Debit Card,Others,5,5,5,0,2.82,3,13.0,114.9,19.49,3,10.5,0
CUST103016,Female,53,Divorced,2,62,Mobile Phone,UPI,Others,1,5,6,0,2.74,1,16.0,155.72,6.75,3,14.5,0
CUST102533,Male,21,Single,2,57,Mobile Phone,Credit Card,Mobile Phone,4,2,6,0,2.67,3,44.0,93.1,23.32,1,20.9,0
CUST101871,Male,46,Married,2,56,Computer,UPI,Mobile Phone,4,4,7,0,1.83,4,58.0,253.71,20.57,3,13.6,0
CUST100106,Male,58,Married,1,45,Mobile Phone,Cash on Delivery,Laptop & Accessory,2,5,5,1,1.89,3,7.0,239.58,12.32,3,15.8,0
CUST103150,Male,29,Married,2,40,Mobile Phone,UPI,Mobile Phone,1,4,6,0,2.22,2,73.0,136.01,18.97,1,20.3,1
CUST102989,Female,62,Married,1,30,Mobile Phone,UPI,Mobile Phone,3,4,3,1,1.31,2,81.0,205.99,16.97,4,17.6,0
CUST101578,Female,69,Married,2,52,Mobile Phone,UPI,Others,3,1,2,0,3.61,3,59.0,133.86,14.76,5,25.1,0
CUST100199,Male,62,Married,3,43,Computer,Credit Card,Laptop & Accessory,4,2,6,1,8.92,1,3.0,132.29,15.47,0,15.7,0
CUST104411,Male,38,Single,1,9,Mobile Phone,Cash on Delivery,Fashion,1,3,6,0,11.9,3,34.0,,7.56,1,18.3,0
CUST103065,Male,54,Married,1,28,Mobile Phone,Cash on Delivery,Laptop & Accessory,4,1,1,1,2.44,3,43.0,136.64,23.94,1,19.8,0
CUST104955,Male,32,Divorced,1,60,Mobile Phone,UPI,Mobile Phone,4,2,6,0,1.35,5,77.0,60.93,25.02,2,34.0,0
CUST104240,Female,57,Married,1,2,Computer,Credit Card,Others,1,4,6,0,1.67,3,46.0,42.86,19.03,2,18.1,0
CUST104656,Female,25,Married,3,60,Computer,UPI,Mobile Phone,4,3,4,0,2.19,1,59.0,229.41,17.16,0,3.5,0
CUST103130,Male,66,Married,2,26,Computer,UPI,Mobile Phone,3,5,7,0,2.88,4,86.0,175.45,0.0,1,14.5,0
CUST102181,Female,21,Single,3,37,Mobile Phone,UPI,Mobile Phone,3,5,6,0,2.21,3,6.0,202.1,13.07,0,24.3,0
CUST103414,Male,40,Single,1,66,Computer,UPI,Others,3,2,3,1,2.54,1,9.0,162.5,14.36,1,25.8,0
CUST100881,Female,24,Single,3,12,Mobile Phone,Debit Card,Grocery,5,2,7,0,1.57,4,13.0,149.05,22.18,2,26.2,0
CUST104222,Male,47,Single,3,17,Computer,Credit Card,Fashion,5,1,5,0,3.01,6,8.0,,4.4,1,18.8,0
CUST104569,Female,66,Married,3,37,Computer,UPI,Mobile Phone,4,5,4,0,1.73,2,22.0,153.53,,0,19.2,0
CUST103893,Female,55,Single,2,39,Mobile Phone,Credit Card,Others,3,2,1,0,2.0,5,19.0,248.71,26.44,0,9.0,0
CUST100553,Female,48,Married,1,14,Mobile Phone,Credit Card,Mobile Phone,1,2,7,0,0.77,6,84.0,191.77,11.54,0,12.4,1
CUST100733,Male,40,Married,3,1,Computer,Credit Card,Mobile Phone,3,3,1,0,2.68,4,54.0,156.25,4.6,2,16.0,1
CUST100179,Female,33,Single,2,31,Computer,Debit Card,Laptop & Accessory,5,1,3,1,1.01,4,59.0,257.63,6.96,1,22.6,0
CUST100416,Male,26,Single,2,41,Computer,Debit Card,Fashion,3,4,2,0,2.75,2,19.0,137.51,0.0,2,10.0,0
CUST100079,Female,57,Single,2,19,Mobile Phone,Debit Card,Laptop & Accessory,3,2,7,0,2.99,0,3.0,136.4,14.03,0,1.0,0
CUST100472,Male,55,Married,3,39,Mobile Phone,Credit Card,Fashion,4,4,4,1,4.02,7,46.0,160.01,14.81,2,13.4,0
CUST100670,Male,32,Married,1,31,Computer,Credit Card,Grocery,2,3,6,0,0.84,2,41.0,143.4,15.22,1,16.1,0
CUST104908,Female,56,Divorced,2,22,Mobile Phone,Credit Card,Mobile Phone,5,4,3,0,2.4,4,7.0,170.76,10.02,0,10.3,0
CUST101501,Female,19,Single,2,28,Mobile Phone,UPI,Grocery,3,5,4,1,2.28,3,78.0,176.03,11.9,1,16.7,0
CUST102802,Male,34,Single,1,30,Mobile Phone,Debit Card,Mobile Phone,5,3,7,0,1.73,1,55.0,134.7,14.6,2,10.8,0
CUST102092,Female,61,Married,1,61,Computer,E-wallet,Others,4,2,6,0,3.24,0,68.0,144.16,12.81,2,1.0,0
CUST100248,Male,59,Married,1,71,Mobile Phone,Credit Card,Mobile Phone,5,4,2,0,1.1,7,12.0,196.83,4.05,2,25.3,0
CUST100538,Male,25,Married,2,67,Mobile Phone,Debit Card,Fashion,1,3,7,0,0.93,3,13.0,99.98,18.46,2,16.2,0
CUST101345,Female,36,Single,2,42,Mobile Phone,Cash on Delivery,Laptop & Accessory,3,3,6,0,2.7,3,25.0,68.96,7.88,3,16.4,0
CUST104698,Female,34,Single,2,0,Mobile Phone,Debit Card,Grocery,2,2,4,0,1.21,1,23.0,239.74,13.25,1,16.2,0
CUST101270,Female,39,Divorced,1,4,Mobile Phone,UPI,Fashion,5,3,6,1,2.35,1,59.0,46.32,11.33,0,16.5,0
CUST100228,Female,22,Single,1,19,Mobile Phone,Cash on Delivery,Mobile Phone,1,3,3,0,3.16,2,38.0,205.57,9.69,0,24.7,0
CUST100297,Female,64,Single,2,22,Computer,Credit Card,Mobile Phone,2,3,3,0,4.05,3,11.0,120.41,19.89,0,11.2,0
CUST102820,Male,39,Married,1,61,Mobile Phone,UPI,Fashion,2,2,7,0,4.21,2,65.0,105.0,22.06,1,22.1,0
CUST103722,Female,61,Married,2,11,Mobile Phone,Debit Card,Others,5,3,6,0,2.45,3,21.0,111.46,15.78,0,3.3,0
CUST101183,Male,59,Single,3,4,Mobile Phone,Credit Card,Others,2,3,6,1,0.98,5,41.0,113.44,8.7,1,16.2,1
CUST102059,Male,27,Single,2,19,Computer,UPI,Mobile Phone,2,1,2,0,1.96,5,58.0,82.44,6.45,3,10.5,0
CUST100465,Female,39,Single,3,24,Computer,Debit Card,Fashion,2,3,7,0,3.24,1,66.0,156.03,14.48,3,16.8,0
CUST102991,Female,18,Single,2,67,Mobile Phone,Cash on Delivery,Laptop & Accessory,1,4,6,1,0.66,4,78.0,138.55,3.83,0,15.8,0
CUST100505,Female,31,Married,3,65,Computer,Credit Card,Laptop & Accessory,4,2,6,0,3.55,3,0.0,163.94,22.82,2,14.8,1
CUST104080,Male,23,Married,2,11,Mobile Phone,UPI,Laptop & Accessory,4,4,7,0,,2,29.0,103.99,12.6,1,9.1,1
CUST103172,Female,47,Divorced,3,39,Computer,UPI,Mobile Phone,5,2,5,0,1.79,5,5.0,202.84,9.03,2,22.4,0
CUST102093,Male,38,Single,1,53,Mobile Phone,Credit Card,Mobile Phone,3,3,3,0,1.33,4,22.0,52.9,11.63,0,12.8,0
CUST101669,Female,46,Married,2,15,Mobile Phone,Debit Card,Grocery,5,5,1,0,1.55,1,6.0,249.14,24.53,4,25.3,0
CUST101752,Female,46,Single,2,15,Computer,UPI,Mobile Phone,2,3,7,0,2.22,2,85.0,155.94,24.26,0,2.0,1
CUST104784,Female,24,Single,1,0,Mobile Phone,Cash on Delivery,Mobile Phone,5,5,7,0,0.79,6,68.0,237.53,16.47,1,12.3,0
CUST102653,Female,62,Married,2,51,Mobile Phone,UPI,Fashion,3,3,3,0,2.14,1,30.0,101.13,0.0,1,18.7,0
CUST100426,Male,57,Married,1,18,Computer,UPI,Grocery,2,2,3,1,4.59,4,78.0,268.16,9.89,2,7.0,1
CUST101258,Female,51,Married,2,70,Mobile Phone,E-wallet,Mobile Phone,2,5,1,0,4.78,4,55.0,164.61,21.96,2,8.7,0
CUST101073,Female,33,Single,1,30,Computer,UPI,Mobile Phone,5,3,5,0,0.63,4,79.0,156.11,4.15,4,9.6,1
CUST102906,Female,40,Married,3,12,Mobile Phone,Cash on Delivery,Mobile Phone,4,4,5,0,2.69,1,3.0,40.45,6.47,2,10.7,0
CUST103891,Female,58,Married,3,20,Mobile Phone,UPI,Mobile Phone,3,1,4,1,0.22,7,82.0,177.73,23.91,0,9.6,0
CUST104871,Male,40,Married,3,20,Computer,Cash on Delivery,Fashion,3,2,2,1,4.98,3,13.0,132.06,12.78,1,10.3,0
CUST100657,Male,40,Married,3,57,Mobile Phone,Debit Card,Laptop & Accessory,1,3,2,0,0.72,6,67.0,134.46,6.62,0,14.2,0
CUST100393,Female,41,Married,2,22,Mobile Phone,Debit Card,Others,1,3,1,1,3.4,8,73.0,129.54,14.07,1,11.9,0
CUST103393,Male,35,Divorced,1,40,Mobile Phone,Debit Card,Mobile Phone,3,4,6,0,3.01,6,,145.48,0.0,1,9.5,0
CUST100279,Female,61,Divorced,3,26,Computer,UPI,Mobile Phone,4,5,5,0,0.25,3,64.0,192.21,11.02,0,1.0,1
CUST103718,Female,29,Single,2,56,Mobile Phone,UPI,Grocery,2,1,5,1,3.36,3,52.0,165.37,8.72,1,10.6,0
CUST104579,Male,27,Single,1,65,Computer,Debit Card,Fashion,4,3,3,1,1.78,3,28.0,205.36,17.68,1,13.9,0
CUST101075,Male,49,Married,1,35,Mobile Phone,Debit Card,Mobile Phone,3,3,4,0,1.92,4,48.0,98.39,34.51,1,22.6,0
CUST101135,Male,26,Married,3,29,Mobile Phone,Credit Card,Mobile Phone,4,4,7,0,2.56,2,66.0,206.58,7.96,0,8.0,0
CUST101588,Male,64,Married,1,32,Computer,Credit Card,Mobile Phone,3,2,1,0,0.91,6,30.0,136.47,18.62,3,2.2,0
CUST100577,Female,33,Single,2,38,Computer,UPI,Mobile Phone,1,5,1,0,1.41,5,56.0,32.18,9.92,0,6.1,0
CUST102291,Female,51,Single,2,27,Computer,Debit Card,Laptop & Accessory,3,2,5,0,1.2,3,85.0,0.0,18.86,2,21.3,0
CUST101052,Male,66,Divorced,3,51,Computer,UPI,Grocery,2,1,3,0,0.89,4,10.0,122.35,18.82,1,19.1,0
CUST101090,Male,48,Single,2,55,Computer,Credit Card,Fashion,2,3,7,0,3.58,4,6.0,127.5,15.51,0,18.0,0
CUST103411,Male,43,Married,1,60,Mobile Phone,Debit Card,Mobile Phone,3,2,4,1,1.74,1,26.0,143.04,26.04,1,5.5,0
CUST101427,Male,53,Single,1,43,Computer,Debit Card,Mobile Phone,2,3,3,0,2.26,10,66.0,195.12,24.6,0,26.4,0
CUST101049,Male,32,Married,1,17,Mobile Phone,Debit Card,Fashion,4,4,7,0,4.17,2,33.0,195.58,5.97,1,19.7,0
CUST104456,Male,62,Single,1,25,Computer,Debit Card,Mobile Phone,5,4,5,0,1.75,8,28.0,157.69,14.66,2,23.9,0
CUST102518,Female,55,Single,1,15,Mobile Phone,E-wallet,Fashion,5,4,6,0,1.12,3,84.0,196.34,9.38,4,7.6,1
CUST103162,Male,67,Divorced,3,41,Mobile Phone,E-wallet,Mobile Phone,5,2,1,0,5.98,4,47.0,240.11,13.95,1,12.3,0
CUST100008,Male,66,Single,1,70,Computer,UPI,Mobile Phone,5,3,3,0,0.71,2,84.0,80.14,16.28,1,24.2,0
CUST103857,Male,34,Divorced,1,49,Mobile Phone,Debit Card,Mobile Phone,3,4,2,0,0.93,3,3.0,247.9,29.62,1,30.0,0
CUST103515,Female,64,Married,3,64,Mobile Phone,UPI,Mobile Phone,3,5,5,1,3.92,1,86.0,108.01,22.4,3,15.1,0
CUST104069,Male,26,Married,2,66,Computer,Debit Card,Grocery,3,5,4,1,1.21,4,38.0,185.65,7.38,2,16.1,0
CUST100144,Male,29,Single,2,43,Mobile Phone,UPI,Grocery,4,3,3,1,9.92,1,59.0,155.4,24.65,2,24.4,0
CUST101954,Female,36,Married,3,32,Mobile Phone,Debit Card,Others,5,4,3,0,1.22,1,82.0,118.07,0.0,0,23.8,0
CUST100561,Male,67,Divorced,2,54,Computer,Credit Card,Fashion,3,2,1,1,3.55,4,43.0,140.77,17.35,0,18.1,0
CUST103103,Female,30,Single,2,41,Computer,Credit Card,Mobile Phone,5,2,7,0,1.85,1,17.0,140.28,10.13,2,20.7,0
CUST103786,Female,57,Married,2,9,Mobile Phone,Credit Card,Fashion,1,1,3,0,1.39,3,16.0,80.62,20.62,2,8.1,0
CUST104764,Male,50,Single,1,68,Mobile Phone,UPI,Mobile Phone,4,2,5,0,1.76,3,18.0,133.26,25.2,2,20.9,0
CUST100151,Female,29,Divorced,3,70,Mobile Phone,Credit Card,Laptop & Accessory,4,5,5,1,,6,15.0,208.2,16.75,1,20.9,0
CUST100422,Male,63,Married,2,26,Computer,Debit Card,Grocery,2,4,2,1,3.36,3,26.0,98.27,14.77,0,11.7,1
CUST101018,Male,26,Married,1,10,Mobile Phone,Debit Card,Fashion,3,2,2,0,1.11,5,53.0,199.68,17.55,2,13.7,0
CUST102706,Female,38,Married,1,52,Mobile Phone,UPI,Laptop & Accessory,2,3,2,1,2.08,1,46.0,111.87,11.91,1,22.8,0
CUST103375,Male,64,Married,3,43,Mobile Phone,Debit Card,Fashion,3,2,2,0,2.46,5,65.0,196.18,12.27,2,13.0,1
CUST101212,Female,21,Single,1,54,Mobile Phone,Cash on Delivery,Grocery,3,1,4,0,1.7,3,62.0,146.51,30.79,3,24.0,0
CUST103044,Female,36,Married,3,43,Computer,Credit Card,Laptop & Accessory,5,2,4,1,1.7,3,35.0,137.7,5.58,3,25.2,0
CUST100798,Female,22,Single,3,62,Mobile Phone,Debit Card,Fashion,1,4,1,0,0.69,3,37.0,134.58,16.18,1,11.4,0
CUST103163,Female,49,Married,1,25,Mobile Phone,E-wallet,Mobile Phone,2,1,6,0,1.24,7,59.0,83.29,8.05,2,13.6,0
CUST102714,Female,39,Married,1,0,Computer,Credit Card,Fashion,5,4,6,1,7.25,7,1.0,47.87,16.53,0,18.5,0
CUST100414,Male,35,Single,1,47,Mobile Phone,Cash on Delivery,Grocery,3,4,1,0,1.01,4,3.0,91.4,24.1,1,25.2,0
CUST102302,Male,33,Married,3,43,Mobile Phone,UPI,Laptop & Accessory,1,2,5,0,0.8,2,50.0,155.36,20.8,2,11.2,0
CUST104761,Male,36,Married,2,17,Computer,Credit Card,Fashion,4,3,1,1,5.95,6,69.0,177.43,9.27,3,20.7,0
CUST103997,Male,62,Married,2,70,Computer,Cash on Delivery,Others,1,1,5,1,1.63,4,78.0,128.94,26.38,2,16.0,0
CUST100624,Female,68,Single,2,49,Mobile Phone,UPI,Others,5,4,2,0,3.73,3,40.0,76.2,20.59,1,22.0,0
CUST101615,Male,61,Married,1,48,Mobile Phone,Credit Card,Mobile Phone,2,3,4,0,0.95,3,84.0,78.89,13.04,2,19.8,0
CUST100764,Female,64,Single,2,7,Mobile Phone,Cash on Delivery,Fashion,5,5,4,1,2.6,4,17.0,215.39,8.1,2,15.2,0
CUST102680,Female,45,Divorced,3,1,Computer,Credit Card,Fashion,2,3,2,0,1.27,5,6.0,154.2,17.93,0,18.9,0
CUST104263,Female,52,Single,1,69,Mobile Phone,UPI,Grocery,2,3,7,1,,3,44.0,218.44,10.54,0,29.5,0
CUST103532,Male,19,Single,1,15,Mobile Phone,Debit Card,Laptop & Accessory,4,3,5,0,2.18,1,45.0,183.42,3.33,1,15.7,0
CUST100811,Male,55,Married,2,13,Computer,Credit Card,Fashion,1,2,7,0,4.24,2,63.0,128.74,24.23,2,24.0,1
CUST100100,Female,59,Married,3,22,Mobile Phone,Debit Card,Fashion,1,4,6,0,0.97,6,48.0,197.69,25.52,1,7.8,0
CUST102823,Female,57,Married,2,36,Computer,E-wallet,Mobile Phone,5,1,1,0,1.04,4,30.0,152.84,14.6,3,4.8,0
CUST100653,Male,49,Single,1,56,Mobile Phone,Credit Card,Mobile Phone,3,3,4,1,1.6,6,28.0,141.59,9.04,0,8.3,0
CUST100859,Male,49,Divorced,2,49,Mobile Phone,UPI,Fashion,5,5,6,0,0.75,9,38.0,109.89,11.13,1,11.6,0
CUST101612,Female,63,Single,1,32,Mobile Phone,Credit Card,Mobile Phone,2,3,4,0,1.68,4,46.0,95.54,16.09,2,18.1,0
CUST100763,Male,54,Married,3,2,Computer,Credit Card,Laptop & Accessory,1,3,5,0,0.84,6,7.0,200.46,16.04,0,14.6,0
CUST100333,Female,37,,1,55,Mobile Phone,Debit Card,Grocery,4,1,1,1,0.13,4,51.0,116.78,26.58,1,26.8,0
CUST101629,Male,45,Single,2,14,Mobile Phone,Cash on Delivery,Grocery,4,4,4,1,2.23,1,69.0,197.05,23.87,0,6.9,0
CUST104936,Male,66,Single,2,56,Computer,UPI,Others,3,4,1,0,1.13,1,69.0,146.89,13.22,2,18.9,0
CUST104701,Male,19,Married,2,18,Mobile Phone,Debit Card,Others,3,2,4,1,1.34,6,37.0,206.32,14.77,1,37.2,0
CUST100227,Female,66,Married,1,29,Computer,UPI,Fashion,3,1,6,0,0.38,3,83.0,141.07,17.05,0,5.8,0
CUST101945,Female,45,Married,2,29,Computer,Cash on Delivery,Mobile Phone,4,3,3,1,3.0,3,31.0,184.14,8.42,1,12.2,0
CUST101351,Female,64,Married,2,64,Mobile Phone,Debit Card,Fashion,2,1,7,0,4.85,7,29.0,183.1,10.38,1,16.2,0
CUST104342,Female,31,Single,2,16,Computer,Debit Card,Mobile Phone,1,3,1,0,5.37,3,19.0,209.67,12.08,1,12.1,0
CUST102696,Female,44,Single,2,55,Mobile Phone,Credit Card,Grocery,4,5,4,0,2.24,2,19.0,170.69,19.05,1,22.9,0
CUST100765,Male,58,Single,1,23,Computer,Credit Card,Laptop & Accessory,5,4,2,1,1.09,1,45.0,112.55,26.36,1,23.5,0
CUST101973,Male,20,Single,1,67,Mobile Phone,UPI,Laptop & Accessory,3,4,6,1,4.61,3,80.0,175.4,25.43,2,19.8,0
CUST104077,Female,64,Married,1,50,Mobile Phone,UPI,Mobile Phone,4,1,1,0,0.47,2,57.0,137.99,13.0,2,13.5,0
CUST104588,Female,45,Single,2,39,Mobile Phone,UPI,Mobile Phone,1,3,4,0,5.49,1,57.0,178.18,24.04,5,8.6,0
CUST104267,Female,39,Single,3,23,Mobile Phone,E-wallet,Fashion,4,3,2,0,1.16,6,37.0,136.04,14.83,0,17.5,0
CUST103994,Male,45,Single,1,43,Computer,Credit Card,Laptop & Accessory,4,5,4,0,1.08,4,30.0,174.47,25.52,1,19.6,0
CUST103316,Female,46,Single,1,20,Mobile Phone,UPI,Others,2,3,6,0,1.09,3,25.0,8.69,15.27,0,18.6,0
CUST103295,Female,19,Divorced,1,32,Computer,Cash on Delivery,Fashion,2,4,3,0,4.53,5,19.0,107.1,21.42,1,1.0,0
CUST102763,Male,63,Single,2,67,Mobile Phone,Cash on Delivery,Laptop & Accessory,1,5,2,0,2.5,4,6.0,81.47,10.82,0,16.1,0
CUST103536,Male,43,Single,2,35,Mobile Phone,Credit Card,Mobile Phone,3,2,3,1,0.57,7,15.0,210.91,5.33,0,19.8,0
CUST101231,Female,29,Married,3,67,Mobile Phone,Credit Card,Grocery,2,1,6,1,2.48,4,20.0,288.6,0.0,2,1.0,0
CUST103628,Female,55,Single,3,55,Mobile Phone,Credit Card,Mobile Phone,2,2,4,0,4.15,6,21.0,264.45,0.76,0,4.7,0
CUST103213,Female,63,Single,1,14,Mobile Phone,Debit Card,Mobile Phone,1,2,1,0,4.37,3,8.0,112.5,21.67,0,18.2,0
CUST102622,Male,34,Married,3,27,Mobile Phone,UPI,Mobile Phone,2,5,3,1,2.14,2,6.0,167.51,1.51,0,4.6,0
CUST104198,Male,58,Married,3,39,Mobile Phone,UPI,Fashion,2,1,4,0,0.72,3,6.0,145.43,22.57,2,14.9,0
CUST100373,Male,19,Single,1,35,Mobile Phone,Credit Card,Grocery,4,2,7,1,1.16,3,42.0,181.19,15.59,2,28.1,0
CUST103161,Female,60,Married,1,33,Mobile Phone,Debit Card,Mobile Phone,2,1,6,0,2.88,1,16.0,39.94,6.09,0,10.9,0
CUST104878,Male,39,Single,1,27,Computer,Debit Card,Mobile Phone,2,5,5,0,0.99,3,5.0,110.03,11.52,0,25.0,0
CUST104726,Female,36,Married,2,30,Mobile Phone,Credit Card,Mobile Phone,2,4,7,1,4.49,2,36.0,116.47,7.39,4,10.3,0
CUST102788,Female,37,Married,3,14,Computer,Debit Card,Grocery,3,2,4,1,1.35,1,66.0,66.59,23.66,0,7.2,1
CUST100033,Male,44,Single,1,62,Mobile Phone,Debit Card,Mobile Phone,3,5,4,0,3.67,2,74.0,212.45,15.55,1,28.1,0
CUST104096,Female,39,Married,3,31,Computer,Credit Card,Mobile Phone,2,4,1,0,2.54,1,78.0,,24.53,1,16.5,1
CUST102312,Male,46,Single,1,10,Mobile Phone,Cash on Delivery,Laptop & Accessory,4,2,3,1,1.92,5,6.0,196.8,11.28,1,13.9,0
CUST102407,Male,27,Single,1,24,Computer,Credit Card,Fashion,2,5,1,0,2.55,2,42.0,106.98,14.07,1,11.3,0
CUST100926,Male,57,Married,2,64,Mobile Phone,UPI,Grocery,1,2,6,0,1.31,6,51.0,109.02,27.19,1,22.1,0
CUST102138,Female,48,Married,3,14,Computer,Credit Card,Fashion,1,3,3,1,2.6,2,66.0,166.47,22.47,1,8.7,1
CUST101773,Female,31,Single,2,70,Mobile Phone,Debit Card,Fashion,4,2,7,1,2.82,3,5.0,198.32,,1,5.3,0
CUST102699,Female,53,Married,2,70,Computer,Cash on Delivery,Mobile Phone,4,4,6,0,13.81,3,79.0,143.9,6.09,3,6.7,0
CUST101551,Male,19,Married,3,26,Computer,UPI,Laptop & Accessory,4,5,1,0,3.01,3,64.0,174.38,8.16,0,13.4,1
CUST101305,Female,48,Married,2,41,Mobile Phone,UPI,Fashion,3,4,4,1,2.42,3,42.0,103.35,14.45,1,7.0,0
CUST102072,Male,41,Single,1,58,Computer,UPI,Others,1,2,7,1,2.54,5,41.0,79.31,28.16,1,23.3,0
CUST102726,Female,40,Single,3,28,Mobile Phone,E-wallet,Mobile Phone,4,2,4,0,0.17,6,40.0,94.7,31.32,0,9.9,0
CUST102422,Female,43,Single,2,33,Mobile Phone,Debit Card,Grocery,1,4,1,0,1.16,2,12.0,147.25,14.99,2,15.2,0
CUST103664,Male,24,Single,3,70,Mobile Phone,UPI,Laptop & Accessory,2,1,4,0,1.11,2,,155.05,7.85,2,5.9,0
CUST102815,Female,28,Married,1,58,Mobile Phone,Credit Card,Fashion,1,4,2,1,2.81,5,54.0,0.0,25.19,2,1.0,0
CUST104688,Female,36,Single,3,37,Computer,UPI,Mobile Phone,1,3,3,1,1.9,4,26.0,194.09,,2,11.3,0
CUST100810,Male,38,Married,1,25,Computer,Credit Card,Grocery,3,1,1,0,2.32,6,13.0,233.79,29.88,3,1.0,0
CUST101362,Female,45,Married,3,69,Computer,Debit Card,Laptop & Accessory,2,3,1,0,4.8,3,28.0,219.88,9.96,0,11.7,0
CUST100230,Male,19,Married,2,62,Mobile Phone,E-wallet,Others,3,4,5,1,4.38,1,67.0,150.25,13.81,1,22.5,0
CUST103427,Female,50,Divorced,2,7,Mobile Phone,E-wallet,Grocery,5,5,5,0,2.2,1,22.0,245.92,17.61,3,28.0,0
CUST104212,Male,67,Divorced,1,31,Mobile Phone,Debit Card,Fashion,5,3,2,0,0.31,1,42.0,143.54,,3,9.3,0
CUST102470,Male,23,Divorced,2,5,Mobile Phone,Credit Card,Grocery,2,5,7,0,3.11,2,18.0,183.93,21.03,2,13.3,0
CUST100491,Female,51,Single,2,41,Mobile Phone,UPI,Fashion,2,3,6,0,7.66,2,35.0,149.2,23.13,2,25.2,0
CUST103323,Female,63,Single,3,62,Mobile Phone,Cash on Delivery,Mobile Phone,5,5,2,0,2.15,2,48.0,131.65,18.45,5,11.5,0
CUST100996,Female,29,Divorced,1,14,Computer,UPI,Laptop & Accessory,2,4,7,0,1.72,2,80.0,94.41,15.99,0,9.9,0
CUST100776,Female,38,Single,3,19,Mobile Phone,Cash on Delivery,Laptop & Accessory,3,5,5,0,5.59,1,31.0,135.87,16.42,2,13.5,0
CUST104247,Male,63,Married,2,53,Computer,Debit Card,Mobile Phone,4,5,7,0,2.9,1,28.0,80.94,18.23,0,11.5,0
CUST104166,Male,63,Married,2,37,Computer,Credit Card,Grocery,5,4,3,0,7.07,3,36.0,,12.39,2,20.1,0
CUST102091,Female,38,Divorced,1,36,Computer,UPI,Grocery,5,4,1,1,2.43,4,26.0,170.08,19.15,0,23.1,0
CUST101293,Male,48,Married,2,18,Mobile Phone,Credit Card,Mobile Phone,3,5,1,1,4.89,3,11.0,244.42,20.32,2,11.4,1
CUST103046,Male,64,Single,2,31,Mobile Phone,Cash on Delivery,Laptop & Accessory,1,5,7,0,1.49,3,3.0,246.32,32.77,1,22.2,0
CUST104919,Male,51,Divorced,2,24,Mobile Phone,Debit Card,Laptop & Accessory,1,3,5,0,1.01,1,81.0,107.15,17.95,1,1.8,0
CUST104957,Male,40,Single,1,7,Mobile Phone,UPI,Laptop & Accessory,3,4,7,0,1.9,2,66.0,111.51,12.1,4,20.4,1
CUST103707,Female,39,Single,2,52,Mobile Phone,Debit Card,Mobile Phone,2,3,7,0,3.07,3,21.0,251.57,3.51,5,13.7,0
CUST100711,Female,66,Single,2,57,Mobile Phone,Credit Card,Mobile Phone,2,5,2,1,0.75,4,4.0,165.51,17.7,2,11.4,0
CUST100497,Female,23,Single,2,20,Computer,E-wallet,Grocery,1,5,1,1,0.79,5,42.0,242.38,12.72,1,8.8,0
CUST101831,Female,48,Married,1,59,Computer,UPI,Others,2,3,2,0,2.49,2,42.0,229.09,15.04,2,19.6,1
CUST104713,Female,54,Single,1,47,Computer,Debit Card,Grocery,2,5,4,0,3.67,4,56.0,160.94,17.17,4,18.1,0
CUST102220,Male,50,Married,2,18,Mobile Phone,Credit Card,Grocery,1,4,5,0,0.91,4,85.0,252.21,26.02,0,27.8,1
CUST103396,Male,43,Married,1,19,Mobile Phone,Credit Card,Grocery,3,1,6,1,2.78,8,84.0,138.38,14.34,1,8.5,1
CUST100589,Male,57,Married,2,45,Mobile Phone,Credit Card,Grocery,5,3,3,1,3.06,1,61.0,146.62,,1,32.0,0
CUST101526,Male,35,Single,1,30,Mobile Phone,Credit Card,Mobile Phone,5,5,5,0,1.49,1,66.0,107.7,18.33,2,18.7,0
CUST104165,Male,59,Married,1,16,Mobile Phone,Credit Card,Mobile Phone,5,1,7,0,5.44,4,20.0,68.78,22.01,2,21.1,0
CUST102110,Male,36,Married,2,57,Mobile Phone,Cash on Delivery,Laptop & Accessory,2,4,1,0,0.76,5,15.0,179.11,19.4,1,1.0,0
CUST104333,Male,55,Single,1,69,Mobile Phone,UPI,Mobile Phone,3,4,2,1,4.95,6,67.0,52.72,17.09,1,21.7,0
CUST104629,Male,34,Married,2,69,Mobile Phone,Cash on Delivery,Mobile Phone,1,3,7,0,3.92,4,2.0,226.56,12.06,0,16.4,0
CUST104612,Female,19,Married,1,36,Mobile Phone,Debit Card,Fashion,1,5,7,0,5.3,3,44.0,110.95,13.7,1,1.0,0
CUST102651,Male,27,Married,3,63,Mobile Phone,Cash on Delivery,Mobile Phone,2,1,2,0,3.25,5,53.0,154.07,8.44,1,5.8,0
CUST101108,Female,29,Married,2,55,Mobile Phone,UPI,Laptop & Accessory,2,1,6,0,2.35,4,14.0,202.81,5.72,0,28.2,0
CUST100149,Male,69,Divorced,2,0,Computer,Debit Card,Fashion,4,2,2,0,5.78,4,29.0,152.53,12.56,1,10.6,0
CUST104566,Female,58,Divorced,2,52,Mobile Phone,UPI,Grocery,5,2,3,0,0.91,5,33.0,147.07,11.28,3,11.4,0
CUST104873,Female,22,Single,2,20,Mobile Phone,Credit Card,Mobile Phone,1,4,4,0,1.3,8,54.0,42.38,20.89,0,10.6,0
CUST103361,Male,52,Married,1,30,Computer,Debit Card,Mobile Phone,5,2,4,0,1.94,4,81.0,74.61,16.84,1,10.1,1
CUST100012,Female,51,Married,1,26,Mobile Phone,Cash on Delivery,Grocery,4,5,2,1,5.35,3,56.0,158.39,10.09,2,19.2,0
CUST103571,Male,44,Married,1,7,Computer,Credit Card,Fashion,2,4,3,1,1.16,6,15.0,150.49,0.0,2,4.7,0
CUST103269,Male,59,Married,3,1,Computer,E-wallet,Mobile Phone,1,5,1,0,0.9,2,43.0,134.75,0.0,0,19.6,0
CUST101514,Female,56,Single,1,43,Mobile Phone,E-wallet,Mobile Phone,2,2,3,0,2.12,4,,96.9,0.0,2,9.7,0
CUST101784,Male,34,Married,2,26,Computer,Debit Card,Grocery,2,3,6,0,6.12,5,61.0,81.11,7.62,1,8.4,0
CUST103710,Female,19,Married,1,12,Computer,Credit Card,Laptop & Accessory,5,1,2,0,2.16,3,10.0,124.98,0.0,0,20.7,0
CUST100731,Male,67,Married,1,33,Mobile Phone,Cash on Delivery,Mobile Phone,1,3,1,1,5.36,3,38.0,51.63,26.85,3,14.1,0
CUST100751,Male,53,Married,1,8,Computer,Credit Card,Mobile Phone,3,2,3,1,,3,62.0,123.0,19.36,1,8.2,0
CUST104940,Female,35,Divorced,2,62,Computer,Credit Card,Fashion,4,2,7,0,1.15,1,62.0,144.17,17.76,1,1.0,0
CUST101321,Male,39,Married,1,28,Mobile Phone,Debit Card,Grocery,3,4,5,0,5.29,5,36.0,139.22,19.74,0,3.2,0
CUST103992,Male,63,Married,2,56,Computer,Debit Card,Fashion,1,4,3,1,0.88,1,11.0,190.34,17.49,1,17.6,1
CUST101859,Male,20,Married,2,42,Computer,UPI,Others,5,2,6,0,1.37,3,24.0,178.44,4.51,1,5.8,0
CUST103559,Male,55,Married,2,66,Mobile Phone,Cash on Delivery,Grocery,3,4,3,0,5.2,4,89.0,,0.0,1,8.4,0
CUST102887,Female,60,Married,1,55,Mobile Phone,Credit Card,Mobile Phone,4,4,6,0,0.5,6,10.0,102.86,1.48,1,1.0,0
CUST101126,Male,31,Married,1,45,Computer,UPI,Mobile Phone,5,1,2,0,2.26,3,4.0,146.51,8.41,2,13.5,0
CUST104447,Male,25,Single,2,26,Computer,Cash on Delivery,Mobile Phone,3,4,2,0,0.72,4,45.0,181.53,29.42,3,17.4,0
CUST102127,Male,38,Married,2,17,Mobile Phone,Credit Card,Mobile Phone,3,3,1,0,3.22,5,1.0,19.98,16.96,2,14.1,0
CUST104929,Male,67,Divorced,2,1,Mobile Phone,Cash on Delivery,Mobile Phone,1,2,7,0,2.52,5,56.0,167.24,18.72,2,23.3,0
CUST101210,Female,40,Married,2,35,Computer,UPI,Others,3,4,3,0,2.0,2,24.0,171.83,11.84,1,14.0,1
CUST102225,Male,31,Single,1,46,Mobile Phone,Credit Card,Laptop & Accessory,3,4,1,1,3.06,2,2.0,204.19,13.8,0,3.0,0
CUST101886,Male,37,Married,3,33,Computer,Debit Card,Mobile Phone,4,3,6,0,2.34,6,25.0,240.86,22.16,2,18.0,0
CUST102042,Female,44,Single,3,17,Mobile Phone,Debit Card,Grocery,1,2,3,0,0.74,1,38.0,185.87,12.38,3,20.4,0
CUST100586,Male,38,Single,2,57,Mobile Phone,Credit Card,Fashion,4,3,5,1,0.48,5,33.0,82.47,9.64,1,29.2,0
CUST104643,Male,19,Single,2,65,Mobile Phone,UPI,Fashion,1,3,3,1,3.05,3,36.0,132.4,31.8,4,18.2,0
CUST102825,Female,40,Married,3,44,Computer,Credit Card,Fashion,3,5,4,1,2.73,4,65.0,193.68,15.59,1,26.0,1
CUST104183,Male,47,Married,1,7,Computer,UPI,Grocery,4,1,1,0,2.55,1,53.0,150.27,19.38,1,13.7,0
CUST102339,Male,54,Single,2,64,Mobile Phone,Credit Card,Laptop & Accessory,1,4,2,0,4.26,3,89.0,109.71,18.79,1,14.5,0
CUST100132,Female,69,Married,2,67,Computer,Debit Card,Mobile Phone,4,4,4,1,1.0,2,59.0,104.45,6.44,2,28.9,0
CUST101181,Male,40,Married,1,24,Mobile Phone,Credit Card,Fashion,5,1,7,0,5.54,7,35.0,62.4,26.29,1,7.8,0
CUST101740,Male,49,Married,2,23,Mobile Phone,Debit Card,Laptop & Accessory,3,2,5,0,3.05,2,79.0,262.27,18.85,3,23.1,0
CUST100977,Male,39,Married,1,47,Mobile Phone,Debit Card,Laptop & Accessory,1,4,4,0,2.54,1,36.0,130.04,15.01,0,16.8,0
CUST100677,Male,61,Single,3,53,Mobile Phone,UPI,Others,2,4,6,0,2.66,1,38.0,141.97,15.92,1,18.4,0
CUST104378,Female,47,Married,3,0,Mobile Phone,E-wallet,Laptop & Accessory,3,1,7,0,0.87,3,55.0,97.66,27.18,1,21.0,0
CUST104707,Male,47,Married,1,11,Mobile Phone,Debit Card,Mobile Phone,4,1,4,0,1.9,3,11.0,207.56,19.92,1,12.3,0
CUST101117,Female,52,Divorced,1,51,Mobile Phone,Credit Card,Laptop & Accessory,3,4,3,0,4.88,1,,154.17,21.5,3,21.5,0
CUST100287,Male,66,Single,3,50,Computer,Cash on Delivery,Fashion,3,1,4,0,2.17,6,18.0,141.17,5.88,0,13.9,0
CUST101413,Female,65,Divorced,2,28,Mobile Phone,E-wallet,Laptop & Accessory,4,1,1,0,0.64,5,60.0,193.95,0.0,2,13.0,0
CUST103135,Female,44,Single,3,42,Mobile Phone,Cash on Delivery,Laptop & Accessory,3,5,1,1,2.61,3,75.0,150.05,21.49,2,18.4,0
CUST103685,Male,55,Single,1,60,Mobile Phone,Credit Card,Fashion,1,5,4,0,2.25,2,22.0,66.19,15.87,3,24.6,0
CUST104192,Female,50,Single,2,16,Mobile Phone,UPI,Mobile Phone,5,5,4,1,4.36,4,12.0,116.05,20.8,2,14.5,0
CUST101323,Female,18,Married,3,39,Mobile Phone,Credit Card,Others,5,5,2,0,0.49,7,38.0,124.95,27.42,2,2.9,0
CUST104730,Male,25,Married,2,67,Computer,UPI,Laptop & Accessory,5,5,1,0,2.38,2,86.0,231.09,10.79,0,21.6,0
CUST103865,Male,47,Single,1,42,Computer,UPI,Laptop & Accessory,5,1,2,0,2.35,3,21.0,154.78,9.81,0,13.9,0
CUST101943,Male,20,Divorced,1,57,Mobile Phone,Debit Card,Laptop & Accessory,5,3,3,0,5.18,5,42.0,189.95,24.85,2,27.7,1
CUST104293,Female,35,Single,3,30,Mobile Phone,Credit Card,Laptop & Accessory,5,4,2,0,4.44,7,29.0,193.39,16.86,0,13.7,0
CUST104214,Female,69,Married,1,11,Mobile Phone,Credit Card,Mobile Phone,1,1,7,1,1.79,0,,44.08,15.03,3,11.7,1
CUST100842,Female,69,Single,1,48,Mobile Phone,Cash on Delivery,Grocery,1,3,7,1,2.87,2,26.0,99.28,0.95,1,1.0,0
CUST103496,Female,58,Single,1,28,Mobile Phone,UPI,Laptop & Accessory,1,1,6,0,1.09,8,42.0,114.14,13.95,2,24.8,0
CUST101292,Female,58,Single,1,66,Mobile Phone,Credit Card,Mobile Phone,2,2,2,0,0.56,2,68.0,63.47,9.86,1,15.1,0
CUST102692,Female,68,Divorced,3,49,Computer,Credit Card,Laptop & Accessory,3,2,3,0,0.87,4,57.0,294.6,15.91,0,23.4,0
CUST104543,Male,65,Married,3,53,Mobile Phone,Cash on Delivery,Mobile Phone,3,1,4,0,3.12,1,34.0,33.91,21.39,2,12.0,0
CUST101765,Male,58,Divorced,1,7,Mobile Phone,UPI,Fashion,2,4,1,1,0.85,4,46.0,93.73,3.51,0,18.2,0
CUST104893,Male,51,Married,3,58,Computer,UPI,Mobile Phone,3,4,2,1,1.96,3,6.0,92.4,23.95,0,16.7,0
CUST104650,Female,46,Single,2,33,Computer,Debit Card,Others,2,5,3,0,0.74,1,62.0,161.86,20.08,2,18.0,1
CUST103890,Male,58,Single,3,28,Mobile Phone,UPI,Laptop & Accessory,1,4,6,0,6.58,3,13.0,170.91,4.89,2,25.8,1
CUST102581,Female,55,Divorced,1,63,Computer,UPI,Fashion,1,3,5,1,1.37,3,17.0,189.07,15.68,3,16.6,0
CUST100681,Male,35,Single,3,63,Computer,Credit Card,Mobile Phone,4,4,6,0,0.48,2,52.0,209.33,20.11,0,17.9,0
CUST103973,Male,49,Single,2,46,Mobile Phone,Credit Card,Fashion,2,2,5,1,3.39,1,88.0,207.32,18.43,3,11.5,0
CUST101417,Female,20,,2,45,Computer,Credit Card,Mobile Phone,1,2,6,0,4.56,7,44.0,97.75,22.46,3,14.7,0
CUST102121,Male,51,Single,2,21,Computer,UPI,Mobile Phone,3,5,4,0,2.08,5,75.0,142.6,0.0,1,14.8,1
CUST104601,Female,41,Divorced,3,3,Mobile Phone,Debit Card,Others,4,3,2,1,1.02,2,73.0,175.29,20.72,1,27.0,0
CUST102629,Male,53,Married,2,68,Mobile Phone,Debit Card,Grocery,1,5,4,0,,6,32.0,142.37,22.06,1,9.3,0
CUST102024,Male,65,Single,2,56,Mobile Phone,Cash on Delivery,Mobile Phone,2,2,2,0,1.48,6,26.0,245.24,15.99,2,12.3,0
CUST103282,Male,54,Divorced,3,2,Mobile Phone,Credit Card,Mobile Phone,2,3,7,0,2.67,3,2.0,164.82,,1,19.7,0
CUST102223,Male,37,Single,2,52,Mobile Phone,UPI,Others,5,4,2,0,3.81,1,54.0,150.25,13.88,1,10.4,0
CUST100969,Male,63,Married,2,55,Mobile Phone,E-wallet,Mobile Phone,4,1,4,1,0.65,3,56.0,85.93,23.02,2,10.0,0
CUST100044,Female,45,Married,1,2,Mobile Phone,Credit Card,Laptop & Accessory,5,4,4,1,6.93,2,85.0,157.06,32.82,1,27.9,1
CUST104516,Male,64,Single,2,61,Computer,Debit Card,Others,5,4,2,0,1.83,4,16.0,167.58,16.49,1,20.5,0
CUST104885,Female,55,Single,2,56,Mobile Phone,E-wallet,Grocery,1,2,5,0,,3,41.0,161.13,14.23,0,22.6,0
CUST104678,Male,52,Married,1,36,Mobile Phone,UPI,Laptop & Accessory,2,4,2,0,1.4,0,0.0,209.64,17.12,2,2.4,0
CUST104083,Male,28,Single,1,68,Mobile Phone,Cash on Delivery,Laptop & Accessory,2,1,3,0,0.49,2,79.0,216.5,26.81,3,5.8,1
CUST102686,Male,35,Single,2,64,Mobile Phone,Cash on Delivery,Laptop & Accessory,3,1,7,1,0.65,1,33.0,232.04,14.18,2,17.5,0
CUST102445,Female,47,Single,1,52,Mobile Phone,Cash on Delivery,Laptop & Accessory,1,1,5,0,2.23,2,74.0,97.91,11.57,0,18.1,0
CUST100555,Male,55,Married,3,62,Mobile Phone,UPI,Fashion,2,1,5,1,1.82,0,25.0,216.83,30.2,0,4.9,0
CUST102057,Male,66,Divorced,3,53,Computer,Credit Card,Mobile Phone,2,2,5,0,3.35,3,30.0,176.23,6.11,0,21.2,0
CUST100429,Female,39,Married,2,19,Mobile Phone,Debit Card,Mobile Phone,2,1,5,0,4.86,1,38.0,80.62,16.02,2,18.4,0
CUST104603,Female,52,,3,43,Mobile Phone,UPI,Laptop & Accessory,3,5,7,0,1.49,3,34.0,178.09,16.73,1,13.2,0
CUST103565,Female,50,Married,2,34,Mobile Phone,Debit Card,Grocery,1,1,4,0,,2,26.0,111.53,30.75,2,26.8,0
CUST104272,Female,47,Married,3,71,Mobile Phone,Credit Card,Others,2,4,2,1,8.57,5,59.0,242.19,17.05,2,24.6,0
CUST103018,Male,64,Married,1,47,Mobile Phone,Credit Card,Mobile Phone,3,1,4,0,2.67,2,17.0,86.28,11.49,1,2.0,0
CUST103540,Female,20,Married,1,18,Computer,Credit Card,Others,5,2,1,0,5.8,1,35.0,259.59,7.77,2,14.8,0
CUST104145,Male,33,Married,3,30,Computer,UPI,Fashion,2,2,7,0,4.83,2,9.0,280.24,16.02,2,7.5,0
CUST103113,Female,62,Single,1,45,Mobile Phone,UPI,Mobile Phone,1,1,7,0,2.6,3,37.0,112.24,4.99,3,1.0,0
CUST104375,Male,34,Married,2,62,Mobile Phone,Debit Card,Fashion,4,2,6,1,2.37,3,69.0,144.19,4.9,4,22.6,0
CUST100290,Female,34,Married,1,6,Computer,UPI,Mobile Phone,3,1,7,0,,4,54.0,314.01,17.57,2,22.7,0
CUST103803,Male,45,Single,2,47,Mobile Phone,Cash on Delivery,Mobile Phone,1,5,4,0,1.64,4,82.0,108.25,0.0,1,17.8,0
CUST102146,Male,19,Married,2,36,Computer,E-wallet,Grocery,2,1,3,0,3.54,6,34.0,137.06,22.17,0,37.4,0
CUST100252,Male,51,Married,3,12,Mobile Phone,Cash on Delivery,Laptop & Accessory,3,2,3,0,1.77,4,18.0,190.37,24.92,0,10.7,0
CUST104350,Male,25,,1,40,Computer,Debit Card,Fashion,4,5,4,0,0.79,4,82.0,179.43,12.79,1,20.1,0
CUST100350,Female,64,Single,1,3,Computer,Credit Card,Laptop & Accessory,3,2,1,0,2.12,0,70.0,65.13,17.75,0,4.5,0
CUST104806,Male,56,Single,2,64,Mobile Phone,Credit Card,Grocery,1,5,5,0,1.02,3,42.0,245.16,11.19,1,25.2,0
CUST102527,Female,54,Married,1,47,Mobile Phone,Cash on Delivery,Mobile Phone,1,1,1,0,0.66,2,58.0,146.61,19.46,1,18.2,0
CUST104224,Male,54,Single,2,63,Computer,UPI,Others,1,1,2,0,0.62,4,78.0,130.24,11.92,3,28.0,1
CUST100471,Male,50,Single,2,28,Computer,Debit Card,Others,1,5,7,0,1.72,1,43.0,217.25,28.95,1,27.3,0
CUST100090,Male,25,Single,2,65,Computer,Debit Card,Fashion,4,3,7,0,1.77,3,62.0,151.03,12.26,1,9.2,0
CUST101738,Female,29,Married,1,22,Mobile Phone,E-wallet,Others,3,3,6,0,3.01,2,22.0,121.03,6.73,1,3.8,0
CUST101436,Male,24,Married,1,8,Mobile Phone,Credit Card,Mobile Phone,2,5,1,0,0.97,4,7.0,77.99,10.73,2,16.8,0
CUST100691,Female,21,Single,2,19,Mobile Phone,Debit Card,Grocery,4,2,1,0,2.83,2,76.0,198.47,14.86,3,11.4,1
CUST104886,Male,56,Single,2,22,Computer,Credit Card,Laptop & Accessory,2,4,1,1,4.9,5,80.0,207.83,10.93,4,11.3,0
CUST100026,Male,68,Single,3,48,Mobile Phone,Cash on Delivery,Fashion,3,2,7,0,0.78,2,67.0,107.14,11.16,0,3.8,1
CUST102292,Female,38,Divorced,1,45,Mobile Phone,Credit Card,Mobile Phone,2,4,6,1,6.31,2,74.0,176.58,19.2,2,7.1,0
CUST103641,Male,52,Single,2,53,Computer,Credit Card,Fashion,3,2,3,0,0.26,3,38.0,175.75,12.51,1,26.4,0
CUST103708,Male,35,Married,3,17,Computer,Credit Card,Laptop & Accessory,4,5,4,0,1.17,2,89.0,193.18,22.07,3,30.2,0
CUST100501,Female,42,Divorced,1,61,Mobile Phone,Cash on Delivery,Laptop & Accessory,1,4,3,1,4.29,2,89.0,150.17,10.5,0,6.8,1
CUST104591,Male,69,Divorced,3,43,Mobile Phone,Debit Card,Others,4,5,5,1,1.2,3,60.0,136.28,0.0,1,18.6,0
CUST101606,Female,56,Divorced,2,41,Mobile Phone,Credit Card,Laptop & Accessory,5,4,6,1,1.53,7,39.0,121.33,22.69,3,23.9,0
CUST102098,Male,40,Married,3,53,Computer,E-wallet,Laptop & Accessory,5,2,6,0,3.49,2,6.0,175.95,3.99,1,21.4,0
CUST104606,Female,66,Divorced,1,4,Computer,Debit Card,Mobile Phone,5,4,5,0,1.65,0,45.0,100.1,0.0,1,11.6,0
CUST102977,Female,19,Divorced,2,2,Mobile Phone,UPI,Laptop & Accessory,4,2,3,0,1.75,2,32.0,137.04,20.23,0,2.9,0
CUST104032,Female,44,Married,1,59,Computer,Cash on Delivery,Mobile Phone,3,2,5,1,3.67,1,25.0,124.69,30.99,3,17.7,0
CUST101419,Female,50,Single,3,69,Computer,Credit Card,Mobile Phone,2,5,5,0,1.11,3,52.0,,20.27,0,21.6,0
CUST100254,Male,24,Single,2,38,Mobile Phone,Debit Card,Laptop & Accessory,1,5,6,0,0.66,7,11.0,175.0,5.4,1,15.9,0
CUST101897,Male,37,Divorced,1,7,Computer,Credit Card,Mobile Phone,2,2,2,0,2.43,0,77.0,61.73,17.5,2,11.7,1
CUST103403,Female,50,Single,2,69,Computer,Debit Card,Grocery,2,3,7,1,0.84,5,58.0,185.91,23.16,2,14.5,0
CUST101978,Female,67,Divorced,1,8,Mobile Phone,Debit Card,Mobile Phone,3,5,7,0,2.42,5,82.0,161.17,13.16,0,13.9,0
CUST104324,Male,26,Divorced,2,42,Mobile Phone,E-wallet,Fashion,2,2,3,1,1.56,4,64.0,220.04,1.16,2,7.4,0
CUST102526,Female,41,Divorced,2,10,Computer,UPI,Laptop & Accessory,4,1,6,0,0.32,3,12.0,218.79,16.72,0,27.5,0
CUST101272,Male,44,Single,3,21,Computer,Debit Card,Others,1,3,6,1,0.58,6,22.0,166.0,22.63,2,20.6,0
CUST101451,Female,63,Married,3,9,Mobile Phone,E-wallet,Fashion,3,3,6,0,3.89,3,25.0,155.29,21.63,2,25.2,0
CUST101261,Male,39,Married,3,46,Mobile Phone,UPI,Mobile Phone,5,3,7,0,,4,0.0,165.15,8.27,1,10.0,0
CUST104898,Female,35,Single,1,14,Mobile Phone,UPI,Mobile Phone,4,4,4,0,1.45,4,45.0,185.89,14.27,2,33.9,0
CUST104662,Male,22,Married,3,13,Mobile Phone,Credit Card,Mobile Phone,3,2,7,0,5.16,4,29.0,179.32,27.7,0,26.5,1
CUST100315,Male,48,Married,3,55,Mobile Phone,Debit Card,Others,1,1,1,0,0.38,2,64.0,255.8,12.07,2,13.1,0
CUST102157,Male,21,Divorced,2,44,Mobile Phone,Credit Card,Laptop & Accessory,1,4,3,1,2.15,2,22.0,161.5,28.36,0,3.6,0
CUST101094,Female,54,Divorced,1,16,Mobile Phone,Cash on Delivery,Grocery,1,3,3,0,3.47,2,50.0,108.69,8.17,2,15.7,0
CUST104910,Male,32,Single,1,44,Mobile Phone,Credit Card,Mobile Phone,4,2,1,0,4.89,4,56.0,229.16,19.19,2,16.8,0
CUST101115,Male,35,Single,2,21,Mobile Phone,Debit Card,Mobile Phone,5,1,6,0,1.01,3,3.0,67.9,19.17,8,23.1,0
CUST103610,Female,32,Married,3,56,Computer,Credit Card,Fashion,3,1,2,0,1.12,6,59.0,151.19,26.51,4,8.5,1
CUST103137,Male,50,Divorced,1,48,Mobile Phone,Credit Card,Mobile Phone,3,4,5,0,0.64,6,47.0,173.15,20.25,1,12.9,0
CUST100069,Male,49,Married,1,24,Mobile Phone,Credit Card,Mobile Phone,5,4,5,0,2.42,5,61.0,183.06,16.87,1,22.8,0
CUST103263,Male,21,Married,1,52,Mobile Phone,UPI,Laptop & Accessory,3,1,3,0,3.21,6,2.0,154.75,14.35,1,13.1,0
CUST104048,Male,48,Single,2,69,Mobile Phone,Cash on Delivery,Laptop & Accessory,5,4,3,0,,5,75.0,132.01,12.11,2,26.8,0
CUST101658,Male,44,Married,1,55,Mobile Phone,E-wallet,Laptop & Accessory,3,2,3,1,0.53,0,30.0,27.85,9.63,1,11.2,0
CUST104621,Female,38,Married,2,22,Mobile Phone,Credit Card,Fashion,2,1,2,0,2.51,2,41.0,249.13,17.97,1,15.6,0
CUST103049,Male,35,Married,1,52,Mobile Phone,E-wallet,Fashion,4,4,1,0,0.45,2,66.0,122.12,12.24,3,17.6,0
CUST103127,Male,67,Single,2,56,Mobile Phone,Debit Card,Mobile Phone,2,1,3,0,,1,72.0,65.51,37.5,0,20.3,0
CUST103873,Male,65,Married,3,20,Mobile Phone,Debit Card,Laptop & Accessory,2,1,5,0,3.01,4,54.0,202.06,13.21,1,22.8,1
CUST103728,Female,42,Married,1,2,Mobile Phone,Cash on Delivery,Grocery,3,5,5,0,1.9,1,71.0,137.51,11.68,3,14.6,1
CUST101499,Female,68,Single,1,3,Mobile Phone,UPI,Fashion,4,1,7,0,2.9,4,24.0,116.94,14.68,0,5.6,0
CUST102650,Female,37,Single,1,42,Computer,Debit Card,Fashion,4,3,7,0,2.18,3,71.0,153.36,18.16,0,10.9,0
CUST103654,Male,51,Married,1,69,Computer,Cash on Delivery,Mobile Phone,4,1,7,1,0.15,2,40.0,227.68,9.57,2,14.5,0
CUST101344,Female,53,Married,2,16,Computer,UPI,Laptop & Accessory,1,3,1,0,3.11,4,84.0,162.16,19.77,3,12.6,0
CUST102880,Male,56,Single,1,47,Mobile Phone,E-wallet,Mobile Phone,1,4,1,0,1.93,5,5.0,201.0,11.07,4,11.9,0
CUST101101,Male,32,Married,1,28,Mobile Phone,Cash on Delivery,Mobile Phone,2,3,6,0,1.0,6,48.0,153.57,9.05,2,14.6,0
CUST100387,Female,53,Single,2,16,Mobile Phone,Cash on Delivery,Fashion,2,5,5,0,2.17,4,89.0,218.66,15.93,1,22.1,1
CUST104990,Male,52,Married,3,69,Computer,Debit Card,Fashion,1,4,2,0,1.56,2,12.0,184.6,24.37,1,16.8,0
CUST102895,Male,42,Divorced,2,52,Mobile Phone,UPI,Laptop & Accessory,4,2,5,0,2.85,7,70.0,236.76,0.0,1,5.8,0
CUST103247,Female,40,Married,1,25,Computer,Credit Card,Others,5,2,4,1,,4,75.0,134.51,25.97,0,3.4,0
CUST103601,Male,39,Single,1,56,Computer,UPI,Others,5,5,1,1,1.72,1,83.0,178.34,19.46,3,15.5,0
CUST101912,Female,59,Single,3,22,Mobile Phone,Cash on Delivery,Fashion,1,5,1,1,2.01,5,69.0,144.24,17.79,3,9.5,0
CUST100410,Female,51,Divorced,2,55,Mobile Phone,Debit Card,Fashion,4,5,5,1,2.28,4,31.0,98.76,,1,1.0,0
CUST100584,Female,46,Married,2,61,Computer,UPI,Others,4,3,7,0,2.34,2,20.0,212.94,16.43,2,8.5,0
CUST100109,Female,60,Married,1,49,Mobile Phone,Debit Card,Others,1,4,4,0,,2,31.0,139.31,12.5,4,32.4,0
CUST102525,Male,20,Single,1,19,Mobile Phone,UPI,Laptop & Accessory,3,2,3,0,2.35,3,57.0,126.44,8.71,0,19.1,0
CUST102742,Male,32,Single,1,11,Computer,Credit Card,Mobile Phone,3,1,5,0,2.76,2,12.0,140.69,23.13,1,18.6,0
CUST103481,Female,49,Single,1,21,Computer,Cash on Delivery,Others,4,4,4,0,4.19,4,80.0,72.21,13.74,0,12.6,0
CUST104969,Female,33,Single,3,43,Mobile Phone,Debit Card,Laptop & Accessory,2,4,6,1,2.33,1,45.0,133.42,20.39,0,11.3,1
CUST102623,Female,61,Married,2,71,Mobile Phone,Debit Card,Laptop & Accessory,5,3,2,0,3.13,3,57.0,133.65,12.71,3,8.7,0
CUST101168,Female,56,Single,2,55,Computer,Cash on Delivery,Grocery,2,4,4,0,1.2,1,37.0,108.37,15.22,3,8.3,0
CUST100468,Male,57,Single,2,5,Computer,Credit Card,Mobile Phone,4,4,4,1,2.07,3,55.0,91.29,11.76,0,8.7,1
CUST100829,Male,55,Single,2,64,Computer,UPI,Others,1,2,3,0,0.46,5,22.0,64.23,11.81,4,18.7,0
CUST101618,Female,35,Married,1,7,Mobile Phone,UPI,Laptop & Accessory,3,3,5,1,0.26,3,1.0,218.47,20.76,2,12.0,0
CUST103015,Female,20,Married,1,39,Mobile Phone,Cash on Delivery,Grocery,2,2,2,0,0.99,3,65.0,183.53,14.29,2,18.7,0
CUST101961,Male,44,Married,1,1,Computer,Debit Card,Fashion,3,4,1,1,1.76,7,79.0,155.7,14.01,1,17.1,1
CUST100486,Male,64,Single,1,47,Computer,UPI,Mobile Phone,5,1,4,0,1.48,5,11.0,113.03,30.04,7,16.9,0
CUST101634,Female,39,Married,2,6,Mobile Phone,Credit Card,Mobile Phone,2,1,3,1,2.98,2,64.0,24.0,7.58,1,20.4,0
CUST100742,Female,43,Married,1,71,Mobile Phone,Credit Card,Grocery,2,2,7,0,5.23,5,72.0,44.59,0.0,0,16.5,0
CUST104424,Female,66,Married,1,5,Mobile Phone,E-wallet,Mobile Phone,1,1,1,1,4.11,6,7.0,129.54,10.71,2,5.7,0
CUST100907,Male,27,Single,1,4,Computer,Credit Card,Mobile Phone,5,2,2,0,3.66,4,70.0,106.09,19.76,1,6.2,1
CUST102865,Male,23,Married,3,10,Mobile Phone,Debit Card,Grocery,4,4,5,0,0.96,2,49.0,48.48,10.16,1,8.0,0
CUST103289,Male,50,Married,3,3,Mobile Phone,E-wallet,Laptop & Accessory,4,2,6,1,2.65,3,,273.7,4.06,0,2.1,0
CUST100889,Female,67,Single,1,43,Computer,Cash on Delivery,Fashion,3,5,7,0,2.57,4,78.0,43.94,2.32,0,7.3,0
CUST103526,Male,67,Single,2,15,Computer,Credit Card,Mobile Phone,2,1,7,0,1.69,3,53.0,153.76,24.01,3,16.0,0
CUST103936,Male,45,Single,3,66,Computer,Credit Card,Fashion,3,3,1,0,1.58,3,29.0,207.56,13.29,1,9.7,0
CUST100177,Female,66,Single,2,44,Computer,Credit Card,Mobile Phone,4,5,1,0,3.1,6,84.0,155.93,6.83,0,15.7,0
CUST102910,Female,69,Married,2,52,Mobile Phone,Debit Card,Fashion,3,3,6,0,2.79,2,45.0,68.31,16.03,1,22.9,0
CUST103274,Female,66,Single,2,58,Mobile Phone,UPI,Fashion,1,3,7,0,10.43,4,9.0,82.71,33.88,3,18.1,0
CUST100080,Female,24,Single,2,33,Computer,Debit Card,Mobile Phone,2,4,7,0,2.39,3,14.0,189.68,17.13,2,22.2,0
CUST104877,Female,29,Married,2,55,Mobile Phone,UPI,Fashion,2,1,7,0,1.01,1,42.0,142.76,29.1,1,7.4,1
CUST102550,Female,38,Single,2,4,Computer,Credit Card,Fashion,3,5,6,0,,0,52.0,152.55,0.0,2,9.9,1
CUST104220,Male,66,Single,2,46,Mobile Phone,Credit Card,Others,4,2,4,0,4.5,3,35.0,144.57,34.71,0,17.9,0
CUST102617,Female,36,Single,2,65,Mobile Phone,Credit Card,Mobile Phone,1,3,6,0,1.72,3,58.0,136.73,1.43,4,12.3,0
CUST102900,Male,23,Married,1,16,Mobile Phone,UPI,Mobile Phone,4,1,3,0,7.76,1,16.0,156.43,16.1,4,16.0,1
CUST103235,Male,62,Married,1,40,Mobile Phone,Credit Card,Fashion,2,2,3,0,3.14,6,82.0,119.23,26.46,1,14.6,1
CUST100221,Male,26,Married,2,55,Computer,Debit Card,Grocery,3,1,6,0,0.24,4,58.0,108.08,22.83,3,18.9,0
CUST100093,Male,29,Married,2,38,Mobile Phone,Credit Card,Mobile Phone,2,5,6,0,3.9,3,65.0,227.45,1.36,4,8.9,0
CUST102627,Male,25,Married,1,69,Mobile Phone,Cash on Delivery,Fashion,4,4,7,1,3.88,4,25.0,43.31,4.76,1,14.4,0
CUST100927,Female,56,Married,3,51,Mobile Phone,Credit Card,Fashion,4,2,5,1,1.77,4,26.0,99.5,13.89,0,7.2,0
CUST103965,Male,32,Divorced,3,71,Computer,Cash on Delivery,Grocery,2,4,5,0,1.97,3,46.0,116.4,22.61,1,11.9,0
CUST101558,Female,63,Single,2,56,Computer,Cash on Delivery,Fashion,4,2,1,0,1.74,1,51.0,166.01,11.28,0,23.6,0
CUST103381,Female,41,Single,2,33,Computer,Cash on Delivery,Grocery,2,5,5,1,1.85,1,56.0,197.03,20.76,1,24.3,1
CUST102107,Female,29,Single,1,51,Mobile Phone,Credit Card,Fashion,3,3,4,1,4.18,5,8.0,199.11,15.23,3,26.1,0
CUST101056,Female,24,Married,1,23,Computer,Cash on Delivery,Laptop & Accessory,3,4,4,0,7.66,4,63.0,91.68,15.22,3,16.2,0
CUST103053,Female,33,Single,1,54,Computer,UPI,Laptop & Accessory,5,3,7,0,2.72,6,64.0,201.25,13.86,1,21.0,0
CUST103692,Male,49,Married,1,0,Mobile Phone,Credit Card,Grocery,4,5,6,0,3.72,3,41.0,171.79,33.19,2,27.0,0
CUST100812,Female,44,Single,1,27,Mobile Phone,UPI,Fashion,3,4,6,1,2.48,4,71.0,132.14,0.11,1,15.2,1
CUST103931,Female,47,Married,2,16,Mobile Phone,Cash on Delivery,Mobile Phone,1,5,5,0,3.93,2,69.0,132.69,17.19,2,18.8,0
CUST101873,Female,30,Divorced,1,30,Computer,UPI,Laptop & Accessory,4,1,1,0,1.09,3,11.0,235.48,5.54,0,21.0,0
CUST104575,Male,24,Single,1,27,Mobile Phone,E-wallet,Fashion,5,3,6,0,2.95,3,51.0,185.05,24.91,3,8.7,0
CUST102591,Female,59,Married,3,42,Mobile Phone,UPI,Fashion,5,4,1,1,6.68,1,26.0,189.98,16.88,0,12.9,0
CUST101864,Female,62,Married,1,32,Computer,Debit Card,Laptop & Accessory,2,1,4,1,1.88,2,58.0,52.23,13.07,1,18.3,0
CUST102940,Female,59,Married,2,34,Mobile Phone,Cash on Delivery,Others,4,3,6,0,6.37,2,86.0,106.93,17.4,0,10.3,1
CUST103425,Female,34,Single,1,9,Mobile Phone,Credit Card,Grocery,2,5,6,0,3.24,1,14.0,217.21,6.98,4,15.3,0
CUST102927,Female,31,Divorced,1,40,Computer,Credit Card,Laptop & Accessory,3,1,6,0,6.32,4,15.0,218.35,13.42,1,21.7,0
CUST100599,Female,22,Married,3,19,Mobile Phone,Cash on Delivery,Others,5,4,2,0,2.73,5,80.0,37.2,36.79,0,10.0,0
CUST102004,Male,48,Married,1,57,Computer,Credit Card,Fashion,2,3,2,1,7.47,3,66.0,208.2,18.34,0,28.8,0
CUST104734,Female,61,Married,2,22,Mobile Phone,Credit Card,Grocery,1,1,6,0,1.89,5,54.0,275.57,14.93,0,4.0,0
CUST100877,Male,67,Divorced,2,15,Computer,Credit Card,Fashion,5,5,2,0,1.02,1,30.0,109.48,0.87,1,16.7,0
CUST104144,Male,49,Married,2,28,Mobile Phone,UPI,Grocery,2,5,5,1,4.18,1,60.0,175.51,20.39,5,15.3,0
CUST101650,Male,43,Single,2,54,Computer,Debit Card,Laptop & Accessory,2,2,3,1,,1,18.0,186.08,10.17,5,19.9,0
CUST101412,Female,60,Married,3,51,Computer,Cash on Delivery,Mobile Phone,5,5,4,0,5.09,5,45.0,106.81,15.84,0,12.0,0
CUST104860,Male,66,Single,1,54,Mobile Phone,Credit Card,Laptop & Accessory,3,1,3,0,3.36,3,12.0,216.52,9.94,1,14.8,0
CUST101694,Female,63,Married,1,53,Mobile Phone,UPI,Others,5,1,1,1,4.34,3,25.0,261.38,21.15,2,21.4,0
CUST101782,Male,62,Single,2,8,Mobile Phone,Debit Card,Mobile Phone,5,1,7,1,3.68,6,6.0,55.44,32.41,1,17.4,0
CUST102654,Male,56,Single,1,37,Computer,UPI,Mobile Phone,5,1,7,0,2.93,1,75.0,140.76,28.64,0,19.7,1
CUST101718,Female,66,Married,2,1,Mobile Phone,Cash on Delivery,Fashion,2,3,6,1,1.18,1,68.0,102.55,4.72,3,20.4,1
CUST102119,Male,64,Married,1,62,Mobile Phone,UPI,Grocery,1,2,4,0,1.19,6,24.0,163.28,20.81,2,10.2,0
CUST102845,Female,52,Single,2,0,Computer,E-wallet,Grocery,1,5,6,0,3.16,7,50.0,83.87,29.88,1,28.6,0
CUST104016,Male,31,Married,1,33,Computer,UPI,Others,3,2,4,0,4.15,2,14.0,215.23,15.1,4,8.0,0
CUST100219,Male,61,Married,2,64,Computer,Credit Card,Mobile Phone,4,2,5,0,4.02,3,9.0,222.92,7.07,3,35.2,0
CUST101684,Male,49,Single,3,24,Mobile Phone,Debit Card,Mobile Phone,1,3,4,0,0.8,3,40.0,235.23,0.0,1,15.9,0
CUST103910,Male,19,Single,2,4,Computer,Credit Card,Laptop & Accessory,2,3,5,0,2.83,1,14.0,132.39,15.8,2,4.7,0
CUST100724,Male,62,Divorced,3,50,Mobile Phone,Cash on Delivery,Fashion,5,3,2,0,2.09,1,88.0,,14.64,0,13.6,0
CUST102794,Female,42,Married,1,40,Mobile Phone,Credit Card,Grocery,1,5,1,0,3.95,4,44.0,135.7,21.32,2,9.0,0
CUST102481,Male,51,Single,2,0,Mobile Phone,UPI,Grocery,3,1,1,0,3.67,3,33.0,90.69,11.62,2,13.5,0
CUST104525,Female,46,Married,2,53,Mobile Phone,UPI,Mobile Phone,1,3,5,0,2.61,4,31.0,73.18,,0,12.9,0
CUST100043,Male,61,Married,2,25,Mobile Phone,Debit Card,Mobile Phone,2,4,7,0,7.58,3,61.0,270.47,24.87,0,6.8,0
CUST101038,Male,50,Married,2,41,Mobile Phone,Debit Card,Laptop & Accessory,5,3,1,0,3.35,1,0.0,95.91,0.0,2,17.9,0
CUST100210,Female,29,Married,1,1,Computer,Credit Card,Fashion,3,4,6,0,0.9,4,3.0,296.38,1.68,2,10.7,0
CUST102323,Male,47,Single,1,20,Mobile Phone,E-wallet,Laptop & Accessory,5,3,5,0,1.03,0,27.0,,7.41,0,1.0,0
CUST100354,Male,49,Single,2,40,Mobile Phone,Debit Card,Mobile Phone,4,4,7,1,3.96,1,76.0,165.43,19.56,1,12.4,0
CUST104848,Male,25,Married,1,7,Computer,Credit Card,Laptop & Accessory,5,1,2,1,3.01,3,52.0,126.36,25.96,1,1.6,0
CUST101084,Female,18,Married,1,42,Computer,E-wallet,Mobile Phone,1,2,3,0,2.89,4,23.0,45.1,11.74,2,4.0,0
CUST104429,Male,60,Divorced,2,0,Computer,Credit Card,Laptop & Accessory,2,4,3,0,0.88,4,5.0,147.48,26.43,2,15.1,0
CUST102765,Female,52,Single,1,45,Computer,UPI,Grocery,2,1,7,1,3.72,3,6.0,94.98,25.11,1,13.3,0
CUST100367,Female,53,Married,2,61,Mobile Phone,Cash on Delivery,Fashion,1,3,3,1,1.87,2,63.0,175.27,35.05,0,17.9,0
CUST103824,Female,47,Single,1,3,Computer,E-wallet,Fashion,2,2,4,0,2.0,0,76.0,95.65,2.92,2,16.4,1
CUST103740,Male,45,Married,2,14,Computer,UPI,Laptop & Accessory,1,5,7,0,2.53,3,24.0,,7.56,4,14.7,0
CUST103858,Female,20,Single,2,26,Computer,UPI,Mobile Phone,3,5,6,0,4.1,4,58.0,138.73,15.55,3,3.8,0
CUST100135,Male,36,Married,1,45,Mobile Phone,UPI,Mobile Phone,3,5,2,0,2.14,6,62.0,233.44,38.66,2,1.0,0
CUST100805,Male,37,Married,2,68,Computer,Credit Card,Grocery,4,3,1,0,0.9,2,32.0,213.43,24.81,2,11.0,0
CUST100047,Male,50,Single,2,12,Mobile Phone,Debit Card,Others,3,4,1,1,1.63,4,8.0,224.35,13.08,1,27.3,0
CUST100787,Male,42,Single,1,10,Mobile Phone,Credit Card,Grocery,4,3,3,0,1.79,0,75.0,158.39,31.61,1,17.0,0
CUST102519,Male,30,Married,1,13,Mobile Phone,Cash on Delivery,Others,2,2,4,0,2.77,2,71.0,45.3,11.69,0,19.9,1
CUST102034,Male,41,Single,1,16,Mobile Phone,Debit Card,Fashion,2,4,7,0,1.24,3,,138.5,16.0,2,18.5,0
CUST104977,Male,26,Single,2,24,Mobile Phone,UPI,Laptop & Accessory,5,1,5,0,2.07,2,21.0,199.8,19.53,3,16.2,0
CUST102002,Female,21,Single,1,61,Mobile Phone,Debit Card,Mobile Phone,2,5,1,1,2.24,0,24.0,199.21,22.22,1,13.3,0
CUST101614,Female,58,Single,3,30,Mobile Phone,Debit Card,Mobile Phone,1,3,2,1,3.34,5,44.0,63.87,11.64,3,16.7,0
CUST100061,Male,18,Divorced,2,7,Mobile Phone,E-wallet,Grocery,1,1,2,0,0.61,2,8.0,172.79,4.45,0,25.8,1
CUST103256,Male,37,Married,2,28,Mobile Phone,Cash on Delivery,Grocery,5,3,1,1,3.69,1,83.0,53.72,17.46,2,4.5,1
CUST101697,Female,23,Single,2,1,Mobile Phone,UPI,Fashion,1,4,2,0,5.93,0,26.0,222.04,15.56,3,11.1,0
CUST100095,Female,61,Divorced,2,3,Mobile Phone,UPI,Grocery,4,5,2,0,0.9,4,16.0,108.06,22.0,0,20.9,1
CUST100478,Female,51,Single,1,2,Mobile Phone,Credit Card,Grocery,5,2,6,0,1.5,3,87.0,227.32,12.34,0,19.0,1
CUST104292,Male,25,Married,2,36,Mobile Phone,Cash on Delivery,Fashion,4,4,3,1,1.04,2,19.0,,19.78,2,1.0,1
CUST103917,Female,36,Married,2,42,Mobile Phone,Debit Card,Fashion,1,1,7,0,1.91,1,45.0,165.09,21.56,1,11.8,0
CUST101995,Female,60,Single,3,65,Mobile Phone,E-wallet,Fashion,1,4,1,0,2.75,3,,147.4,18.38,5,3.8,0
CUST104225,Female,53,Married,3,45,Mobile Phone,E-wallet,Mobile Phone,2,4,5,0,0.67,1,50.0,130.3,0.08,2,19.3,0
CUST104641,Male,20,Single,2,59,Computer,Debit Card,Grocery,5,1,2,0,,5,30.0,97.52,13.73,2,17.7,0
CUST102633,Female,45,Divorced,2,62,Mobile Phone,E-wallet,Fashion,5,4,3,0,2.5,6,54.0,175.56,19.6,0,23.9,0
CUST100322,Male,43,Single,1,12,Computer,UPI,Laptop & Accessory,5,5,2,0,3.64,2,38.0,167.02,18.09,2,11.4,0
CUST101128,Female,66,Single,1,31,Mobile Phone,Credit Card,Laptop & Accessory,1,1,3,0,2.57,3,23.0,171.97,32.53,1,19.1,0
CUST102231,Female,57,Married,3,45,Mobile Phone,Credit Card,Laptop & Accessory,5,5,2,0,0.28,3,10.0,128.31,7.79,2,1.2,0
CUST102859,Male,25,Married,2,25,Mobile Phone,Credit Card,Others,1,4,7,0,2.76,5,55.0,150.27,8.68,0,19.4,1
CUST101507,Male,57,Single,1,60,Mobile Phone,Debit Card,Fashion,5,1,5,0,0.2,1,24.0,171.79,27.11,4,9.3,0
CUST101425,Male,69,Single,2,48,Mobile Phone,UPI,Laptop & Accessory,2,1,2,0,2.67,5,41.0,79.14,26.72,0,10.3,0
CUST101743,Female,33,Married,1,39,Computer,UPI,Fashion,4,4,6,0,4.96,3,86.0,189.39,21.64,1,28.3,0
CUST104533,Male,34,Married,1,18,Computer,Credit Card,Others,1,4,6,0,1.22,5,73.0,137.54,17.97,3,5.7,0
CUST103484,Female,33,Married,1,40,Mobile Phone,Debit Card,Laptop & Accessory,2,3,2,0,2.89,4,77.0,15.95,17.1,2,1.7,0
CUST100291,Male,61,Single,3,18,Mobile Phone,E-wallet,Fashion,4,3,2,1,1.31,0,86.0,187.71,17.11,2,19.4,1
CUST101870,Male,29,Divorced,1,46,Computer,Credit Card,Fashion,4,4,2,0,2.89,4,87.0,178.28,0.0,1,14.6,0
CUST100911,Female,45,Married,2,48,Computer,UPI,Mobile Phone,5,3,1,0,2.41,1,9.0,74.08,14.33,0,18.0,0
CUST100533,Female,35,Divorced,2,52,Mobile Phone,UPI,Fashion,1,5,6,1,2.52,2,60.0,276.16,24.27,1,13.9,0
CUST104786,Male,29,Single,3,48,Mobile Phone,Cash on Delivery,Fashion,2,1,1,0,0.72,1,59.0,142.45,25.62,2,6.9,0
CUST101096,Male,57,Single,1,21,Computer,Cash on Delivery,Laptop & Accessory,4,2,5,1,0.45,2,84.0,72.7,12.95,0,7.7,1
CUST101666,Female,35,Married,2,50,Mobile Phone,Credit Card,Mobile Phone,4,3,3,0,2.38,4,21.0,180.02,6.01,0,4.2,0
CUST103609,Male,64,Divorced,1,0,Computer,Cash on Delivery,Laptop & Accessory,5,1,4,0,6.72,6,18.0,163.04,10.75,1,8.8,0
CUST102288,Male,31,Single,3,14,Mobile Phone,Cash on Delivery,Laptop & Accessory,3,3,3,0,7.83,3,82.0,94.83,19.42,2,12.4,0
CUST102168,Male,67,Married,1,38,Computer,UPI,Fashion,1,2,2,1,1.56,4,50.0,,29.42,4,10.8,0
CUST103940,Male,56,Single,3,41,Mobile Phone,Debit Card,Mobile Phone,3,1,1,0,6.23,6,35.0,265.31,18.62,0,11.2,0
CUST104545,Male,19,Married,2,51,Computer,UPI,Grocery,1,5,4,0,1.14,2,18.0,130.01,16.98,1,11.4,0
CUST103785,Female,21,Single,2,39,Computer,Credit Card,Mobile Phone,2,1,4,0,5.74,3,30.0,82.85,5.1,2,17.2,0
CUST101406,Female,67,Single,2,50,Mobile Phone,Debit Card,Mobile Phone,3,5,2,0,1.39,8,24.0,179.18,19.42,0,13.5,0
CUST102495,Female,68,Single,3,61,Computer,Debit Card,Fashion,1,1,5,0,1.67,6,51.0,,10.8,1,10.1,0
CUST102764,Male,36,,2,57,Mobile Phone,UPI,Mobile Phone,3,3,1,1,2.14,4,30.0,138.73,24.51,1,31.6,0
CUST103989,Female,59,Single,1,5,Computer,Cash on Delivery,Fashion,2,4,5,0,1.34,4,40.0,167.54,19.16,1,17.4,0
CUST102389,Male,20,Divorced,3,57,Computer,Credit Card,Laptop & Accessory,2,5,5,0,5.34,2,36.0,209.58,28.89,1,12.9,0
CUST103063,Female,69,Single,3,66,Computer,Credit Card,Fashion,4,1,5,0,1.41,7,87.0,33.74,14.05,0,23.3,0
CUST104596,Male,50,Married,1,67,Computer,Cash on Delivery,Fashion,2,5,6,0,4.19,2,12.0,101.55,12.46,1,22.0,0
CUST103043,Male,41,Single,2,71,Computer,Debit Card,Grocery,3,2,7,1,0.56,6,59.0,42.52,22.1,1,35.9,1
CUST103665,Male,31,Married,1,27,Mobile Phone,UPI,Fashion,5,4,5,0,2.02,1,69.0,98.9,14.91,0,13.4,1
CUST104881,Female,63,Single,3,65,Computer,Credit Card,Grocery,3,2,4,0,0.69,3,22.0,92.83,10.21,1,13.7,0
CUST104539,Male,36,Married,3,6,Computer,Debit Card,Laptop & Accessory,2,3,1,0,3.04,3,83.0,204.44,26.8,0,7.2,1
CUST104935,Male,27,Divorced,1,44,Mobile Phone,UPI,Grocery,3,1,6,0,0.34,5,36.0,170.84,14.42,0,9.5,0
CUST100633,Male,20,Married,2,39,Computer,Cash on Delivery,Mobile Phone,4,1,1,0,3.16,5,86.0,190.7,23.18,0,19.9,0
CUST102948,Female,47,Single,1,9,Mobile Phone,UPI,Grocery,3,5,2,0,0.02,4,89.0,224.58,10.49,1,11.4,1
CUST104529,Female,47,Married,1,32,Computer,UPI,Mobile Phone,2,2,2,0,0.6,4,10.0,219.8,0.23,0,8.1,0
CUST103164,Female,49,Single,1,61,Mobile Phone,UPI,Mobile Phone,1,4,3,0,3.24,5,69.0,104.77,9.19,1,23.3,0
CUST103684,Male,22,Divorced,1,42,Computer,UPI,Laptop & Accessory,2,5,4,0,1.56,2,9.0,201.92,12.29,1,12.7,0
CUST103318,Male,31,Single,3,15,Mobile Phone,Debit Card,Fashion,4,2,7,0,2.56,4,25.0,135.03,19.12,1,1.0,0
CUST104917,Female,23,Divorced,1,32,Mobile Phone,Credit Card,Mobile Phone,3,1,4,1,4.29,0,29.0,148.24,21.94,1,8.9,0
CUST102254,Female,68,Married,1,44,Computer,Credit Card,Fashion,1,4,1,0,3.01,4,58.0,206.1,18.97,0,26.7,0
CUST101204,Male,33,Married,1,32,Computer,Cash on Delivery,Mobile Phone,1,3,2,0,0.35,3,60.0,45.23,17.48,3,23.3,0
CUST103270,Female,41,Single,1,29,Mobile Phone,UPI,Others,2,1,7,0,1.05,0,87.0,155.73,8.95,1,15.1,1
CUST102619,Female,54,Single,3,63,Mobile Phone,Debit Card,Fashion,2,5,2,0,3.47,3,10.0,144.27,10.67,2,12.8,0
CUST102856,Female,24,Married,1,59,Mobile Phone,UPI,Grocery,1,1,2,1,1.01,5,53.0,130.63,12.58,1,18.0,0
CUST103347,Female,40,Married,3,11,Computer,Debit Card,Fashion,5,3,6,0,0.49,4,78.0,125.01,34.47,1,5.9,0
CUST101962,Female,25,Single,3,59,Mobile Phone,Debit Card,Mobile Phone,2,2,2,0,4.14,2,2.0,164.92,9.26,4,20.4,0
CUST104336,Male,43,Married,2,27,Mobile Phone,Credit Card,Others,4,3,6,1,1.94,4,28.0,130.53,20.25,0,32.5,1
CUST101532,Female,67,Married,1,43,Mobile Phone,Debit Card,Mobile Phone,2,1,2,1,4.03,2,12.0,236.24,10.43,3,17.8,0
CUST103296,Female,66,Single,2,4,Mobile Phone,Credit Card,Laptop & Accessory,5,5,3,0,3.5,4,30.0,149.93,17.16,0,15.8,0
CUST100070,Male,30,Single,2,52,Mobile Phone,Credit Card,Laptop & Accessory,1,1,4,0,,6,80.0,275.74,6.11,5,19.8,0
CUST101770,Female,37,Divorced,1,24,Computer,Debit Card,Laptop & Accessory,4,5,2,0,0.79,4,52.0,,17.43,3,7.2,0
CUST101144,Male,53,Married,1,70,Computer,Credit Card,Fashion,1,4,5,0,3.95,5,67.0,,18.04,2,22.9,0
CUST104339,Female,19,Married,2,62,Mobile Phone,Credit Card,Laptop & Accessory,2,4,3,0,1.54,5,27.0,63.13,19.48,0,15.4,0
CUST103258,Female,37,Single,1,15,Computer,Credit Card,Mobile Phone,3,4,2,0,2.02,5,20.0,178.09,1.06,1,20.7,0
CUST103176,Female,62,Single,2,1,Mobile Phone,UPI,Fashion,1,2,4,0,2.9,3,56.0,92.38,18.04,2,8.1,1
CUST104720,Male,47,Married,3,7,Computer,UPI,Laptop & Accessory,5,2,3,0,0.7,1,29.0,150.59,7.33,1,20.1,0
CUST102297,Male,65,Single,1,33,Computer,Credit Card,Mobile Phone,4,2,6,1,,6,80.0,111.13,14.86,0,7.2,0
CUST104406,Female,46,Married,1,0,Mobile Phone,Cash on Delivery,Grocery,4,1,4,1,2.32,4,45.0,88.97,18.78,2,13.1,1
CUST102331,Male,51,Single,2,47,Mobile Phone,UPI,Fashion,1,3,5,0,0.59,4,32.0,,15.65,1,11.6,0
CUST101200,Female,69,Single,2,56,Mobile Phone,Cash on Delivery,Grocery,3,5,4,0,3.99,5,79.0,,7.09,2,13.7,0
CUST101405,Male,21,Single,2,18,Mobile Phone,Cash on Delivery,Laptop & Accessory,2,1,3,0,5.67,4,13.0,97.61,12.15,1,18.8,0
CUST101444,Male,34,Single,1,24,Computer,Debit Card,Laptop & Accessory,3,4,6,1,2.31,2,32.0,153.66,9.08,4,31.0,0
CUST102154,Female,52,Divorced,2,45,Mobile Phone,Debit Card,Fashion,2,5,2,0,5.55,4,66.0,181.18,8.53,1,13.7,0
CUST102694,Female,39,Married,2,16,Computer,UPI,Grocery,3,3,6,0,1.14,5,46.0,131.8,11.11,0,16.6,0
CUST100893,Male,60,Married,2,67,Computer,Cash on Delivery,Laptop & Accessory,2,1,7,0,0.81,2,27.0,226.72,10.71,1,17.9,0
CUST103774,Female,54,Married,3,24,Mobile Phone,Debit Card,Grocery,3,2,4,1,2.14,6,17.0,108.46,1.12,1,17.7,0
CUST104238,Female,33,Single,2,66,Computer,Debit Card,Fashion,3,4,2,0,2.42,5,9.0,140.59,15.88,2,22.3,0
CUST104239,Female,51,Married,1,52,Mobile Phone,Debit Card,Laptop & Accessory,4,2,6,0,1.07,2,40.0,222.77,,4,19.3,0
CUST102073,Female,65,Single,1,8,Computer,Cash on Delivery,Laptop & Accessory,1,2,2,1,1.74,4,11.0,287.22,7.13,0,25.9,0
CUST102242,Male,44,Single,2,12,Mobile Phone,Debit Card,Fashion,1,4,4,0,2.38,0,22.0,201.91,6.34,2,23.2,0
CUST101041,Female,41,Married,1,14,Mobile Phone,Credit Card,Grocery,2,2,6,1,1.22,4,87.0,212.54,27.91,3,19.8,0
CUST102177,Female,36,Married,3,35,Mobile Phone,Credit Card,Laptop & Accessory,2,3,5,0,2.05,4,73.0,81.74,9.17,3,1.0,0
CUST100746,Male,48,Married,2,60,Mobile Phone,Cash on Delivery,Mobile Phone,4,1,2,1,0.05,4,15.0,105.81,0.0,1,18.2,0
CUST100734,Male,38,Married,1,65,Mobile Phone,Credit Card,Laptop & Accessory,4,5,7,1,3.24,1,72.0,142.25,20.71,0,30.8,0
CUST101905,Male,41,Single,2,11,Mobile Phone,UPI,Laptop & Accessory,5,1,3,0,3.6,4,48.0,190.74,12.93,1,15.0,0
CUST104064,Male,31,Single,2,35,Computer,Debit Card,Laptop & Accessory,5,2,6,0,2.05,1,31.0,201.17,20.65,0,6.0,0
CUST101935,Male,32,Married,2,36,Computer,UPI,Fashion,2,5,1,1,1.29,5,20.0,72.55,19.07,2,7.5,0
CUST102244,Male,24,Married,3,9,Computer,Debit Card,Fashion,5,4,2,1,2.94,9,71.0,305.33,12.85,1,21.5,0
CUST101593,Male,45,Single,2,48,Mobile Phone,UPI,Grocery,4,4,6,0,2.39,1,18.0,159.46,2.48,3,25.9,0
CUST103625,Female,35,Single,2,18,Computer,Credit Card,Mobile Phone,5,5,3,1,1.92,2,87.0,188.2,0.27,2,25.4,0
CUST101703,Female,62,Married,2,63,Mobile Phone,Debit Card,Laptop & Accessory,4,1,7,1,4.47,1,86.0,116.05,19.39,0,11.1,0
CUST101471,Male,67,Married,1,7,Mobile Phone,E-wallet,Others,4,4,6,0,0.64,7,77.0,135.79,,0,20.7,0
CUST102722,Male,25,Married,1,56,Mobile Phone,Credit Card,Fashion,5,2,4,1,0.55,4,70.0,55.3,7.33,3,15.9,0
CUST103620,Female,57,Single,2,54,Mobile Phone,E-wallet,Laptop & Accessory,5,3,2,0,,3,45.0,195.22,24.74,1,21.2,0
CUST101541,Male,59,Married,1,35,Mobile Phone,Cash on Delivery,Fashion,4,4,2,0,4.8,6,45.0,207.66,19.47,0,14.7,0
CUST100233,Female,49,Married,1,21,Mobile Phone,UPI,Fashion,1,2,1,1,1.79,3,73.0,117.76,30.48,0,1.0,1
CUST104580,Female,27,Single,3,44,Mobile Phone,Credit Card,Mobile Phone,5,1,1,1,1.05,4,52.0,76.81,23.63,1,16.7,0
CUST102409,Female,25,Married,2,34,Mobile Phone,E-wallet,Mobile Phone,5,5,2,1,7.23,6,51.0,164.65,13.87,0,8.0,0
CUST100415,Male,66,Single,3,33,Computer,UPI,Mobile Phone,1,2,3,1,2.95,1,1.0,131.37,21.19,2,15.2,0
CUST101370,Male,61,Single,1,8,Mobile Phone,UPI,Mobile Phone,3,4,6,0,1.12,3,21.0,18.98,14.96,1,17.6,0
CUST100655,Male,65,Married,1,10,Mobile Phone,Cash on Delivery,Grocery,2,2,6,0,2.22,2,21.0,85.89,28.08,0,19.0,0
CUST101598,Female,47,Married,2,7,Mobile Phone,E-wallet,Laptop & Accessory,2,5,4,0,2.21,3,56.0,273.53,4.14,1,14.2,0
CUST104035,Male,19,Married,2,25,Mobile Phone,Debit Card,Others,5,4,2,1,0.71,3,80.0,170.59,7.0,1,28.8,1
CUST100017,Male,54,Married,3,44,Mobile Phone,Credit Card,Laptop & Accessory,4,1,5,0,,3,18.0,159.78,0.0,2,16.7,0
CUST101220,Male,49,Single,1,40,Mobile Phone,UPI,Mobile Phone,1,2,6,0,1.82,2,38.0,172.27,22.43,1,18.0,0
CUST101726,Male,54,Divorced,2,30,Computer,UPI,Mobile Phone,4,1,3,0,7.9,5,9.0,152.06,14.04,1,4.1,0
CUST102367,Male,52,Single,1,62,Mobile Phone,Cash on Delivery,Laptop & Accessory,2,2,7,0,5.97,1,13.0,,26.72,5,10.8,0
CUST100596,Female,34,Single,1,3,Computer,UPI,Mobile Phone,1,3,3,0,1.07,6,21.0,168.49,7.39,0,2.3,0
CUST103951,Female,19,Single,3,70,Mobile Phone,Debit Card,Fashion,3,3,5,0,0.43,3,89.0,128.46,9.13,1,22.5,0
CUST102492,Male,31,Married,2,50,Computer,Debit Card,Grocery,2,2,7,0,5.46,5,20.0,120.67,15.92,1,16.6,0
CUST100964,Female,38,Single,2,32,Computer,UPI,Grocery,3,3,3,1,3.3,3,48.0,197.02,13.12,1,20.1,1
CUST102172,Male,45,Single,1,34,Computer,Cash on Delivery,Mobile Phone,4,4,2,0,,2,83.0,216.19,23.37,2,26.1,0
CUST101433,Male,60,Divorced,3,61,Mobile Phone,Cash on Delivery,Laptop & Accessory,5,3,4,0,1.23,2,55.0,156.77,15.95,1,14.1,0
CUST102346,Female,58,Married,1,32,Computer,E-wallet,Laptop & Accessory,5,5,2,0,0.77,2,73.0,181.57,0.0,1,26.2,0
CUST100371,Male,63,Single,1,60,Mobile Phone,Credit Card,Laptop & Accessory,4,1,1,1,3.45,3,24.0,88.35,17.56,1,19.0,0
CUST101361,Male,63,Single,2,18,Computer,Debit Card,Fashion,1,1,4,1,0.99,3,31.0,99.83,4.2,1,1.4,0
CUST100598,Female,61,Married,1,6,Computer,UPI,Fashion,2,3,6,1,0.69,3,46.0,225.65,19.79,1,4.6,0
CUST100238,Male,39,Married,1,68,Computer,UPI,Fashion,1,5,3,0,2.1,6,27.0,262.35,20.98,2,9.1,0
CUST104277,Female,54,Single,1,43,Computer,Credit Card,Fashion,1,3,6,0,3.01,4,6.0,94.41,,2,18.6,0
CUST103838,Female,54,Single,2,31,Mobile Phone,Credit Card,Laptop & Accessory,5,5,6,0,4.85,4,46.0,127.93,8.83,3,14.6,0
CUST101590,Male,23,Married,2,57,Mobile Phone,UPI,Grocery,4,1,3,0,0.64,4,65.0,82.27,12.6,5,5.5,0
CUST101808,Male,60,Married,1,49,Mobile Phone,Debit Card,Fashion,5,1,1,0,3.83,1,61.0,,23.71,3,14.8,0
CUST103639,Female,68,Divorced,1,6,Computer,Credit Card,Mobile Phone,2,2,7,0,1.62,7,52.0,126.63,28.92,2,11.6,0
CUST104913,Female,56,Married,2,53,Mobile Phone,Credit Card,Grocery,5,1,4,1,2.98,5,84.0,47.49,7.25,1,20.3,0
CUST103888,Female,67,Married,2,35,Computer,UPI,Fashion,4,2,7,0,0.79,1,36.0,98.62,27.25,2,1.0,0
CUST104461,Male,33,Married,2,21,Mobile Phone,E-wallet,Others,5,5,2,0,3.29,4,59.0,43.78,20.38,3,12.8,0
CUST104673,Male,51,Single,2,12,Computer,Cash on Delivery,Fashion,2,1,7,0,0.78,3,,,6.56,0,16.7,0
CUST103317,Male,58,Divorced,1,16,Mobile Phone,UPI,Grocery,3,4,2,0,0.77,4,42.0,0.0,20.88,3,11.0,0
CUST104019,Female,45,Single,3,5,Mobile Phone,Debit Card,Mobile Phone,3,3,4,1,2.14,3,20.0,183.44,10.31,0,20.5,0
CUST100721,Male,51,Single,1,44,Mobile Phone,Cash on Delivery,Laptop & Accessory,3,4,3,1,0.59,7,33.0,79.2,9.84,1,2.8,0
CUST100838,Male,20,Divorced,1,22,Computer,Debit Card,Grocery,5,3,3,1,3.29,6,0.0,157.82,0.0,3,10.4,0
CUST101545,Male,30,Married,2,70,Mobile Phone,Debit Card,Laptop & Accessory,1,3,3,0,0.99,5,33.0,184.85,11.39,2,11.1,0
CUST101170,Male,41,Married,1,38,Mobile Phone,Debit Card,Fashion,4,1,6,0,2.39,2,39.0,195.71,21.2,1,14.1,0
CUST104266,Male,69,Divorced,3,52,Mobile Phone,Debit Card,Fashion,2,2,7,0,0.55,3,39.0,76.5,20.48,2,21.9,0
CUST100828,Female,54,Married,2,66,Mobile Phone,E-wallet,Laptop & Accessory,3,5,7,0,4.98,5,27.0,146.58,11.54,1,11.2,0
CUST103277,Female,59,Married,3,22,Computer,Cash on Delivery,Others,5,5,7,1,3.71,2,61.0,192.14,0.0,1,20.6,0
CUST101744,Female,47,Single,2,19,Mobile Phone,UPI,Fashion,5,1,7,0,6.7,4,35.0,146.04,19.78,5,12.5,0
CUST104999,Female,19,Single,3,34,Mobile Phone,Credit Card,Mobile Phone,5,4,1,1,9.23,0,35.0,143.96,11.04,2,21.6,0
CUST101209,Male,46,Single,1,50,Mobile Phone,Cash on Delivery,Laptop & Accessory,3,5,5,1,1.88,4,18.0,108.45,14.21,1,13.1,0
CUST103450,Female,19,Single,2,70,Computer,Debit Card,Grocery,4,4,6,0,3.2,1,49.0,191.27,20.05,2,20.9,0
CUST100621,Male,40,Single,2,9,Mobile Phone,UPI,Mobile Phone,3,2,2,1,0.93,1,42.0,204.31,7.36,3,10.0,0
CUST102314,Male,44,Married,2,47,Mobile Phone,E-wallet,Mobile Phone,5,4,3,0,4.04,3,42.0,198.66,11.53,3,20.4,0
CUST103653,Male,18,Single,1,37,Mobile Phone,Credit Card,Laptop & Accessory,4,4,5,0,4.57,1,32.0,137.44,9.83,2,28.1,0
CUST100566,Female,27,Married,1,65,Mobile Phone,Credit Card,Grocery,5,3,3,0,2.61,3,42.0,128.6,7.97,1,7.7,0
CUST101487,Male,64,Divorced,3,26,Mobile Phone,UPI,Mobile Phone,4,1,2,0,2.08,0,17.0,193.99,11.01,0,8.7,0
CUST103128,Female,49,Divorced,2,22,Mobile Phone,Credit Card,Laptop & Accessory,2,5,1,0,5.86,3,50.0,,0.41,1,6.4,1
CUST104269,Female,34,Single,2,46,Mobile Phone,Cash on Delivery,Others,1,3,5,0,1.09,3,29.0,111.51,19.55,2,12.6,1
CUST100051,Male,49,Married,1,16,Mobile Phone,E-wallet,Grocery,5,2,2,0,2.73,5,13.0,84.96,21.1,1,12.0,1
CUST104637,Female,41,Married,2,28,Mobile Phone,Debit Card,Laptop & Accessory,3,4,6,0,4.16,8,20.0,175.68,8.18,0,19.0,1
CUST103960,Male,50,Single,3,68,Mobile Phone,Credit Card,Laptop & Accessory,5,3,1,0,0.78,2,15.0,131.66,11.55,0,22.3,0
CUST102757,Female,33,Married,1,12,Computer,E-wallet,Mobile Phone,4,3,2,1,5.8,2,73.0,145.64,25.61,1,25.3,0
CUST103290,Male,22,Married,3,70,Mobile Phone,Credit Card,Fashion,3,4,7,0,2.09,2,40.0,107.11,8.05,1,11.8,0
CUST100534,Male,64,Married,1,8,Mobile Phone,Credit Card,Grocery,3,1,6,1,4.37,4,28.0,165.16,11.9,1,24.3,0
CUST104407,Male,69,Single,2,20,Mobile Phone,Debit Card,Fashion,2,4,6,1,2.63,4,55.0,155.73,23.16,1,7.7,1
CUST102104,Female,20,Single,2,18,Mobile Phone,Credit Card,Grocery,1,3,7,0,2.85,2,11.0,150.85,22.1,1,12.4,0
CUST100443,Male,47,Single,2,62,Mobile Phone,Debit Card,Grocery,4,4,1,1,3.48,2,60.0,65.73,9.9,0,11.4,0
CUST102252,Male,44,Divorced,3,61,Computer,UPI,Mobile Phone,2,3,7,0,13.45,3,36.0,162.23,21.3,2,25.1,0
CUST100195,Male,51,Married,3,50,Computer,UPI,Others,4,4,4,0,6.46,2,88.0,158.59,5.51,2,12.4,1
CUST103626,Female,23,Single,2,65,Mobile Phone,Debit Card,Fashion,5,2,4,0,3.62,3,73.0,0.0,11.9,2,19.4,0
CUST101918,Female,34,Single,3,50,Mobile Phone,UPI,Mobile Phone,3,5,4,0,0.21,6,16.0,188.87,26.14,0,13.9,0
CUST104479,Female,62,Married,2,47,Mobile Phone,Cash on Delivery,Mobile Phone,3,4,2,0,2.31,4,15.0,178.69,20.33,4,27.2,0
CUST103026,Male,28,Married,1,4,Mobile Phone,Debit Card,Grocery,3,4,3,0,2.81,4,75.0,161.37,37.88,0,9.0,1
CUST103022,Male,18,Single,2,61,Computer,Credit Card,Mobile Phone,4,4,3,0,4.58,2,15.0,155.95,13.81,0,16.3,0
CUST104808,Male,29,Single,2,44,Mobile Phone,Credit Card,Mobile Phone,4,1,4,0,3.31,3,52.0,190.3,15.96,1,15.9,0
CUST102985,Male,62,Single,2,10,Computer,E-wallet,Mobile Phone,2,3,7,0,1.86,5,48.0,179.99,11.86,0,16.5,0
CUST103845,Male,39,Single,1,40,Mobile Phone,E-wallet,Fashion,3,5,4,0,7.08,4,52.0,143.8,16.35,2,1.0,0
CUST102942,Female,21,Single,2,61,Mobile Phone,Credit Card,Mobile Phone,3,2,6,0,2.52,4,21.0,139.12,24.5,0,9.1,0
CUST100644,Female,62,Married,2,67,Computer,Debit Card,Laptop & Accessory,1,3,2,0,6.31,0,46.0,145.16,14.86,1,1.7,0
CUST100807,Male,25,Single,1,47,Computer,Debit Card,Grocery,2,4,4,0,2.74,5,33.0,108.64,27.64,2,13.5,0
CUST103543,Male,48,Married,1,54,Computer,E-wallet,Fashion,3,1,1,0,1.6,2,35.0,129.38,20.45,7,6.9,0
CUST104454,Female,30,Married,2,19,Computer,Debit Card,Laptop & Accessory,4,5,6,0,3.04,1,43.0,229.39,8.55,1,12.4,0
CUST104417,Male,27,Single,2,56,Mobile Phone,Cash on Delivery,Mobile Phone,4,2,7,0,0.99,3,26.0,108.16,18.24,1,10.6,0
CUST100120,Female,47,Single,1,63,Computer,Credit Card,Others,5,4,1,0,1.48,5,,105.07,5.25,1,11.5,0
CUST102441,Male,41,Single,2,57,Computer,UPI,Grocery,3,5,5,0,1.61,4,88.0,118.5,22.43,5,6.1,0
CUST101992,Male,57,Married,3,0,Computer,UPI,Fashion,5,2,6,0,1.21,2,80.0,80.65,3.35,1,11.9,0
CUST104903,Female,34,Single,1,71,Computer,Debit Card,Mobile Phone,5,5,1,0,1.25,3,10.0,233.22,25.88,0,1.0,0
CUST102851,Male,19,Married,3,33,Mobile Phone,Cash on Delivery,Fashion,2,4,7,0,1.72,4,83.0,172.97,14.61,1,17.7,0
CUST102238,Male,42,Single,3,62,Mobile Phone,UPI,Laptop & Accessory,4,4,5,1,2.94,3,63.0,169.53,19.14,3,26.1,0
CUST100134,Female,20,Married,2,47,Computer,Cash on Delivery,Fashion,5,4,7,0,1.46,1,84.0,226.76,14.48,0,13.8,0
CUST103402,Female,33,Single,1,39,Mobile Phone,Cash on Delivery,Mobile Phone,2,3,5,0,2.63,5,36.0,232.81,10.1,5,10.4,0
CUST101983,Male,53,Single,1,67,Computer,Debit Card,Fashion,2,5,3,0,1.26,5,67.0,142.29,23.88,1,21.4,0
CUST102707,Male,40,Single,1,43,Mobile Phone,Debit Card,Mobile Phone,4,1,6,0,5.27,0,48.0,260.49,2.42,1,29.2,0
CUST100184,Female,61,Divorced,1,66,Mobile Phone,Cash on Delivery,Mobile Phone,2,3,6,0,1.12,4,32.0,60.59,17.26,1,11.5,0
CUST103197,Male,22,Single,3,40,Mobile Phone,E-wallet,Grocery,2,5,3,0,5.16,4,37.0,167.81,12.38,3,6.6,0
CUST102559,Male,21,Married,1,17,Computer,Debit Card,Fashion,1,5,1,0,0.32,6,80.0,198.96,19.63,0,6.3,0
CUST100511,Female,63,Married,3,65,Mobile Phone,Debit Card,Mobile Phone,3,4,6,0,1.44,3,31.0,168.44,,1,11.6,0
CUST100841,Female,38,Married,2,46,Mobile Phone,UPI,Laptop & Accessory,4,2,3,0,5.55,3,19.0,177.77,1.26,3,13.1,0
CUST104078,Male,29,Single,2,15,Mobile Phone,Credit Card,Mobile Phone,4,1,4,1,0.95,5,68.0,,17.73,2,10.4,1
CUST103158,Female,18,Divorced,3,67,Mobile Phone,Debit Card,Laptop & Accessory,2,4,6,0,8.27,2,21.0,106.45,20.84,0,1.0,0
CUST104095,Male,34,Married,1,50,Computer,Credit Card,Laptop & Accessory,1,1,5,0,0.32,4,7.0,151.65,19.01,1,17.3,1
CUST103738,Female,52,Single,3,2,Mobile Phone,Cash on Delivery,Grocery,3,3,7,0,3.44,4,67.0,159.44,17.09,0,15.9,0
CUST101397,Female,62,Married,2,32,Mobile Phone,Cash on Delivery,Laptop & Accessory,4,4,6,0,5.82,5,44.0,109.38,7.13,0,8.6,0
CUST100856,Female,51,Married,2,15,Mobile Phone,Debit Card,Fashion,5,1,3,0,5.24,3,24.0,135.33,10.15,1,24.0,0
CUST100251,Female,20,Single,3,3,Computer,UPI,Mobile Phone,3,3,6,0,3.69,3,82.0,195.24,27.2,0,11.5,0
CUST102759,Female,42,Single,2,35,Mobile Phone,Cash on Delivery,Grocery,5,1,3,0,0.63,4,58.0,148.46,18.18,2,9.7,0
CUST102886,Male,59,Married,1,19,Mobile Phone,UPI,Mobile Phone,2,1,4,1,0.31,6,37.0,152.85,10.9,1,1.6,0
CUST102702,Male,50,Single,2,13,Mobile Phone,UPI,Fashion,4,1,6,1,2.51,1,10.0,190.92,10.31,2,12.9,0
CUST102232,Male,42,,1,54,Computer,E-wallet,Mobile Phone,1,4,2,1,1.13,2,14.0,118.93,16.43,2,20.7,0
CUST100122,Male,55,Single,1,5,Computer,Cash on Delivery,Others,4,2,1,0,2.96,5,54.0,183.24,16.22,0,28.7,0
CUST102804,Male,23,Single,2,12,Mobile Phone,UPI,Mobile Phone,5,1,5,1,4.83,2,14.0,46.47,28.75,1,24.9,0
CUST102218,Female,66,Single,3,62,Mobile Phone,Cash on Delivery,Fashion,2,3,4,1,3.3,2,89.0,146.79,12.84,2,12.6,0
CUST102337,Male,35,Married,2,42,Mobile Phone,UPI,Fashion,1,3,5,1,1.97,1,30.0,82.8,11.6,3,11.2,0
CUST104797,Male,69,Single,1,49,Mobile Phone,Debit Card,Fashion,5,1,6,0,2.35,6,20.0,139.26,0.0,0,20.8,0
CUST100567,Male,37,Married,3,16,Mobile Phone,Debit Card,Others,4,1,3,1,1.28,4,21.0,90.42,18.48,3,28.9,0
CUST101392,Male,27,Married,2,52,Mobile Phone,E-wallet,Mobile Phone,5,2,2,1,0.56,4,69.0,69.01,16.99,1,23.1,0
CUST103206,Male,37,Married,1,18,Mobile Phone,Cash on Delivery,Mobile Phone,1,5,5,0,1.83,4,78.0,173.62,6.34,0,14.2,0
CUST102480,Male,68,Single,3,29,Computer,E-wallet,Laptop & Accessory,1,1,6,1,2.45,3,18.0,100.7,15.72,1,1.0,0
CUST102576,Female,31,Married,2,30,Mobile Phone,Debit Card,Laptop & Accessory,3,3,6,0,,1,50.0,124.68,21.43,0,1.2,0
CUST103750,Male,39,Single,2,61,Computer,Debit Card,Fashion,5,4,7,0,1.72,5,29.0,127.06,10.87,0,24.0,0
CUST103586,Male,52,Single,2,6,Mobile Phone,UPI,Grocery,3,3,2,1,1.62,3,46.0,196.34,13.51,2,19.8,1
CUST101477,Female,65,Married,3,48,Mobile Phone,Cash on Delivery,Fashion,5,3,4,1,1.81,5,57.0,124.53,21.43,2,10.8,0
CUST102925,Female,55,Single,1,50,Mobile Phone,Credit Card,Fashion,1,4,3,0,4.35,6,85.0,243.04,18.96,1,13.9,0
CUST101626,Male,44,Single,1,12,Mobile Phone,Credit Card,Others,4,2,6,1,2.01,7,23.0,168.98,22.8,1,12.0,0
CUST100720,Male,39,Married,1,54,Mobile Phone,Credit Card,Mobile Phone,4,2,1,0,0.66,3,59.0,267.36,8.94,1,13.2,0
CUST102876,Male,63,Single,3,42,Mobile Phone,Debit Card,Grocery,4,3,1,1,1.12,4,0.0,93.13,13.38,2,19.0,0
CUST102053,Female,25,Single,2,59,Mobile Phone,Cash on Delivery,Others,2,1,7,0,2.01,3,8.0,204.29,0.0,1,15.7,0
CUST101432,Male,44,Married,2,52,Mobile Phone,Debit Card,Others,5,3,2,0,3.88,4,64.0,170.15,21.25,2,15.4,0
CUST103810,Female,51,Married,1,21,Mobile Phone,Credit Card,Mobile Phone,3,2,4,1,0.48,2,10.0,,25.31,3,8.8,0
CUST100602,Female,21,Married,3,46,Mobile Phone,Cash on Delivery,Grocery,2,4,5,0,4.21,4,14.0,245.61,6.85,1,15.2,0
CUST101566,Male,24,Single,2,7,Mobile Phone,Credit Card,Laptop & Accessory,5,1,6,0,3.95,3,57.0,157.44,0.0,1,26.8,1
CUST103439,Female,41,Single,1,11,Mobile Phone,Debit Card,Others,1,1,4,0,,3,50.0,176.1,16.54,3,29.2,0
CUST102677,Female,25,Married,2,12,Mobile Phone,E-wallet,Laptop & Accessory,2,3,4,1,3.58,1,50.0,184.12,27.85,2,8.4,1
CUST103478,Female,38,Married,3,47,Mobile Phone,Cash on Delivery,Mobile Phone,5,5,2,1,0.71,3,30.0,174.31,23.38,3,20.6,0
CUST100318,Male,22,Married,3,31,Mobile Phone,E-wallet,Others,3,5,6,1,6.51,5,83.0,151.9,17.28,1,16.3,0
CUST104750,Male,52,Single,1,25,Mobile Phone,E-wallet,Others,2,4,4,1,2.94,2,57.0,72.96,22.65,1,12.6,1
CUST104767,Female,21,Single,2,24,Computer,UPI,Others,4,4,3,1,3.12,3,81.0,213.5,20.78,4,24.0,1
CUST100274,Female,30,Married,1,56,Computer,Credit Card,Mobile Phone,3,4,2,0,1.47,1,5.0,65.11,14.15,2,16.6,0
CUST101881,Female,54,Single,3,55,Mobile Phone,Credit Card,Fashion,4,1,5,1,3.09,3,86.0,220.81,11.96,0,20.3,0
CUST100549,Male,37,Married,2,49,Computer,UPI,Mobile Phone,3,5,1,1,2.45,3,43.0,119.19,4.55,2,13.9,1
CUST102813,Male,68,Single,1,29,Computer,Debit Card,Laptop & Accessory,4,3,2,0,4.15,2,56.0,68.82,32.31,0,7.1,1
CUST101029,Male,23,Married,3,0,Computer,Credit Card,Fashion,5,5,5,0,2.5,5,31.0,179.75,8.09,1,11.1,0
CUST104907,Male,49,Single,1,35,Mobile Phone,Credit Card,Grocery,3,5,1,0,2.4,2,27.0,141.01,8.7,1,10.6,0
CUST102954,Male,31,Divorced,3,13,Mobile Phone,Debit Card,Fashion,4,3,7,0,0.79,0,78.0,113.15,6.65,2,8.2,0
CUST100605,Female,55,Single,1,25,Mobile Phone,Debit Card,Fashion,2,4,6,0,3.73,3,67.0,122.68,11.99,4,26.7,0
CUST102233,Female,38,Married,1,41,Mobile Phone,Debit Card,Laptop & Accessory,4,5,4,0,1.57,1,29.0,214.83,2.0,3,15.1,0
CUST100527,Female,64,Married,2,20,Mobile Phone,UPI,Grocery,3,5,6,0,5.2,3,10.0,180.59,13.37,3,19.6,1
CUST102847,Male,58,Single,3,24,Computer,UPI,Laptop & Accessory,5,3,6,0,1.75,3,11.0,63.27,0.0,3,18.2,1
CUST102364,Female,38,Married,3,44,Computer,Debit Card,Mobile Phone,4,5,3,0,1.14,1,17.0,79.4,2.1,1,19.0,0
CUST103826,Male,39,Married,1,44,Mobile Phone,UPI,Fashion,1,5,7,0,1.0,1,73.0,213.26,9.94,3,13.6,0
CUST103796,Female,62,Single,1,0,Mobile Phone,Debit Card,Fashion,1,4,6,1,0.55,3,17.0,155.97,3.12,3,14.7,0
CUST104841,Male,23,Divorced,2,14,Mobile Phone,UPI,Grocery,3,5,5,0,3.82,0,27.0,155.01,9.37,1,13.1,0
CUST101833,Male,59,Married,2,67,Mobile Phone,Credit Card,Fashion,1,1,1,0,2.12,4,68.0,286.91,30.93,0,25.4,0
CUST100298,Female,58,,2,69,Computer,Credit Card,Grocery,4,3,6,0,3.1,7,17.0,151.85,14.04,1,21.6,0
CUST103793,Male,66,Divorced,2,40,Mobile Phone,Cash on Delivery,Laptop & Accessory,3,4,1,0,2.88,2,16.0,100.74,26.6,1,5.2,0
CUST102554,Male,52,Single,3,10,Mobile Phone,Debit Card,Mobile Phone,3,1,1,1,3.22,2,67.0,235.1,29.84,2,15.2,0
CUST101595,Female,65,Single,1,19,Mobile Phone,Debit Card,Grocery,5,5,5,0,7.42,3,13.0,153.56,15.44,1,18.5,0
CUST103106,Male,66,Single,3,37,Mobile Phone,Debit Card,Laptop & Accessory,4,5,3,0,4.2,4,22.0,25.81,19.3,0,3.3,0
CUST103749,Male,29,Single,2,41,Computer,Credit Card,Grocery,2,1,2,0,1.08,4,78.0,139.53,0.92,3,25.3,0
CUST102955,Male,40,Single,1,66,Mobile Phone,Cash on Delivery,Laptop & Accessory,1,2,1,0,2.22,2,47.0,237.74,13.71,1,15.8,0
CUST101583,Male,53,Married,1,68,Mobile Phone,Credit Card,Fashion,4,3,3,1,1.7,4,86.0,242.55,8.67,1,30.7,0
CUST102988,Male,34,Married,2,2,Mobile Phone,Cash on Delivery,Grocery,5,3,5,1,3.06,3,51.0,115.95,18.25,0,6.2,0
CUST101244,Male,46,Single,3,66,Mobile Phone,Debit Card,Laptop & Accessory,3,3,2,0,4.68,6,60.0,70.62,18.89,1,15.7,0
CUST100756,Male,26,Single,3,2,Computer,Credit Card,Laptop & Accessory,3,1,7,0,0.8,1,34.0,296.9,11.47,1,17.0,0
CUST101034,Male,43,Single,3,12,Mobile Phone,Debit Card,Fashion,5,3,5,0,4.26,2,63.0,242.02,15.81,2,17.7,0
CUST104435,Female,55,Married,3,6,Computer,E-wallet,Fashion,5,3,7,1,2.67,4,49.0,57.42,17.93,1,21.7,0
CUST102387,Male,43,Married,2,2,Mobile Phone,Debit Card,Fashion,4,3,1,0,0.18,1,32.0,263.23,15.84,4,9.7,1
CUST101242,Male,32,Married,2,68,Mobile Phone,UPI,Laptop & Accessory,3,1,1,0,1.61,3,38.0,155.31,25.79,1,23.2,0
CUST101485,Male,58,Divorced,2,71,Mobile Phone,Credit Card,Grocery,4,4,5,0,1.14,2,55.0,175.46,26.73,1,14.1,0
CUST101192,Female,53,Divorced,2,32,Mobile Phone,Debit Card,Mobile Phone,4,5,4,0,3.85,3,71.0,134.2,16.35,0,9.2,0
CUST101860,Female,23,Married,3,12,Computer,E-wallet,Laptop & Accessory,5,3,4,0,0.78,2,9.0,120.0,22.15,2,19.8,0
CUST100376,Female,41,Divorced,2,47,Computer,Debit Card,Fashion,2,4,5,1,3.42,4,75.0,243.14,13.37,1,22.4,0
CUST101032,Male,50,Single,3,36,Mobile Phone,UPI,Grocery,3,2,2,0,2.3,2,28.0,187.38,17.36,2,22.1,0
CUST104203,Female,31,Married,2,14,Mobile Phone,Debit Card,Grocery,4,3,7,1,4.46,5,41.0,151.15,21.0,2,9.4,0
CUST103544,Male,64,Married,1,66,Computer,Debit Card,Fashion,2,1,5,0,4.73,2,56.0,169.7,0.0,2,4.2,0
CUST101149,Female,34,Single,2,70,Mobile Phone,E-wallet,Mobile Phone,4,4,4,0,1.47,6,85.0,207.66,15.17,2,21.9,0
CUST100378,Male,34,Single,2,29,Mobile Phone,Debit Card,Laptop & Accessory,2,2,4,0,1.27,5,20.0,218.36,18.28,2,16.3,0
CUST101891,Female,31,Single,1,1,Computer,Credit Card,Mobile Phone,1,3,4,0,0.97,3,23.0,62.76,13.29,1,21.8,0
CUST104553,Female,38,Single,3,8,Mobile Phone,UPI,Laptop & Accessory,5,5,4,0,0.56,1,42.0,126.76,27.52,1,4.3,0
CUST103711,Female,35,Married,2,22,Mobile Phone,Credit Card,Grocery,3,4,4,0,1.61,6,40.0,223.59,17.11,3,4.5,0
CUST101909,Female,40,Married,2,14,Mobile Phone,Cash on Delivery,Mobile Phone,3,1,5,0,1.7,4,63.0,71.47,16.91,0,15.5,0
CUST101878,Female,68,Single,1,13,Computer,Debit Card,Grocery,5,1,3,1,2.32,1,32.0,72.09,3.7,2,19.5,0
CUST103699,Male,67,Single,1,1,Mobile Phone,Credit Card,Fashion,2,3,6,1,1.15,4,13.0,177.5,7.72,0,6.2,1
CUST102749,Male,32,Single,1,1,Mobile Phone,E-wallet,Grocery,3,4,4,0,3.13,8,63.0,153.75,24.71,2,19.9,0
CUST103107,Female,22,Single,1,56,Mobile Phone,Debit Card,Mobile Phone,4,4,7,0,8.35,3,56.0,148.19,21.78,0,20.2,0
CUST104382,Male,42,Single,2,3,Mobile Phone,UPI,Laptop & Accessory,4,3,6,1,3.7,3,71.0,0.0,21.06,2,12.8,1
CUST103822,Female,30,Married,1,50,Mobile Phone,E-wallet,Grocery,4,1,2,0,1.32,1,87.0,74.62,23.82,2,6.5,0
CUST103946,Male,61,Married,3,56,Mobile Phone,Credit Card,Fashion,2,5,2,1,1.01,2,38.0,131.52,23.92,1,3.2,0
CUST102655,Female,48,Married,2,68,Computer,Debit Card,Laptop & Accessory,1,2,2,1,6.33,8,58.0,125.44,10.52,1,33.1,0
CUST100794,Male,33,Single,1,13,Mobile Phone,E-wallet,Mobile Phone,3,3,4,0,1.69,3,63.0,209.6,10.99,0,16.9,0
CUST102522,Male,41,Married,3,0,Mobile Phone,Credit Card,Grocery,1,2,2,0,2.9,3,31.0,100.34,17.93,1,2.9,0
CUST102458,Male,42,Married,3,68,Mobile Phone,UPI,Fashion,1,4,5,0,2.9,4,1.0,179.39,0.0,1,3.5,0
CUST102809,Male,28,Married,1,68,Mobile Phone,Debit Card,Fashion,3,4,7,1,5.35,4,2.0,201.64,21.69,2,13.1,0
CUST100175,Male,39,Married,2,71,Computer,UPI,Mobile Phone,5,5,5,0,1.74,3,14.0,124.93,21.29,2,1.0,0
CUST101044,Male,29,Married,2,19,Computer,Debit Card,Others,2,1,2,0,0.08,6,51.0,216.84,8.24,1,8.0,0
CUST103945,Female,30,Married,3,1,Mobile Phone,Credit Card,Others,3,5,1,1,1.07,4,1.0,31.13,8.31,1,5.7,0
CUST103909,Female,55,Married,1,38,Computer,Credit Card,Fashion,3,3,6,1,5.19,3,18.0,92.61,13.01,2,23.9,0
CUST100045,Female,63,Married,2,33,Mobile Phone,E-wallet,Others,3,1,4,0,1.8,1,87.0,213.01,13.79,1,21.7,1
CUST102771,Female,63,Single,1,11,Mobile Phone,Credit Card,Laptop & Accessory,4,5,6,1,3.57,5,20.0,157.42,18.85,1,8.3,0
CUST104952,Male,20,Married,2,37,Mobile Phone,Credit Card,Mobile Phone,3,3,6,0,6.67,1,50.0,114.63,15.79,0,15.3,0
CUST102698,Male,56,Married,3,12,Mobile Phone,Cash on Delivery,Grocery,2,2,1,1,5.73,4,16.0,127.83,3.28,1,22.6,0
CUST103014,Male,31,Single,1,62,Mobile Phone,E-wallet,Laptop & Accessory,2,2,6,0,0.75,3,79.0,132.31,28.12,2,21.6,0
CUST104716,Male,18,Married,2,25,Computer,Credit Card,Others,3,5,6,0,3.89,4,61.0,179.6,4.7,0,5.0,0
CUST101755,Female,27,Married,2,60,Computer,Cash on Delivery,Grocery,3,3,4,0,0.23,3,48.0,248.74,7.25,1,19.9,0
CUST101197,Female,47,Single,1,32,Computer,Credit Card,Mobile Phone,4,1,1,1,1.53,4,49.0,90.28,19.13,2,13.2,1
CUST102067,Female,19,Single,3,67,Computer,Cash on Delivery,Fashion,5,1,3,1,1.11,0,89.0,105.21,34.04,1,20.1,0
CUST102615,Male,62,Married,3,56,Computer,Credit Card,Mobile Phone,5,5,1,0,2.29,2,82.0,195.69,16.87,3,30.3,0
CUST101705,Female,19,Single,2,58,Mobile Phone,E-wallet,Mobile Phone,5,5,6,1,1.0,4,61.0,108.19,8.39,0,17.9,0
CUST103119,Male,29,Married,2,60,Mobile Phone,UPI,Fashion,5,1,6,0,0.85,2,50.0,168.26,10.77,2,10.1,0
CUST102588,Male,51,Married,2,41,Mobile Phone,UPI,Laptop & Accessory,3,5,1,1,2.55,3,52.0,124.46,14.49,1,14.5,0
CUST100283,Male,47,Married,3,65,Mobile Phone,Credit Card,Laptop & Accessory,3,2,3,0,2.05,0,62.0,115.58,10.74,0,10.1,0
CUST103935,Male,27,Married,2,44,Mobile Phone,UPI,Laptop & Accessory,3,1,4,0,4.24,3,70.0,240.15,14.15,3,5.4,0
CUST103758,Female,68,Single,1,9,Mobile Phone,UPI,Mobile Phone,1,4,6,1,2.01,4,32.0,97.88,12.41,0,15.0,1
CUST104296,Male,36,Single,1,17,Mobile Phone,UPI,Mobile Phone,2,4,6,1,2.94,3,83.0,118.79,8.4,0,15.7,1
CUST101187,Female,18,Married,2,71,Computer,Credit Card,Fashion,1,2,6,0,4.08,3,86.0,141.36,3.77,1,1.8,1
CUST101260,Male,30,Single,2,66,Mobile Phone,Debit Card,Mobile Phone,4,3,4,0,0.99,3,11.0,228.64,9.4,0,13.8,0
CUST104422,Female,68,Divorced,2,36,Mobile Phone,Debit Card,Mobile Phone,5,1,1,0,0.71,4,70.0,187.33,16.28,3,16.6,0
CUST102088,Female,58,Married,1,60,Mobile Phone,Credit Card,Fashion,2,1,2,1,1.29,1,30.0,132.82,14.09,1,8.2,1
CUST102846,Male,39,Divorced,2,5,Computer,UPI,Mobile Phone,4,1,5,1,6.16,3,29.0,131.78,13.02,3,16.5,0
CUST103434,Male,39,Married,3,69,Computer,Credit Card,Mobile Phone,1,2,2,0,2.8,2,53.0,,2.71,0,11.1,0
CUST102145,Female,18,Divorced,1,57,Mobile Phone,Debit Card,Mobile Phone,5,5,4,0,1.33,1,62.0,86.29,19.13,2,11.3,0
CUST102867,Female,65,Single,2,69,Mobile Phone,Cash on Delivery,Laptop & Accessory,4,1,3,0,1.88,4,43.0,135.43,31.17,1,5.8,0
CUST104694,Male,56,Married,3,34,Mobile Phone,Credit Card,Mobile Phone,5,2,2,0,3.58,6,60.0,246.77,8.79,1,22.9,0
CUST101174,Male,21,Divorced,2,15,Mobile Phone,UPI,Grocery,3,5,5,0,4.81,5,21.0,,2.37,1,11.6,0
CUST101480,Male,30,Married,2,64,Computer,Debit Card,Fashion,1,5,1,1,1.51,1,87.0,321.98,15.26,2,16.1,1
CUST101539,Male,56,Single,3,25,Mobile Phone,Credit Card,Laptop & Accessory,3,3,2,0,3.42,3,17.0,116.21,21.73,3,10.1,1
CUST104573,Male,59,Married,1,15,Mobile Phone,Debit Card,Mobile Phone,1,2,4,1,,5,70.0,183.26,13.97,2,17.8,0
CUST101832,Male,51,Single,2,47,Computer,Credit Card,Fashion,3,3,5,1,2.27,3,22.0,267.45,12.95,0,32.0,0
CUST101702,Male,62,Single,1,29,Mobile Phone,Cash on Delivery,Mobile Phone,5,3,5,0,3.83,7,60.0,119.99,16.95,1,3.3,0
CUST103548,Male,20,Single,1,50,Mobile Phone,UPI,Laptop & Accessory,1,4,2,0,0.65,3,83.0,37.62,8.68,1,2.9,0
CUST100099,Female,68,Single,1,0,Mobile Phone,Cash on Delivery,Fashion,2,2,5,0,3.19,6,21.0,72.26,11.32,1,19.1,0
CUST101074,Female,29,Married,3,3,Mobile Phone,Cash on Delivery,Mobile Phone,4,2,6,0,,2,18.0,129.11,12.57,1,18.0,0
CUST101335,Female,64,Single,1,70,Computer,Debit Card,Mobile Phone,4,2,5,0,3.03,2,70.0,216.31,21.43,1,19.3,0
CUST104932,Female,53,Single,3,5,Mobile Phone,Cash on Delivery,Laptop & Accessory,4,5,2,0,4.79,1,12.0,44.5,25.24,0,11.5,0
CUST103047,Female,29,Married,2,34,Mobile Phone,Credit Card,Grocery,3,5,1,1,0.77,4,13.0,153.27,27.42,1,14.7,0
CUST100351,Male,20,Married,2,38,Mobile Phone,Credit Card,Mobile Phone,3,4,4,0,1.1,0,68.0,251.52,8.5,1,16.6,0
CUST102750,Male,51,Married,3,58,Computer,UPI,Mobile Phone,1,5,7,0,3.26,3,40.0,113.57,13.1,0,37.3,0
CUST102317,Female,18,Single,2,40,Computer,Cash on Delivery,Laptop & Accessory,3,5,5,1,1.86,3,39.0,88.78,16.6,5,30.7,0
CUST100896,Male,56,Single,1,63,Mobile Phone,Debit Card,Mobile Phone,2,2,2,1,1.13,3,53.0,228.69,23.55,1,19.6,0
CUST104644,Male,43,Single,1,50,Mobile Phone,UPI,Others,1,3,7,0,4.19,5,41.0,0.0,15.93,3,18.5,0
CUST100718,Female,32,Married,1,3,Computer,Credit Card,Laptop & Accessory,3,5,6,0,2.72,3,87.0,116.78,18.49,0,8.7,0
CUST104320,Female,69,Single,2,45,Mobile Phone,Cash on Delivery,Mobile Phone,2,2,2,0,0.47,5,35.0,123.39,21.72,0,21.9,0
CUST102741,Female,63,Married,1,39,Mobile Phone,Debit Card,Others,3,5,7,0,5.72,3,76.0,229.87,12.08,2,21.3,0
CUST102528,Female,55,Single,2,60,Mobile Phone,Credit Card,Laptop & Accessory,1,5,3,0,1.01,4,22.0,145.34,22.55,3,27.3,0
CUST100308,Male,23,Married,2,34,Computer,UPI,Laptop & Accessory,3,1,5,0,0.62,3,24.0,85.62,13.96,1,11.6,0
CUST101536,Female,51,Single,2,47,Mobile Phone,E-wallet,Others,2,2,1,0,4.46,1,27.0,120.46,25.76,1,9.8,0
CUST100833,Female,19,Married,2,63,Mobile Phone,Credit Card,Fashion,1,5,3,0,2.59,7,54.0,154.43,18.9,3,10.6,0
CUST100366,Female,30,Married,3,37,Mobile Phone,E-wallet,Fashion,4,1,3,1,6.79,4,31.0,150.47,0.0,1,23.4,0
CUST104231,Male,64,Married,1,31,Mobile Phone,UPI,Fashion,3,2,2,0,1.45,2,23.0,155.9,19.99,2,20.7,1
CUST102095,Male,22,Married,1,39,Mobile Phone,E-wallet,Mobile Phone,5,5,5,0,1.68,2,6.0,155.05,15.66,2,18.7,0
CUST100931,Male,60,Married,3,58,Computer,Credit Card,Mobile Phone,2,1,5,0,1.15,4,29.0,144.82,16.5,0,10.4,0
CUST103787,Male,28,Single,1,15,Computer,Debit Card,Laptop & Accessory,2,3,1,0,2.96,2,22.0,144.18,15.65,4,8.2,0
CUST103078,Female,66,Single,2,21,Mobile Phone,Cash on Delivery,Fashion,5,4,1,0,3.21,1,16.0,115.58,17.69,1,19.7,0
CUST101295,Male,22,Single,3,14,Computer,UPI,Laptop & Accessory,3,4,5,0,1.05,2,6.0,159.05,14.7,0,14.6,0
CUST100019,Female,38,Single,2,42,Mobile Phone,Cash on Delivery,Fashion,1,3,2,0,2.96,1,75.0,244.04,12.4,0,11.8,0
CUST103204,Female,69,Single,2,12,Computer,Debit Card,Laptop & Accessory,2,3,3,0,7.24,4,23.0,180.12,10.7,1,5.3,0
CUST102964,Male,69,Single,2,23,Mobile Phone,Credit Card,Laptop & Accessory,3,2,4,0,8.04,3,71.0,178.09,0.0,1,12.8,0
CUST100915,Female,51,Single,3,18,Mobile Phone,Credit Card,Grocery,2,5,1,0,3.41,3,48.0,64.29,,2,14.4,0
CUST100218,Female,53,Single,1,56,Computer,Credit Card,Laptop & Accessory,5,1,2,1,1.1,6,40.0,105.64,5.2,3,15.1,0
CUST103652,Male,56,Married,1,33,Computer,Credit Card,Laptop & Accessory,4,2,2,1,2.13,3,73.0,233.54,13.72,2,18.6,0
CUST100438,Female,21,Divorced,3,32,Mobile Phone,Credit Card,Fashion,2,1,3,0,6.66,4,56.0,213.57,25.01,2,21.6,0
CUST103915,Male,46,Single,2,12,Computer,Credit Card,Fashion,4,1,1,0,6.54,12,53.0,136.84,11.33,1,24.9,0
CUST103871,Male,54,Single,2,40,Computer,Debit Card,Fashion,2,3,5,1,0.92,1,1.0,,0.0,3,14.2,0
CUST103309,Male,45,Single,1,33,Mobile Phone,Cash on Delivery,Others,4,1,7,0,1.83,2,43.0,84.71,25.2,2,27.3,0
CUST103454,Female,31,Divorced,1,1,Mobile Phone,Credit Card,Laptop & Accessory,5,4,7,0,0.92,5,66.0,72.75,16.82,3,5.1,0
CUST101055,Female,28,Divorced,2,52,Mobile Phone,Credit Card,Mobile Phone,1,5,5,0,3.53,3,63.0,244.81,9.88,3,7.9,0
CUST104665,Male,36,Single,2,51,Mobile Phone,UPI,Fashion,1,4,2,1,1.41,1,4.0,139.82,13.38,0,14.2,0
CUST101020,Female,41,Single,2,22,Computer,UPI,Fashion,4,5,4,1,0.56,3,60.0,89.07,18.47,2,15.2,0
CUST103966,Male,38,Married,2,8,Mobile Phone,Credit Card,Laptop & Accessory,4,1,2,1,3.1,1,20.0,152.33,22.27,1,14.0,1
CUST100802,Female,31,Single,2,50,Computer,Cash on Delivery,Laptop & Accessory,2,4,4,0,1.43,3,7.0,197.72,3.14,0,4.8,1
CUST103017,Male,48,Single,2,50,Mobile Phone,Credit Card,Fashion,3,3,4,0,3.75,7,30.0,69.03,24.92,1,20.4,0
CUST102245,Male,53,Single,2,14,Mobile Phone,UPI,Others,5,1,2,1,1.44,5,48.0,97.11,22.47,0,26.9,0
CUST103747,Female,36,Single,2,69,Mobile Phone,Debit Card,Mobile Phone,3,3,5,1,1.47,4,59.0,187.53,13.83,1,7.0,1
CUST104313,Female,62,Married,2,30,Mobile Phone,Credit Card,Laptop & Accessory,3,4,1,0,3.88,6,36.0,179.74,6.58,1,28.8,0
CUST100582,Male,50,Married,2,1,Mobile Phone,Debit Card,Mobile Phone,3,4,3,0,0.91,3,24.0,169.01,15.46,4,17.3,0
CUST100203,Male,33,Married,2,70,Computer,UPI,Laptop & Accessory,1,1,4,0,1.05,3,37.0,189.49,6.22,0,7.4,0
CUST104066,Male,41,Married,3,21,Mobile Phone,Credit Card,Mobile Phone,5,5,7,0,5.22,7,19.0,139.57,8.16,3,16.4,0
CUST103437,Male,50,Divorced,1,56,Mobile Phone,Credit Card,Laptop & Accessory,2,1,2,0,3.39,4,61.0,226.15,10.25,1,17.8,0
CUST102266,Female,33,Single,2,66,Computer,Credit Card,Fashion,5,4,6,0,1.11,7,67.0,25.59,0.0,2,22.3,0
CUST102197,Male,51,Single,1,30,Mobile Phone,UPI,Fashion,3,2,1,0,3.32,2,41.0,294.0,11.86,2,34.4,0
CUST103428,Female,19,Married,1,8,Mobile Phone,UPI,Fashion,3,5,2,1,3.85,1,3.0,186.52,7.7,1,21.6,0
CUST103846,Female,42,Married,3,29,Mobile Phone,Debit Card,Mobile Phone,4,2,6,0,5.08,7,86.0,114.64,11.01,5,16.1,0
CUST101281,Male,38,Married,2,20,Mobile Phone,Credit Card,Fashion,5,2,7,0,5.17,2,38.0,161.44,20.42,0,21.9,0
CUST100952,Male,65,Married,1,58,Computer,Cash on Delivery,Grocery,2,2,7,0,3.15,1,29.0,67.06,12.0,0,18.8,0
CUST101818,Male,57,Divorced,1,49,Mobile Phone,Credit Card,Grocery,2,2,1,0,4.57,6,80.0,235.67,24.73,1,20.0,0
CUST102406,Female,43,Single,2,50,Computer,Debit Card,Grocery,3,1,2,1,3.28,3,18.0,255.22,19.55,1,12.3,0
CUST103371,Male,36,Single,2,70,Mobile Phone,UPI,Mobile Phone,5,4,1,0,2.34,2,11.0,186.65,18.46,0,18.9,0
CUST100517,Female,40,Married,2,25,Computer,E-wallet,Fashion,2,2,6,1,1.83,7,20.0,219.68,6.53,2,1.3,0
CUST102826,Male,43,Single,3,53,Mobile Phone,Debit Card,Fashion,5,3,1,0,1.77,5,42.0,147.85,29.4,3,14.2,0
CUST101600,Female,64,Single,3,71,Mobile Phone,UPI,Mobile Phone,2,3,4,0,0.87,2,65.0,119.85,17.41,1,2.8,0
CUST102440,Female,39,Single,3,33,Mobile Phone,UPI,Others,5,4,1,1,3.57,3,89.0,171.61,0.61,2,4.3,0
CUST100668,Male,39,Single,1,24,Mobile Phone,Cash on Delivery,Laptop & Accessory,1,1,4,0,1.07,1,29.0,209.77,14.44,3,6.1,0
CUST103623,Female,32,,3,40,Mobile Phone,Credit Card,Laptop & Accessory,3,1,7,1,1.79,3,57.0,109.2,18.58,1,18.6,0
CUST103012,Female,64,Married,3,58,Computer,UPI,Mobile Phone,2,1,7,0,3.89,6,71.0,145.45,19.7,2,8.4,0
CUST104926,Male,48,Married,2,8,Mobile Phone,Credit Card,Grocery,5,3,3,1,2.03,2,0.0,198.12,5.54,0,3.2,0
CUST102924,Male,35,Divorced,3,19,Mobile Phone,Debit Card,Others,3,5,6,0,2.76,2,32.0,143.11,21.3,1,8.8,1
CUST103660,Male,57,Married,2,3,Computer,Cash on Delivery,Grocery,1,4,6,1,3.49,6,64.0,261.65,31.95,1,17.8,0
CUST102907,Male,32,Married,2,69,Mobile Phone,Debit Card,Fashion,2,5,5,0,0.98,1,23.0,134.78,16.27,4,16.3,0
CUST102373,Male,55,Married,1,56,Mobile Phone,Cash on Delivery,Mobile Phone,5,2,3,0,1.26,2,,70.94,17.1,2,13.0,0
CUST104631,Male,26,Divorced,1,12,Computer,Debit Card,Mobile Phone,3,1,1,1,0.51,4,88.0,117.59,28.06,3,10.5,1
CUST104954,Male,40,Married,2,25,Mobile Phone,E-wallet,Mobile Phone,1,4,4,0,3.49,3,12.0,200.33,18.21,1,7.2,0
CUST103413,Male,26,Single,1,45,Mobile Phone,UPI,Mobile Phone,2,1,2,1,1.93,2,55.0,96.54,11.42,2,12.3,0
CUST101173,Female,47,Single,3,67,Computer,Cash on Delivery,Mobile Phone,1,2,4,0,5.76,2,49.0,148.55,14.83,2,6.7,0
CUST100759,Male,61,Single,3,68,Mobile Phone,E-wallet,Grocery,1,2,1,0,1.42,5,16.0,219.0,20.27,1,8.9,0
CUST101047,Female,53,Single,2,29,Mobile Phone,Cash on Delivery,Mobile Phone,1,1,4,0,2.39,4,15.0,198.45,8.81,2,10.0,0
CUST101374,Female,51,Married,1,48,Mobile Phone,UPI,Mobile Phone,1,5,2,0,3.35,3,31.0,297.74,33.08,0,15.4,0
CUST102688,Male,39,Married,1,23,Mobile Phone,E-wallet,Fashion,5,2,4,0,1.35,5,46.0,128.24,,2,14.8,0
CUST102580,Male,44,Single,1,57,Mobile Phone,E-wallet,Fashion,2,2,1,0,2.62,2,3.0,150.63,11.06,1,14.3,0
CUST103724,Female,37,Single,3,1,Computer,Credit Card,Fashion,2,4,1,0,2.48,1,38.0,127.75,11.05,2,11.4,1
CUST104105,Male,37,Single,1,45,Mobile Phone,UPI,Grocery,3,4,7,1,0.79,2,59.0,215.4,20.82,1,26.0,0
CUST100214,Female,60,Single,2,10,Computer,Credit Card,Grocery,2,3,1,1,1.59,1,71.0,138.09,0.46,0,12.1,0
CUST103352,Male,35,Married,2,8,Mobile Phone,Debit Card,Laptop & Accessory,5,3,5,0,3.62,1,55.0,199.66,,0,19.3,0
CUST103339,Female,61,Married,1,21,Computer,UPI,Others,3,2,4,1,1.02,3,42.0,156.35,13.91,4,6.4,0
CUST100693,Male,55,Married,1,36,Computer,Cash on Delivery,Laptop & Accessory,5,5,5,0,5.35,1,72.0,195.7,22.6,1,4.6,0
CUST103689,Male,49,Single,1,45,Mobile Phone,UPI,Grocery,3,3,2,0,,5,5.0,134.17,15.27,1,4.2,0
CUST101437,Male,23,Divorced,1,29,Mobile Phone,UPI,Mobile Phone,2,2,2,0,1.84,5,56.0,124.89,15.21,1,14.3,0
CUST102135,Female,29,Divorced,2,32,Mobile Phone,E-wallet,Fashion,1,2,1,0,1.65,2,45.0,29.99,15.58,1,9.3,0
CUST102995,Male,42,Single,1,33,Mobile Phone,UPI,Mobile Phone,5,4,2,0,2.43,3,15.0,194.61,4.47,5,4.4,0
CUST101786,Male,45,Single,2,5,Mobile Phone,Credit Card,Fashion,2,5,7,1,2.56,2,66.0,287.15,2.73,6,28.6,1
CUST101268,Male,62,Married,1,58,Computer,Cash on Delivery,Laptop & Accessory,2,2,3,0,6.08,5,34.0,232.39,18.14,1,24.7,0
CUST102555,Female,52,Single,2,57,Mobile Phone,Debit Card,Grocery,2,5,7,0,0.98,3,50.0,242.15,22.75,2,19.9,0
CUST101001,Male,26,Single,1,40,Computer,E-wallet,Fashion,4,3,2,1,1.79,2,87.0,160.21,13.19,1,6.3,0
CUST100196,Female,49,Divorced,1,37,Mobile Phone,Debit Card,Fashion,1,3,5,0,2.06,2,42.0,145.71,3.4,1,16.9,0
CUST103742,Female,37,Single,2,70,Mobile Phone,Credit Card,Mobile Phone,4,2,3,0,5.15,4,27.0,141.42,18.58,2,32.3,0
CUST104675,Male,43,Single,1,33,Mobile Phone,UPI,Fashion,1,2,2,0,1.3,3,24.0,124.31,13.11,1,25.5,0
CUST101720,Male,42,Single,1,57,Computer,E-wallet,Laptop & Accessory,3,3,6,0,1.16,0,75.0,57.51,12.2,2,17.4,0
CUST100879,Female,26,Married,3,44,Mobile Phone,Cash on Delivery,Laptop & Accessory,4,3,1,0,3.05,1,66.0,111.11,8.62,0,20.6,0
CUST104582,Female,28,Single,2,60,Computer,E-wallet,Mobile Phone,1,4,3,0,,3,20.0,95.89,13.37,2,19.1,0
CUST102167,Male,22,Single,3,0,Computer,Cash on Delivery,Mobile Phone,4,5,1,0,6.58,3,43.0,37.43,2.57,0,14.4,0
CUST104593,Male,53,Single,3,1,Computer,Cash on Delivery,Fashion,3,4,1,0,2.75,2,12.0,153.47,25.02,4,4.6,0
CUST103245,Female,18,Married,3,62,Computer,UPI,Grocery,1,2,2,0,0.31,1,2.0,182.17,13.36,3,7.2,0
CUST100887,Male,56,Single,3,36,Mobile Phone,Debit Card,Laptop & Accessory,4,2,1,0,2.69,3,2.0,57.06,20.85,2,24.1,0
CUST101736,Female,24,Married,3,39,Mobile Phone,UPI,Mobile Phone,4,4,3,0,2.32,1,76.0,80.94,11.59,5,20.8,1
CUST100068,Male,34,Single,1,18,Mobile Phone,E-wallet,Laptop & Accessory,3,2,5,0,1.76,4,82.0,124.21,23.67,2,29.0,0
CUST102499,Male,37,Single,1,39,Mobile Phone,Debit Card,Grocery,5,5,4,0,1.89,4,74.0,120.64,8.96,0,15.2,0
CUST104388,Female,38,Single,1,65,Mobile Phone,UPI,Fashion,2,4,2,0,6.73,7,34.0,140.8,18.25,0,21.5,0
CUST100568,Male,67,Single,1,18,Computer,Credit Card,Grocery,5,5,6,0,4.25,5,49.0,,4.3,3,21.2,0
CUST101654,Female,55,Single,1,0,Mobile Phone,Cash on Delivery,Grocery,2,5,4,1,5.1,0,57.0,94.92,0.88,3,22.0,1
CUST100096,Male,68,Married,1,20,Computer,UPI,Mobile Phone,3,4,3,0,1.12,1,88.0,149.91,10.25,1,15.1,1
CUST101623,Male,21,Married,2,22,Computer,Cash on Delivery,Mobile Phone,5,5,4,0,1.48,3,39.0,42.92,16.89,1,15.6,0
CUST104864,Female,56,Married,1,29,Mobile Phone,Cash on Delivery,Mobile Phone,1,3,5,0,3.14,6,70.0,132.99,19.42,4,18.8,1
CUST100139,Male,44,Single,1,70,Mobile Phone,Cash on Delivery,Fashion,3,2,1,1,2.75,0,14.0,164.27,33.21,2,27.8,0
CUST102414,Male,22,Married,2,40,Mobile Phone,E-wallet,Others,4,5,5,0,0.91,1,43.0,50.36,7.22,2,21.7,1
CUST102620,Female,62,Single,2,71,Mobile Phone,Debit Card,Mobile Phone,5,1,4,1,2.93,3,76.0,163.7,11.61,2,10.9,1
CUST101617,Female,21,Married,1,26,Mobile Phone,E-wallet,Fashion,3,1,6,0,3.06,0,6.0,41.6,0.0,1,1.3,0
CUST104391,Female,67,Single,2,27,Mobile Phone,E-wallet,Laptop & Accessory,4,1,1,0,3.96,3,22.0,88.92,34.46,0,23.0,0
CUST103441,Male,38,Single,1,70,Mobile Phone,Debit Card,Others,4,5,4,0,1.83,4,23.0,37.67,16.83,4,33.8,0
CUST104679,Female,64,Single,2,69,Computer,UPI,Fashion,3,1,6,1,2.75,6,73.0,263.59,24.34,3,18.1,0
CUST101844,Male,25,Married,2,37,Computer,Debit Card,Mobile Phone,2,1,4,0,3.02,7,83.0,154.5,10.64,1,22.0,0
CUST101721,Male,49,Married,2,12,Mobile Phone,Credit Card,Mobile Phone,2,4,7,1,2.09,3,38.0,91.06,18.49,4,9.5,0
CUST103260,Male,52,Married,1,2,Computer,Credit Card,Grocery,4,5,5,0,2.0,0,41.0,101.23,17.41,0,19.4,0
CUST100463,Male,65,Single,2,31,Mobile Phone,E-wallet,Mobile Phone,5,4,6,1,4.62,5,54.0,,6.04,2,9.7,1
CUST102347,Female,40,Married,1,13,Computer,Debit Card,Fashion,1,5,1,0,2.76,3,34.0,195.61,14.14,3,11.4,0
CUST103418,Male,40,Married,1,17,Mobile Phone,UPI,Mobile Phone,1,2,3,0,0.33,3,61.0,105.63,17.57,1,19.0,1
CUST103405,Female,68,Married,2,32,Mobile Phone,Credit Card,Fashion,5,2,6,1,1.34,1,1.0,110.58,2.01,6,29.0,0
CUST100594,Male,51,Married,3,63,Mobile Phone,Credit Card,Fashion,4,5,5,0,1.46,5,72.0,63.29,13.21,0,10.2,0
CUST101340,Male,68,Married,2,60,Computer,Cash on Delivery,Fashion,2,5,2,1,3.4,1,21.0,114.14,11.95,2,13.3,0
CUST100625,Male,36,Married,2,50,Mobile Phone,Credit Card,Fashion,2,4,6,0,4.02,6,82.0,62.65,12.53,3,3.3,0
CUST100450,Male,59,Single,2,68,Computer,Credit Card,Mobile Phone,2,4,2,0,0.92,5,75.0,170.67,20.12,1,15.9,0
CUST103268,Female,29,Single,2,2,Mobile Phone,Credit Card,Grocery,4,2,3,0,,5,77.0,186.74,8.64,3,11.4,1
CUST103311,Female,37,Single,2,65,Computer,UPI,Grocery,2,3,6,0,1.7,1,49.0,144.03,17.63,2,5.3,0
CUST102405,Male,47,Married,2,15,Computer,UPI,Others,4,4,3,1,2.65,4,1.0,148.85,19.26,4,1.9,0
CUST101330,Female,69,Single,2,29,Computer,E-wallet,Mobile Phone,1,4,3,1,1.61,2,2.0,191.03,10.76,2,21.8,1
CUST101924,Male,69,Married,1,39,Mobile Phone,Credit Card,Fashion,3,1,4,0,2.32,4,51.0,148.67,20.01,2,1.0,0
CUST101504,Female,33,Single,3,57,Mobile Phone,UPI,Laptop & Accessory,4,2,4,1,4.18,5,21.0,152.04,26.11,1,24.2,0
CUST101941,Male,38,Married,2,32,Mobile Phone,Credit Card,Fashion,5,3,4,0,2.1,4,67.0,145.02,17.28,1,10.3,1
CUST104333,Male,55,Single,1,69,Mobile Phone,UPI,Mobile Phone,3,4,2,1,4.95,6,67.0,52.72,17.09,1,21.7,0
CUST103648,Male,57,Single,1,69,Mobile Phone,Debit Card,Grocery,5,5,3,1,2.34,4,83.0,,26.69,0,1.0,0
CUST103948,Female,33,Married,3,65,Mobile Phone,Cash on Delivery,Laptop & Accessory,5,2,1,0,2.25,4,55.0,148.47,11.44,0,9.4,0
CUST100150,Female,49,Single,2,66,Mobile Phone,Credit Card,Laptop & Accessory,4,4,4,0,7.36,0,6.0,113.87,3.42,3,16.9,0
CUST103168,Male,35,Married,2,63,Mobile Phone,Credit Card,Fashion,3,4,7,0,1.76,1,85.0,,25.41,2,18.2,0
CUST103972,Female,27,Single,1,70,Mobile Phone,UPI,Laptop & Accessory,3,4,3,0,0.52,3,35.0,24.99,20.56,2,10.3,0
CUST102704,Female,23,Married,1,18,Computer,Debit Card,Fashion,2,5,1,0,3.95,2,38.0,181.56,3.77,3,25.0,0
CUST101482,Female,19,Married,1,2,Mobile Phone,Cash on Delivery,Others,3,1,3,1,1.44,3,84.0,287.34,7.98,0,19.8,0
CUST100088,Male,39,Single,1,34,Mobile Phone,Credit Card,Laptop & Accessory,3,1,5,0,1.93,0,55.0,136.49,17.14,3,13.7,0
CUST100457,Male,28,Single,1,43,Computer,Credit Card,Mobile Phone,5,3,4,0,2.99,3,63.0,145.14,20.81,1,1.0,0
CUST102418,Male,25,Single,2,12,Mobile Phone,Credit Card,Others,5,5,6,0,,1,70.0,173.41,18.53,2,19.5,0
CUST102945,Male,69,Married,2,59,Mobile Phone,E-wallet,Laptop & Accessory,1,4,3,0,1.56,1,26.0,123.79,11.99,2,3.7,1
CUST103291,Female,23,Single,2,51,Computer,Credit Card,Fashion,3,2,6,0,2.25,1,61.0,214.19,10.24,2,21.7,0
CUST103248,Female,50,Divorced,3,10,Mobile Phone,E-wallet,Laptop & Accessory,4,5,1,1,0.22,4,41.0,210.2,16.0,1,4.7,1
CUST102018,Female,22,Married,2,37,Computer,Cash on Delivery,Others,4,5,2,0,3.0,3,57.0,236.32,,1,27.5,0
CUST101672,Female,65,Single,2,21,Mobile Phone,Cash on Delivery,Laptop & Accessory,3,1,5,1,1.89,6,1.0,198.67,2.98,0,1.0,0
CUST103670,Male,65,Divorced,3,11,Mobile Phone,Credit Card,Fashion,4,5,7,1,1.26,1,4.0,201.56,18.0,0,29.5,0
CUST100831,Female,42,Single,1,70,Mobile Phone,UPI,Laptop & Accessory,3,4,4,1,1.11,3,20.0,134.09,7.5,1,27.0,0
CUST100239,Male,44,Single,2,60,Mobile Phone,E-wallet,Mobile Phone,1,2,3,0,0.73,4,18.0,183.45,9.37,0,6.1,0
CUST104696,Male,47,Married,1,27,Computer,Credit Card,Fashion,2,1,7,0,1.3,5,0.0,193.48,18.09,1,14.1,0
CUST100999,Male,31,Single,3,68,Mobile Phone,Credit Card,Grocery,3,5,5,0,7.69,5,49.0,32.58,22.39,1,9.1,0
CUST102592,Female,34,Single,3,34,Mobile Phone,Credit Card,Fashion,4,3,2,1,0.75,1,28.0,190.16,3.16,0,20.1,0
CUST102399,Female,69,Single,2,8,Mobile Phone,E-wallet,Laptop & Accessory,4,2,2,1,1.13,3,66.0,131.64,35.04,2,23.1,0
CUST104289,Female,62,Single,1,62,Mobile Phone,Debit Card,Grocery,4,1,7,0,1.45,5,60.0,213.94,9.31,0,6.2,0
CUST101253,Female,56,Single,1,30,Mobile Phone,UPI,Fashion,4,5,5,0,2.5,5,40.0,116.7,9.12,3,22.4,0
CUST100192,Male,18,Single,1,47,Computer,Credit Card,Grocery,4,4,1,0,1.13,1,16.0,114.0,26.15,5,10.5,0
CUST103631,Female,27,Married,3,67,Computer,UPI,Laptop & Accessory,2,3,4,0,1.24,1,52.0,52.1,3.87,3,19.5,0
CUST103767,Male,59,Married,1,66,Mobile Phone,Credit Card,Fashion,1,2,6,0,4.76,6,67.0,71.98,1.21,0,1.7,0
CUST103867,Male,54,Married,3,32,Mobile Phone,Debit Card,Fashion,5,3,5,0,3.29,3,59.0,204.58,19.94,3,5.2,0
CUST100944,Male,49,Single,3,35,Computer,UPI,Mobile Phone,3,1,5,0,2.27,2,9.0,113.17,29.3,2,20.2,0
CUST104194,Male,32,Divorced,3,58,Mobile Phone,Cash on Delivery,Laptop & Accessory,2,4,6,1,1.74,3,47.0,131.13,23.71,3,14.7,0
CUST104121,Female,26,Single,1,48,Mobile Phone,E-wallet,Laptop & Accessory,5,3,6,0,3.97,7,65.0,248.79,18.48,2,18.8,0
CUST104244,Female,33,Married,1,28,Mobile Phone,Cash on Delivery,Grocery,5,5,1,0,3.6,1,31.0,132.12,8.23,1,6.6,0
CUST104902,Male,51,Divorced,1,41,Mobile Phone,Credit Card,Laptop & Accessory,5,3,1,0,,0,86.0,173.55,7.81,1,1.9,0
CUST104438,Male,27,Single,1,6,Computer,E-wallet,Mobile Phone,5,1,1,0,1.38,6,86.0,174.49,31.09,0,26.6,0
CUST103038,Male,35,Married,1,62,Mobile Phone,Cash on Delivery,Mobile Phone,4,3,6,1,0.37,1,43.0,73.55,14.36,1,14.2,0
CUST102574,Female,28,Married,2,5,Computer,UPI,Laptop & Accessory,3,1,6,0,1.16,4,3.0,42.05,17.88,0,22.5,0
CUST104154,Female,41,Divorced,2,11,Mobile Phone,UPI,Others,5,5,7,1,2.28,2,12.0,157.3,14.52,0,11.4,0
CUST103879,Male,32,Married,1,12,Computer,UPI,Fashion,3,1,2,0,1.06,3,59.0,183.48,13.61,3,15.5,0
CUST104227,Male,45,Single,1,16,Mobile Phone,Debit Card,Laptop & Accessory,1,1,1,0,1.8,3,6.0,66.1,36.91,1,17.3,0
CUST104950,Male,41,Married,3,66,Mobile Phone,UPI,Fashion,4,3,1,0,1.64,5,47.0,121.22,27.65,2,27.1,0
CUST101375,Male,28,Married,1,29,Mobile Phone,Debit Card,Grocery,4,1,3,1,2.4,2,26.0,196.98,18.64,3,9.5,0
CUST103916,Male,25,Single,1,55,Mobile Phone,Credit Card,Fashion,1,1,2,0,2.91,3,34.0,95.23,1.73,2,28.8,0
CUST102990,Female,22,Single,2,59,Mobile Phone,UPI,Laptop & Accessory,2,4,7,0,1.84,3,18.0,145.35,22.7,1,1.0,0
CUST102144,Male,40,Married,1,68,Computer,E-wallet,Grocery,4,1,2,0,3.5,0,,87.75,6.43,4,9.7,0
CUST104758,Male,39,Married,1,20,Mobile Phone,Cash on Delivery,Laptop & Accessory,1,5,1,0,2.44,7,44.0,134.04,,0,17.0,0
CUST102531,Female,61,Married,2,30,Computer,Credit Card,Laptop & Accessory,1,3,6,0,4.9,1,86.0,92.53,9.43,7,20.8,1
CUST104931,Female,18,Married,1,0,Mobile Phone,Credit Card,Grocery,1,1,7,0,1.98,6,21.0,156.05,11.34,2,18.0,0
CUST100191,Male,46,Single,1,63,Computer,Credit Card,Laptop & Accessory,1,5,6,0,3.36,4,48.0,47.32,13.39,1,19.1,0
CUST101489,Male,53,Single,2,67,Computer,Credit Card,Others,1,1,1,0,2.13,5,16.0,162.64,18.05,2,14.9,0
CUST102890,Male,18,Single,2,35,Mobile Phone,Debit Card,Laptop & Accessory,3,3,1,0,7.2,3,84.0,88.23,14.06,2,5.5,0
CUST102473,Male,39,Married,1,38,Mobile Phone,Credit Card,Grocery,2,1,1,0,2.0,4,84.0,104.23,7.78,1,17.0,0
CUST102727,Male,24,Divorced,2,42,Computer,Debit Card,Mobile Phone,5,1,3,1,4.28,4,40.0,183.73,11.63,1,22.0,0
CUST101215,Female,49,Married,1,60,Computer,Credit Card,Grocery,2,3,5,1,4.46,5,48.0,52.93,,1,27.5,0
CUST104036,Male,45,Single,3,22,Mobile Phone,Cash on Delivery,Fashion,2,5,1,0,2.95,3,15.0,78.95,18.89,2,9.0,0
CUST102984,Male,35,Married,1,59,Computer,Debit Card,Laptop & Accessory,3,3,4,0,6.62,2,41.0,210.75,34.61,1,13.0,1
CUST102882,Female,54,Married,1,10,Mobile Phone,Credit Card,Fashion,2,3,4,0,2.05,5,86.0,44.69,14.44,4,15.5,1
CUST103668,Male,32,Married,2,27,Mobile Phone,Credit Card,Fashion,1,4,2,1,2.26,3,20.0,40.43,19.64,2,19.0,0
CUST101103,Female,21,Single,2,54,Mobile Phone,Debit Card,Laptop & Accessory,5,2,4,0,2.48,2,42.0,70.18,16.55,1,20.3,0
CUST104403,Male,35,Married,2,8,Computer,E-wallet,Others,3,3,4,1,3.33,2,50.0,121.01,15.26,1,5.7,1
CUST103999,Male,56,Married,2,15,Mobile Phone,Cash on Delivery,Laptop & Accessory,1,3,3,0,,3,85.0,228.53,10.11,0,19.2,1
CUST101665,Female,35,Single,2,5,Mobile Phone,Debit Card,Mobile Phone,4,4,5,0,1.71,1,71.0,101.12,7.8,2,18.1,1
CUST100166,Female,36,Single,3,64,Mobile Phone,Cash on Delivery,Laptop & Accessory,2,2,4,0,4.55,2,7.0,168.98,1.53,1,25.9,0
CUST101616,Male,37,Married,1,45,Mobile Phone,UPI,Laptop & Accessory,5,3,5,0,2.22,3,82.0,36.76,16.1,2,19.8,0
CUST101371,Female,18,Married,2,66,Mobile Phone,Credit Card,Fashion,3,2,3,0,2.97,2,68.0,125.39,13.17,3,15.1,0
CUST101024,Female,22,Divorced,1,6,Mobile Phone,Credit Card,Mobile Phone,3,1,2,1,1.19,4,9.0,7.64,24.9,1,18.4,0
CUST101338,Female,54,Married,2,11,Computer,UPI,Fashion,4,3,4,0,0.33,6,82.0,86.28,0.0,2,21.2,0
CUST104782,Female,28,Single,2,54,Mobile Phone,Cash on Delivery,Grocery,3,5,3,1,2.28,2,64.0,87.79,11.92,0,14.6,1
CUST103662,Female,48,Married,3,31,Computer,UPI,Fashion,1,3,1,0,2.79,1,50.0,139.1,12.77,0,12.8,0
CUST101849,Female,47,Single,1,24,Mobile Phone,Debit Card,Grocery,1,2,5,1,5.76,3,49.0,149.75,1.74,2,7.0,0
CUST104825,Male,22,Married,3,64,Mobile Phone,Credit Card,Fashion,4,2,3,1,0.85,8,29.0,,1.33,1,19.5,0
CUST104152,Male,60,Single,3,43,Computer,Credit Card,Others,1,5,4,0,3.87,2,35.0,94.06,21.0,1,1.0,0
CUST102980,Female,36,Divorced,1,11,Computer,Credit Card,Laptop & Accessory,2,5,4,0,2.75,1,30.0,53.22,21.19,1,13.7,0
CUST100152,Male,38,Married,1,38,Computer,Debit Card,Laptop & Accessory,4,1,2,0,0.7,2,22.0,81.96,12.83,1,33.4,0
CUST102552,Female,52,Single,2,36,Mobile Phone,UPI,Mobile Phone,1,5,1,0,5.14,3,77.0,147.05,12.46,1,15.4,0
CUST104703,Male,26,Single,1,50,Computer,UPI,Mobile Phone,5,1,1,1,4.5,4,35.0,158.84,15.23,1,8.5,0
CUST103132,Male,55,Single,1,19,Computer,UPI,Laptop & Accessory,2,2,3,0,1.44,4,38.0,150.86,9.34,0,6.9,0
CUST103897,Male,55,Married,1,17,Computer,Credit Card,Others,1,4,1,0,4.36,3,43.0,157.42,7.31,3,21.3,0
CUST103716,Female,49,Married,2,41,Mobile Phone,Credit Card,Others,4,4,2,0,0.94,1,52.0,161.06,6.4,3,10.6,0
CUST103794,Female,48,Single,1,62,Mobile Phone,Debit Card,Mobile Phone,4,5,7,0,6.15,4,,190.68,4.01,1,13.1,0
CUST102883,Male,65,Single,3,8,Mobile Phone,Credit Card,Mobile Phone,2,2,6,0,3.08,5,82.0,178.87,13.57,2,9.6,1
CUST104116,Female,67,Married,3,12,Mobile Phone,UPI,Laptop & Accessory,4,2,3,0,4.19,4,50.0,191.69,12.02,4,19.9,0
CUST104837,Male,41,Married,1,7,Computer,UPI,Mobile Phone,4,4,6,0,1.69,3,89.0,118.7,17.21,1,14.9,1
CUST102968,Female,18,Single,1,35,Mobile Phone,Debit Card,Laptop & Accessory,1,2,6,0,1.13,4,49.0,169.83,6.78,3,8.2,0
CUST101862,Female,51,Single,3,15,Mobile Phone,UPI,Mobile Phone,2,3,7,0,2.4,3,40.0,170.67,9.71,4,16.7,1
CUST100031,Female,33,Married,3,36,Mobile Phone,Credit Card,Fashion,4,4,5,1,7.54,1,30.0,65.86,17.96,1,17.0,0
CUST100937,Male,44,Married,2,6,Computer,UPI,Mobile Phone,1,1,1,0,3.62,1,33.0,172.57,5.89,3,19.5,1
CUST101235,Male,61,Single,2,24,Mobile Phone,Debit Card,Mobile Phone,1,5,1,1,0.53,2,68.0,237.05,0.0,1,19.7,0
CUST101966,Female,49,Single,2,56,Mobile Phone,Debit Card,Fashion,3,3,6,0,3.52,5,,27.67,16.16,2,16.5,0
CUST102344,Female,47,Single,3,43,Mobile Phone,E-wallet,Laptop & Accessory,5,4,5,0,1.17,1,2.0,194.88,3.27,0,12.8,0
CUST100309,Male,21,Single,1,15,Mobile Phone,E-wallet,Laptop & Accessory,2,1,2,1,3.31,8,75.0,162.99,10.01,0,17.3,0
CUST102471,Female,21,Single,1,19,Mobile Phone,Credit Card,Mobile Phone,1,5,5,0,0.84,4,46.0,246.18,10.77,0,11.4,0
CUST103322,Female,55,Married,3,62,Mobile Phone,Credit Card,Mobile Phone,4,2,2,0,6.05,5,44.0,36.01,2.69,3,19.4,0
CUST103134,Female,57,Divorced,1,23,Mobile Phone,Cash on Delivery,Fashion,4,3,3,1,1.19,5,81.0,211.13,25.87,1,1.0,0
CUST104373,Male,31,Married,1,61,Mobile Phone,UPI,Others,2,4,3,0,3.96,4,26.0,158.71,12.82,0,20.8,0
CUST100495,Female,28,Married,3,46,Computer,Credit Card,Mobile Phone,5,5,6,1,1.44,2,86.0,139.53,6.04,1,28.9,0
CUST100205,Male,19,Married,2,36,Computer,Credit Card,Fashion,3,1,1,0,2.5,1,52.0,175.81,21.41,2,20.8,0
CUST102908,Female,31,Married,1,48,Mobile Phone,Debit Card,Mobile Phone,5,4,5,1,4.51,0,17.0,72.62,11.57,2,24.7,0
CUST103378,Male,41,Divorced,3,34,Mobile Phone,Debit Card,Laptop & Accessory,5,3,1,0,3.31,2,72.0,206.07,11.09,1,13.9,0
CUST104676,Male,19,Married,2,5,Mobile Phone,UPI,Others,2,4,6,1,3.51,2,87.0,112.8,11.47,2,9.1,0
CUST100305,Male,42,Married,2,38,Mobile Phone,Cash on Delivery,Laptop & Accessory,5,4,3,0,0.35,9,4.0,139.33,15.79,2,17.7,0
CUST103817,Male,69,Single,3,50,Mobile Phone,UPI,Fashion,2,3,1,0,0.94,4,51.0,100.02,18.96,2,22.9,0
CUST102351,Female,69,Married,2,52,Mobile Phone,Credit Card,Mobile Phone,4,2,3,1,2.72,2,,216.27,23.31,2,29.1,0
CUST101061,Female,35,Single,2,42,Mobile Phone,Debit Card,Mobile Phone,5,5,5,0,3.07,2,79.0,156.07,16.27,2,14.9,0
CUST100843,Male,43,Single,3,28,Computer,Debit Card,Mobile Phone,2,4,5,0,3.25,2,89.0,113.36,12.79,2,12.1,0
CUST102732,Female,50,Married,1,28,Mobile Phone,Debit Card,Mobile Phone,5,3,3,0,4.86,3,83.0,238.42,16.36,1,12.4,0
CUST102268,Female,32,Married,1,33,Mobile Phone,E-wallet,Laptop & Accessory,3,1,3,0,1.53,3,,175.79,18.09,1,14.7,0
CUST100211,Female,41,Single,2,70,Computer,E-wallet,Mobile Phone,2,1,2,0,0.69,6,8.0,242.07,2.14,2,15.7,0
CUST103739,Male,47,Single,2,55,Mobile Phone,Credit Card,Mobile Phone,5,3,4,1,2.11,2,19.0,124.85,9.4,2,6.0,1
CUST100679,Male,32,Married,2,23,Mobile Phone,Debit Card,Mobile Phone,1,2,1,0,1.46,4,30.0,148.95,12.05,1,11.2,1
CUST100565,Female,69,Married,2,36,Mobile Phone,Debit Card,Mobile Phone,4,5,1,0,2.11,2,68.0,55.75,18.51,1,5.6,0
CUST101789,Male,19,Single,1,4,Computer,Debit Card,Laptop & Accessory,5,2,4,0,6.11,5,26.0,125.62,5.03,0,6.6,0
CUST103603,Male,52,Married,1,26,Mobile Phone,Credit Card,Mobile Phone,1,5,6,0,1.25,7,37.0,116.61,30.46,1,35.1,0
CUST100680,Male,63,Married,2,66,Mobile Phone,Debit Card,Laptop & Accessory,1,3,6,1,4.43,2,75.0,159.61,19.76,1,22.5,0
CUST100180,Female,60,Married,3,2,Mobile Phone,Debit Card,Mobile Phone,4,1,3,0,3.12,7,88.0,96.98,8.84,3,19.1,0
CUST102678,Female,48,Married,1,41,Mobile Phone,Debit Card,Laptop & Accessory,5,4,4,0,4.64,3,9.0,132.71,16.59,2,17.7,0
CUST104427,Male,49,Married,1,57,Mobile Phone,Cash on Delivery,Fashion,2,5,7,0,3.87,3,72.0,193.0,10.66,3,1.3,0
CUST102333,Male,49,Married,1,32,Mobile Phone,E-wallet,Mobile Phone,5,5,5,0,1.27,1,10.0,199.64,14.42,3,20.4,0
CUST104287,Male,22,Married,1,7,Mobile Phone,UPI,Mobile Phone,3,5,4,0,1.45,5,0.0,237.59,0.0,1,10.3,0
CUST100278,Female,35,Married,1,35,Mobile Phone,E-wallet,Fashion,3,4,1,0,1.41,3,35.0,175.91,13.72,1,17.2,0
CUST101129,Female,66,Married,3,67,Mobile Phone,Debit Card,Fashion,2,4,3,0,1.94,2,81.0,,9.08,1,16.2,0
CUST104755,Female,67,Married,3,62,Mobile Phone,UPI,Mobile Phone,2,2,4,1,2.62,4,51.0,131.16,13.06,2,14.0,0
CUST100432,Female,30,Divorced,1,1,Mobile Phone,Debit Card,Fashion,4,2,3,0,1.19,5,27.0,211.3,13.62,2,29.3,0
CUST100289,Male,35,Single,1,49,Mobile Phone,Cash on Delivery,Laptop & Accessory,2,5,1,0,1.51,3,62.0,74.69,16.16,1,9.9,1
CUST101027,Male,35,Divorced,3,26,Mobile Phone,Credit Card,Mobile Phone,5,3,1,1,1.68,2,4.0,193.18,13.05,3,23.9,0
CUST100535,Male,63,Single,1,27,Mobile Phone,Debit Card,Laptop & Accessory,3,4,2,0,2.92,5,84.0,222.87,0.0,2,13.9,0
CUST104472,Female,67,Single,1,46,Mobile Phone,Credit Card,Laptop & Accessory,1,3,2,0,2.62,4,89.0,268.68,18.72,2,7.1,0
CUST100188,Female,24,Single,1,15,Computer,E-wallet,Fashion,2,5,5,0,3.66,6,31.0,71.86,15.52,2,5.2,0
CUST102191,Female,37,Married,1,55,Mobile Phone,UPI,Others,2,1,4,0,3.07,3,70.0,148.82,16.57,1,24.1,0
CUST103939,Male,47,Divorced,3,16,Mobile Phone,UPI,Others,3,2,2,0,2.3,8,19.0,198.53,11.23,0,8.0,0
CUST101937,Female,50,Married,3,37,Mobile Phone,UPI,Grocery,2,4,7,0,1.28,0,39.0,193.26,19.97,1,15.9,1
CUST100270,Male,68,Single,2,51,Computer,E-wallet,Laptop & Accessory,4,1,6,0,1.47,6,76.0,264.38,13.07,2,12.9,0
CUST102226,Female,28,Single,1,61,Mobile Phone,Credit Card,Grocery,3,1,1,0,3.3,4,65.0,57.17,24.22,3,12.4,0
CUST104098,Female,43,Single,3,36,Computer,E-wallet,Laptop & Accessory,3,1,3,0,0.5,3,60.0,155.37,7.29,0,33.4,0
CUST102174,Male,23,Single,3,17,Mobile Phone,Credit Card,Mobile Phone,4,1,1,1,0.35,1,26.0,219.4,22.2,2,11.4,0
CUST104161,Male,60,Married,2,51,Mobile Phone,Cash on Delivery,Grocery,3,3,6,1,5.13,1,72.0,137.8,24.3,2,22.3,0
CUST100111,Male,32,Single,1,66,Mobile Phone,Debit Card,Others,3,3,4,1,1.53,5,45.0,70.11,14.67,0,1.0,0
CUST104706,Male,54,Married,1,54,Mobile Phone,E-wallet,Laptop & Accessory,5,4,3,0,3.7,2,35.0,181.61,0.0,2,26.7,0
CUST100220,Male,36,Single,3,30,Mobile Phone,UPI,Fashion,2,1,2,0,1.87,4,75.0,186.73,9.04,1,8.2,0
CUST100627,Male,51,Married,1,18,Computer,Cash on Delivery,Fashion,2,4,5,1,3.98,2,62.0,101.74,10.86,3,1.7,0
CUST101483,Male,51,Single,2,68,Mobile Phone,Debit Card,Mobile Phone,3,2,5,0,3.27,3,54.0,227.47,9.52,3,21.5,0
CUST103377,Female,47,Married,2,54,Mobile Phone,Credit Card,Fashion,5,3,2,0,4.7,12,43.0,121.2,14.56,6,12.9,0
CUST102439,Female,40,Married,2,2,Mobile Phone,Credit Card,Fashion,4,5,1,1,5.74,3,22.0,9.8,15.53,2,4.4,0
CUST100790,Male,50,Married,3,56,Computer,Cash on Delivery,Others,4,5,4,0,1.41,1,2.0,176.36,10.35,3,1.0,0
CUST102005,Female,47,Single,1,11,Mobile Phone,Credit Card,Laptop & Accessory,3,1,5,0,1.81,3,65.0,64.58,20.08,3,17.7,1
CUST100461,Male,59,Married,2,47,Mobile Phone,UPI,Grocery,3,5,4,0,4.08,5,77.0,265.48,21.68,1,12.1,0
CUST104416,Female,64,Married,3,50,Computer,Cash on Delivery,Mobile Phone,4,2,2,0,2.43,3,81.0,215.45,7.53,0,13.8,0
CUST100551,Male,57,Single,1,30,Mobile Phone,Credit Card,Fashion,2,2,7,0,4.38,2,24.0,203.01,14.6,1,6.7,0
CUST101158,Male,55,Divorced,1,45,Computer,Credit Card,Mobile Phone,1,2,3,0,,4,63.0,87.38,11.51,1,14.6,0
CUST101175,Female,33,Married,2,12,Computer,Credit Card,Mobile Phone,4,2,2,0,1.92,4,9.0,196.49,17.62,0,12.2,0
CUST100198,Male,68,Single,2,29,Mobile Phone,Credit Card,Mobile Phone,2,2,6,1,1.18,4,31.0,262.01,12.75,1,9.0,0
CUST102607,Male,26,Single,3,15,Computer,Credit Card,Others,4,5,7,0,2.35,1,71.0,147.41,16.52,0,14.9,0
CUST103470,Male,49,Single,2,17,Mobile Phone,Credit Card,Mobile Phone,4,2,4,0,,4,83.0,158.57,17.63,2,9.0,1
CUST100402,Female,54,Single,2,3,Mobile Phone,Debit Card,Mobile Phone,2,2,5,0,2.44,4,29.0,190.24,11.77,1,16.8,0
CUST103075,Female,48,Married,3,40,Computer,Debit Card,Fashion,2,5,4,0,4.0,5,65.0,174.84,0.0,1,13.8,0
CUST102153,Female,50,Single,2,1,Computer,Debit Card,Laptop & Accessory,5,1,2,1,5.75,1,82.0,217.1,12.66,3,19.0,0
CUST104778,Male,43,Single,3,1,Mobile Phone,Debit Card,Mobile Phone,3,2,1,0,4.26,6,78.0,283.98,1.4,1,28.5,0
CUST104801,Male,45,Married,2,16,Mobile Phone,Credit Card,Laptop & Accessory,1,2,3,1,2.53,6,46.0,151.13,25.01,1,13.8,0
CUST103292,Female,18,Divorced,2,33,Computer,UPI,Mobile Phone,4,5,6,1,1.78,3,89.0,161.38,11.17,3,12.4,0
CUST104476,Female,60,Married,2,24,Mobile Phone,Debit Card,Grocery,2,2,6,0,0.72,3,28.0,159.05,,2,1.0,0
CUST100650,Male,45,Married,2,43,Mobile Phone,Cash on Delivery,Fashion,1,1,2,1,0.95,4,21.0,134.59,12.75,2,17.8,1
CUST100708,Male,58,Single,2,2,Computer,Debit Card,Others,4,2,6,0,3.94,3,13.0,204.48,14.75,0,6.5,0
CUST101503,Male,37,Married,2,9,Computer,Credit Card,Fashion,2,2,6,0,2.69,5,47.0,247.54,10.17,0,23.0,0
CUST104428,Male,46,Single,1,48,Computer,E-wallet,Fashion,3,1,5,0,1.52,2,27.0,272.39,26.03,3,18.0,0
CUST104976,Male,42,Married,1,46,Mobile Phone,Credit Card,Mobile Phone,4,1,4,0,0.65,3,84.0,65.75,22.17,0,30.3,0
CUST104510,Female,49,Single,3,45,Computer,Credit Card,Others,3,4,7,0,3.0,4,39.0,137.34,12.46,0,23.4,0
CUST103595,Female,27,Single,2,67,Mobile Phone,UPI,Grocery,5,5,1,0,7.2,1,9.0,136.52,8.95,2,18.9,0
CUST100314,Male,45,Single,2,71,Computer,UPI,Laptop & Accessory,3,5,4,1,0.99,4,49.0,289.78,16.92,1,22.6,0
CUST101221,Male,20,Married,2,21,Mobile Phone,Credit Card,Grocery,2,2,6,0,0.33,3,1.0,181.32,5.18,1,12.4,0
CUST104904,Female,31,Married,1,24,Mobile Phone,UPI,Laptop & Accessory,1,1,7,0,3.5,2,,181.14,18.53,2,13.6,0
CUST100113,Female,46,Divorced,3,21,Mobile Phone,UPI,Fashion,4,2,5,0,1.64,5,79.0,151.98,,3,2.2,0
CUST100960,Female,57,Married,1,49,Mobile Phone,Debit Card,Laptop & Accessory,4,3,7,1,2.48,2,62.0,101.98,29.15,0,31.4,0
CUST103734,Male,54,Divorced,3,29,Mobile Phone,Cash on Delivery,Mobile Phone,2,4,7,1,2.74,4,82.0,162.03,18.77,2,28.3,0
CUST102274,Female,51,Single,2,53,Mobile Phone,UPI,Fashion,2,1,1,1,1.84,6,41.0,162.65,14.38,0,21.5,0
CUST104425,Male,52,Single,2,61,Mobile Phone,Credit Card,Fashion,4,2,6,0,5.06,5,88.0,251.85,9.53,2,27.6,0
CUST104645,Female,38,Married,3,38,Computer,E-wallet,Grocery,3,1,7,0,3.68,0,33.0,113.36,26.3,1,9.8,0
CUST104614,Male,60,Single,3,14,Computer,Cash on Delivery,Mobile Phone,2,5,7,0,1.78,5,3.0,197.74,26.66,1,25.0,0
CUST104558,Male,42,Married,1,22,Computer,Debit Card,Mobile Phone,1,5,5,0,2.61,3,48.0,82.35,6.77,0,20.8,0
CUST104039,Female,46,Married,1,9,Mobile Phone,Debit Card,Fashion,2,4,4,0,1.82,8,46.0,189.06,,2,10.6,0
CUST102572,Female,58,Married,2,16,Mobile Phone,Debit Card,Grocery,4,1,6,0,,3,33.0,119.85,35.93,0,11.6,0
CUST103435,Female,61,Married,2,71,Mobile Phone,UPI,Fashion,5,4,1,1,1.74,2,0.0,200.63,32.03,3,14.5,0
CUST104542,Female,48,Married,2,40,Mobile Phone,Cash on Delivery,Others,1,3,1,0,3.67,3,13.0,117.64,23.48,1,19.5,0
CUST101839,Female,33,Married,1,6,Computer,Debit Card,Laptop & Accessory,3,1,4,0,3.68,1,41.0,197.64,17.7,1,9.7,1
CUST102960,Female,54,Married,1,56,Mobile Phone,Credit Card,Laptop & Accessory,5,5,5,1,0.36,2,57.0,35.32,11.69,2,15.6,0
CUST102228,Male,47,Divorced,3,44,Mobile Phone,Credit Card,Laptop & Accessory,3,3,1,1,2.28,2,46.0,105.94,17.97,2,14.4,0
CUST104704,Male,47,Single,1,43,Computer,UPI,Grocery,4,3,7,1,2.13,3,63.0,228.79,27.77,2,11.3,0
CUST102015,Female,62,Single,1,17,Mobile Phone,Debit Card,Grocery,3,2,5,0,3.59,3,6.0,199.15,0.0,1,12.9,0
CUST104204,Female,61,Single,3,16,Mobile Phone,Cash on Delivery,Laptop & Accessory,1,3,7,0,3.67,4,45.0,204.45,23.11,1,10.9,0
CUST103036,Female,57,Married,3,44,Computer,UPI,Grocery,5,5,5,0,1.79,9,65.0,183.31,0.0,2,10.1,0
CUST104147,Female,45,Married,3,51,Mobile Phone,Credit Card,Grocery,2,1,2,0,9.0,7,49.0,125.93,28.75,2,19.1,0
CUST101840,Male,45,Single,3,16,Computer,Credit Card,Grocery,1,4,3,0,2.39,9,9.0,87.55,11.92,0,11.2,0
CUST101592,Female,52,Single,3,62,Mobile Phone,Cash on Delivery,Laptop & Accessory,1,3,7,0,3.46,2,77.0,112.32,14.71,1,11.0,0
CUST102881,Male,43,Single,2,9,Computer,Debit Card,Mobile Phone,4,5,2,0,4.24,4,69.0,129.71,8.2,2,15.1,0
CUST103346,Female,43,Married,3,19,Mobile Phone,Credit Card,Mobile Phone,5,5,2,1,3.45,2,56.0,221.32,,2,30.8,0
CUST104602,Female,57,Divorced,2,38,Mobile Phone,Credit Card,Laptop & Accessory,3,4,3,0,2.39,0,5.0,157.45,12.38,0,13.3,0
CUST104047,Male,43,Single,3,36,Mobile Phone,UPI,Fashion,2,4,6,1,1.74,2,75.0,240.85,17.0,1,21.2,1
CUST101652,Male,42,Married,2,61,Mobile Phone,E-wallet,Fashion,4,2,2,0,1.18,6,20.0,79.1,7.4,1,1.0,0
CUST100789,Female,40,Married,1,27,Mobile Phone,UPI,Fashion,5,4,4,0,1.53,3,70.0,220.47,11.93,1,18.0,0
CUST102282,Male,57,Divorced,3,37,Mobile Phone,Debit Card,Mobile Phone,5,2,4,0,2.23,2,70.0,127.45,13.03,3,16.3,0
CUST102217,Female,37,Married,1,18,Mobile Phone,UPI,Mobile Phone,3,2,5,0,4.01,6,6.0,69.69,20.78,1,12.1,0
CUST103704,Male,47,Single,1,49,Mobile Phone,Credit Card,Fashion,3,1,1,0,0.89,3,68.0,113.64,6.74,2,11.2,0
CUST100871,Male,22,Divorced,1,22,Mobile Phone,Credit Card,Mobile Phone,4,4,7,0,0.31,3,41.0,373.83,10.87,2,13.8,0
CUST104892,Male,57,Married,1,53,Computer,UPI,Mobile Phone,1,2,7,0,0.36,6,39.0,149.91,26.16,0,18.4,0
CUST102124,Male,32,Single,3,68,Mobile Phone,Credit Card,Grocery,1,4,3,0,3.16,5,23.0,114.01,26.12,3,18.9,0
CUST103243,Male,32,Married,1,69,Computer,UPI,Mobile Phone,3,5,4,1,3.32,6,48.0,133.74,11.3,0,6.6,0
CUST100073,Male,64,Married,3,36,Mobile Phone,UPI,Laptop & Accessory,2,2,3,0,0.05,5,18.0,309.44,18.77,2,1.2,0
CUST101779,Male,22,Single,3,40,Mobile Phone,Credit Card,Grocery,2,2,5,0,2.41,1,62.0,85.39,19.4,0,6.8,0
CUST101769,Female,43,Single,1,12,Mobile Phone,E-wallet,Mobile Phone,4,2,5,0,5.52,2,21.0,113.37,9.26,3,18.8,0
CUST104883,Male,60,Married,1,16,Computer,Credit Card,Laptop & Accessory,3,5,2,0,1.9,3,89.0,202.91,16.28,4,9.4,0
CUST103697,Male,28,Married,1,50,Computer,Cash on Delivery,Grocery,5,4,4,1,1.44,7,21.0,22.16,,2,28.8,0
CUST104338,Male,42,Married,1,58,Computer,Credit Card,Fashion,4,1,5,0,2.26,2,80.0,,17.14,0,7.4,1
CUST104589,Female,51,Single,2,13,Mobile Phone,Debit Card,Laptop & Accessory,5,5,1,1,0.85,4,42.0,131.93,15.92,1,7.1,1
CUST103833,Male,36,Married,3,28,Mobile Phone,Credit Card,Laptop & Accessory,3,5,2,0,3.52,7,85.0,157.93,31.47,2,13.2,0
CUST104335,Male,28,Single,1,71,Computer,Cash on Delivery,Grocery,5,1,2,0,1.05,4,50.0,92.21,15.86,5,9.5,0
CUST104996,Male,46,Married,2,11,Mobile Phone,UPI,Grocery,5,4,4,0,2.42,4,81.0,54.34,16.07,4,24.3,0
CUST101751,Male,42,Married,1,41,Mobile Phone,Cash on Delivery,Mobile Phone,3,4,5,0,2.69,5,48.0,101.19,13.73,2,34.6,0
CUST100494,Female,39,Single,3,61,Mobile Phone,Credit Card,Mobile Phone,5,1,2,1,2.34,5,62.0,206.83,19.83,1,10.8,0
CUST103151,Female,50,Single,3,9,Computer,Debit Card,Grocery,2,2,2,0,3.8,2,2.0,112.54,23.12,2,14.6,0
CUST102394,Female,49,Married,1,33,Computer,Debit Card,Grocery,2,1,3,0,1.76,2,0.0,98.15,10.86,0,9.3,0
CUST102117,Male,60,Single,2,21,Computer,Cash on Delivery,Others,4,1,3,0,1.18,2,7.0,73.29,15.08,2,14.4,0
CUST101164,Male,48,Single,3,22,Mobile Phone,UPI,Laptop & Accessory,4,4,5,0,4.21,2,81.0,126.81,24.77,0,20.7,1
CUST102309,Female,39,Divorced,1,24,Computer,Credit Card,Fashion,3,4,2,0,5.43,1,15.0,201.07,15.81,1,13.5,0
CUST103930,Female,66,Married,3,14,Computer,Credit Card,Grocery,2,2,2,0,7.99,2,18.0,127.99,8.95,3,4.8,0
CUST102596,Male,57,Single,3,23,Mobile Phone,Debit Card,Mobile Phone,2,5,2,0,0.39,2,39.0,117.36,23.6,4,12.1,1
CUST102486,Female,26,Married,1,52,Mobile Phone,UPI,Fashion,5,2,5,0,3.62,2,31.0,187.1,7.82,1,21.6,0
CUST101728,Male,69,Married,2,27,Computer,E-wallet,Laptop & Accessory,2,4,6,0,0.22,3,78.0,275.92,20.01,1,11.5,0
CUST100618,Male,67,Single,3,69,Computer,UPI,Others,4,4,4,0,2.0,0,69.0,247.76,3.55,1,8.0,0
CUST102462,Male,67,Divorced,1,1,Mobile Phone,Credit Card,Mobile Phone,3,4,5,0,4.45,6,5.0,205.98,2.47,0,3.4,0
CUST101714,Male,52,Single,3,59,Computer,UPI,Laptop & Accessory,3,3,1,0,1.03,3,22.0,300.7,6.77,0,19.8,0
CUST103984,Male,57,Married,3,10,Computer,UPI,Fashion,5,2,4,0,3.39,5,63.0,269.84,13.84,1,21.0,0
CUST104226,Female,21,Single,1,30,Mobile Phone,Debit Card,Fashion,2,1,2,0,5.64,2,80.0,148.78,30.15,0,7.7,0
CUST103426,Male,22,Divorced,3,31,Mobile Phone,UPI,Laptop & Accessory,1,4,5,0,1.68,3,82.0,158.27,8.65,2,22.1,1
CUST103431,Female,61,Married,2,53,Mobile Phone,UPI,Mobile Phone,3,3,7,0,0.46,2,60.0,168.38,18.07,3,22.5,0
CUST100869,Male,56,Divorced,3,44,Computer,UPI,Fashion,3,3,4,1,2.16,3,33.0,191.72,13.8,1,3.8,1
CUST104857,Female,49,Married,1,57,Mobile Phone,Debit Card,Laptop & Accessory,4,1,3,0,3.1,2,78.0,184.44,15.14,1,10.9,1
CUST101042,Female,32,Single,2,41,Computer,Cash on Delivery,Laptop & Accessory,2,1,1,1,1.96,3,18.0,262.19,25.2,2,20.2,0
CUST102648,Female,49,Single,1,71,Mobile Phone,E-wallet,Mobile Phone,5,2,2,0,1.35,9,29.0,131.78,16.62,2,13.5,0
CUST100356,Female,18,Single,2,14,Mobile Phone,Debit Card,Mobile Phone,1,3,1,0,1.89,1,45.0,187.56,,3,17.3,0
CUST101162,Female,46,Married,1,49,Mobile Phone,Credit Card,Others,2,5,1,0,2.27,1,18.0,160.13,6.61,1,1.0,0
CUST102784,Male,69,,2,50,Mobile Phone,Credit Card,Fashion,1,3,5,1,1.2,3,83.0,124.16,19.38,0,37.0,0
CUST101322,Male,45,Single,2,40,Mobile Phone,Debit Card,Mobile Phone,3,2,6,0,0.81,4,88.0,106.52,31.2,4,23.3,0
CUST104395,Male,63,Married,1,30,Mobile Phone,Cash on Delivery,Others,5,5,1,1,3.12,3,50.0,103.58,23.68,2,12.0,1
CUST101723,Female,19,Single,1,64,Computer,Credit Card,Mobile Phone,3,3,4,0,1.78,1,13.0,251.92,23.08,0,22.1,0
CUST102602,Male,66,Single,3,68,Mobile Phone,UPI,Fashion,4,5,3,0,1.9,2,8.0,203.7,28.23,0,16.3,0
CUST103568,Female,48,Married,1,13,Mobile Phone,Credit Card,Laptop & Accessory,5,5,5,0,3.96,3,74.0,165.1,15.2,1,28.6,1
CUST104681,Male,46,Married,3,42,Computer,Credit Card,Mobile Phone,3,3,3,0,1.95,4,76.0,198.69,17.26,2,10.7,0
CUST103365,Male,48,Single,1,28,Computer,UPI,Mobile Phone,4,4,5,0,,0,67.0,226.5,18.75,0,14.2,0
CUST103862,Female,39,Divorced,2,51,Computer,Debit Card,Laptop & Accessory,3,4,1,0,4.37,5,64.0,94.64,0.0,2,20.3,0
CUST100332,Female,44,Single,2,57,Mobile Phone,E-wallet,Mobile Phone,3,4,7,1,1.72,4,13.0,184.11,5.11,1,17.1,0
CUST101815,Female,50,Married,2,51,Computer,Credit Card,Laptop & Accessory,5,2,3,1,3.3,5,30.0,160.16,10.17,2,20.2,0
CUST102755,Female,63,Married,3,49,Mobile Phone,Credit Card,Grocery,5,5,1,0,1.29,3,46.0,87.22,22.76,1,19.9,0
CUST101675,Female,44,Divorced,1,7,Computer,Debit Card,Fashion,2,4,7,1,1.52,2,69.0,20.78,14.97,3,16.0,0
CUST103691,Female,22,Single,2,41,Computer,Debit Card,Mobile Phone,1,1,7,0,,1,50.0,93.09,27.27,0,25.3,0
CUST102879,Male,47,Married,1,67,Mobile Phone,Debit Card,Grocery,2,5,7,1,5.26,4,53.0,165.67,24.49,3,16.2,0
CUST101116,Male,35,Single,1,64,Mobile Phone,Cash on Delivery,Fashion,2,4,7,0,2.21,6,85.0,127.32,0.0,3,4.8,0
CUST101877,Male,52,Single,1,67,Mobile Phone,Debit Card,Others,1,3,7,0,1.65,1,58.0,159.73,5.5,0,21.5,0
CUST103576,Female,55,Married,2,69,Mobile Phone,UPI,Laptop & Accessory,2,1,1,0,2.26,6,28.0,248.67,14.93,2,13.9,0
CUST102536,Female,42,Married,1,7,Computer,Credit Card,Grocery,1,3,7,0,5.37,3,71.0,109.82,24.17,1,11.5,0
CUST102484,Female,40,Divorced,2,48,Mobile Phone,Debit Card,Mobile Phone,1,1,4,0,2.64,3,53.0,123.7,22.04,1,4.4,0
CUST103286,Female,56,Single,3,3,Mobile Phone,UPI,Laptop & Accessory,1,5,6,0,1.64,4,8.0,231.97,13.69,2,1.2,0
CUST103881,Female,54,Married,1,40,Mobile Phone,UPI,Fashion,3,4,7,0,1.71,1,44.0,82.65,25.48,1,10.3,1
CUST100445,Female,23,Single,1,4,Mobile Phone,UPI,Others,5,3,6,0,1.41,3,25.0,248.86,9.57,2,12.9,0
CUST104052,Female,32,Married,3,7,Mobile Phone,Credit Card,Laptop & Accessory,1,3,7,0,0.58,2,0.0,145.02,10.37,3,19.6,0
CUST100452,Female,66,Married,3,64,Mobile Phone,Debit Card,Fashion,2,1,3,0,1.54,2,5.0,207.13,1.98,4,16.4,0
CUST103855,Male,65,Married,2,31,Mobile Phone,Debit Card,Laptop & Accessory,3,3,6,0,1.52,4,38.0,142.55,11.54,3,19.6,0
CUST104448,Female,44,Divorced,2,22,Computer,UPI,Fashion,1,5,3,0,0.72,2,50.0,,11.7,1,9.4,0
CUST102974,Male,18,Divorced,1,65,Computer,UPI,Laptop & Accessory,1,2,4,0,1.03,2,81.0,204.47,5.59,1,8.5,0
CUST100014,Male,53,Single,3,48,Mobile Phone,Credit Card,Fashion,5,5,4,1,3.83,1,7.0,109.83,0.0,0,16.9,0
CUST102642,Female,30,Married,1,6,Mobile Phone,Debit Card,Grocery,5,2,6,1,0.44,6,65.0,172.08,15.99,3,11.6,0
CUST100945,Male,67,Single,3,37,Mobile Phone,Credit Card,Laptop & Accessory,1,1,4,0,3.94,4,0.0,63.39,12.35,1,1.0,0
CUST100247,Male,46,Single,1,9,Mobile Phone,E-wallet,Fashion,2,3,3,1,3.37,1,12.0,103.19,21.8,0,3.3,1
CUST103238,Male,18,Single,1,58,Computer,E-wallet,Others,2,5,1,0,2.46,1,34.0,142.17,18.98,3,11.5,1
CUST100360,Female,41,Married,3,27,Mobile Phone,UPI,Mobile Phone,3,3,4,0,0.96,3,77.0,,10.67,1,19.9,0
CUST104671,Male,64,Single,1,0,Computer,UPI,Grocery,1,5,1,0,2.0,3,79.0,184.12,10.21,1,23.2,0
CUST101564,Female,27,Divorced,1,31,Computer,UPI,Fashion,4,3,4,0,0.68,4,80.0,211.26,29.75,1,20.5,0
CUST103265,Male,63,Married,2,30,Mobile Phone,UPI,Fashion,5,1,5,0,1.05,2,18.0,211.16,21.12,3,13.7,0
CUST104876,Male,23,Divorced,3,52,Mobile Phone,UPI,Mobile Phone,1,4,3,1,2.78,1,,168.53,21.37,0,11.3,1
CUST103189,Male,69,Married,3,16,Computer,Cash on Delivery,Mobile Phone,5,2,3,0,1.77,5,2.0,68.29,12.24,1,7.1,0
CUST103101,Male,62,Married,1,6,Mobile Phone,UPI,Grocery,3,4,3,1,1.5,2,26.0,131.51,3.05,0,4.0,0
CUST104464,Male,57,Single,3,57,Mobile Phone,UPI,Fashion,4,5,4,0,0.82,4,63.0,80.88,15.46,2,5.7,1
CUST101360,Female,61,Single,3,60,Mobile Phone,Debit Card,Laptop & Accessory,3,3,3,0,0.94,2,71.0,127.2,16.44,2,1.0,0
CUST104899,Female,43,Single,2,39,Computer,Cash on Delivery,Mobile Phone,4,3,1,1,3.52,3,17.0,146.55,,1,2.4,0
CUST104113,Male,62,Married,1,26,Mobile Phone,Credit Card,Fashion,1,1,7,1,2.39,4,77.0,144.07,0.0,1,10.3,1
CUST100490,Female,62,Married,1,50,Mobile Phone,UPI,Mobile Phone,5,2,3,0,2.3,3,76.0,94.67,2.73,0,1.0,0
CUST100862,Female,18,Single,1,5,Mobile Phone,UPI,Mobile Phone,5,3,7,0,4.3,6,27.0,190.74,13.12,0,17.9,0
CUST101767,Male,67,Married,3,22,Mobile Phone,UPI,Mobile Phone,5,2,5,0,4.79,1,55.0,157.22,19.01,1,2.3,0
CUST102229,Female,39,Married,2,8,Computer,Credit Card,Laptop & Accessory,4,5,5,0,3.68,4,80.0,132.79,13.4,1,10.6,0
CUST102094,Female,47,Married,2,65,Computer,Debit Card,Mobile Phone,1,1,4,0,4.13,9,58.0,108.92,,4,28.8,0
CUST102464,Male,68,Married,3,42,Mobile Phone,E-wallet,Grocery,5,3,7,0,2.48,1,6.0,276.64,10.59,0,1.0,1
CUST101647,Female,27,Single,1,67,Mobile Phone,UPI,Grocery,2,2,1,0,3.67,4,83.0,108.43,0.0,4,21.4,0
CUST100506,Male,20,Divorced,2,42,Mobile Phone,UPI,Laptop & Accessory,2,5,2,0,8.35,2,45.0,126.34,13.81,2,12.3,0
CUST102817,Female,51,Single,3,31,Mobile Phone,Credit Card,Laptop & Accessory,5,4,5,1,2.91,2,2.0,124.52,10.1,1,7.3,1
CUST104379,Male,52,Married,2,10,Mobile Phone,Debit Card,Laptop & Accessory,4,4,1,0,4.62,2,21.0,69.91,0.51,0,32.4,0
CUST101971,Female,37,Divorced,1,60,Mobile Phone,Cash on Delivery,Grocery,2,1,7,0,5.62,3,0.0,170.29,9.15,2,12.2,0
CUST101222,Female,41,Married,1,46,Mobile Phone,Debit Card,Fashion,5,2,6,1,1.0,4,61.0,125.35,20.86,2,17.5,0
CUST101113,Female,33,Divorced,2,41,Mobile Phone,UPI,Fashion,5,3,3,1,2.68,2,77.0,133.26,2.38,3,27.4,1
CUST101934,Female,25,Married,3,3,Mobile Phone,Credit Card,Mobile Phone,3,4,7,0,0.93,1,67.0,171.54,11.03,1,4.7,1
CUST104809,Female,46,Married,1,43,Mobile Phone,Cash on Delivery,Laptop & Accessory,3,1,6,1,1.31,3,74.0,200.53,35.32,0,32.3,0
CUST102497,Male,50,Married,1,56,Computer,UPI,Laptop & Accessory,5,5,6,0,1.45,4,63.0,175.73,2.71,2,6.8,0
CUST104687,Male,20,Single,2,46,Mobile Phone,Cash on Delivery,Mobile Phone,3,5,1,1,3.45,1,87.0,75.8,19.43,1,22.8,0
CUST100433,Female,37,Married,2,38,Computer,UPI,Mobile Phone,5,2,7,0,2.81,2,64.0,228.07,3.87,1,29.3,0
CUST102083,Male,18,Divorced,2,0,Mobile Phone,Credit Card,Others,2,5,3,0,1.49,5,16.0,144.0,10.37,3,18.0,1
CUST104702,Male,50,Married,2,29,Mobile Phone,Debit Card,Laptop & Accessory,1,2,2,0,6.75,5,47.0,253.89,19.9,3,4.1,0
CUST102855,Female,38,Single,2,69,Mobile Phone,Debit Card,Grocery,1,2,3,0,1.56,1,47.0,197.41,19.19,1,22.2,0
CUST104368,Male,29,Married,3,43,Computer,UPI,Fashion,2,3,7,0,1.76,2,71.0,115.91,17.51,1,14.8,0
CUST104520,Male,57,Single,1,36,Mobile Phone,UPI,Mobile Phone,2,3,2,1,6.39,5,30.0,88.05,1.71,3,7.7,0
CUST104780,Male,65,Married,2,11,Mobile Phone,UPI,Fashion,3,1,5,0,3.87,6,17.0,206.78,12.49,1,13.6,0
CUST104981,Male,67,Married,2,21,Mobile Phone,Debit Card,Grocery,4,5,5,1,8.07,3,38.0,142.36,16.33,1,30.2,0
CUST103273,Female,24,Single,1,35,Computer,UPI,Laptop & Accessory,4,2,1,0,4.62,4,45.0,159.28,9.31,1,27.4,0
CUST103485,Female,21,Single,3,2,Mobile Phone,Debit Card,Mobile Phone,4,4,1,0,2.47,2,14.0,129.62,16.78,0,18.4,1
CUST101102,Female,68,Single,2,27,Mobile Phone,Debit Card,Mobile Phone,4,3,5,0,3.27,4,84.0,240.86,2.28,2,11.1,0
CUST102468,Female,40,Married,1,69,Mobile Phone,Debit Card,Laptop & Accessory,1,5,2,0,1.48,3,88.0,71.96,31.95,3,7.0,0
CUST102330,Female,62,Single,1,35,Computer,Debit Card,Laptop & Accessory,3,1,4,0,2.02,2,39.0,120.26,31.59,2,3.6,0
CUST104667,Male,52,Single,3,51,Mobile Phone,UPI,Mobile Phone,1,3,1,0,0.87,5,8.0,51.43,17.89,3,11.3,1
CUST103866,Female,32,Single,2,46,Computer,E-wallet,Laptop & Accessory,4,2,4,1,4.92,0,87.0,166.01,0.95,1,15.3,1
CUST100156,Male,23,Single,2,51,Mobile Phone,Credit Card,Laptop & Accessory,4,4,5,0,1.95,3,58.0,109.84,16.27,2,15.9,1
CUST102998,Female,30,Married,3,56,Mobile Phone,Credit Card,Laptop & Accessory,1,3,1,1,5.0,6,52.0,139.3,9.82,1,1.0,1
CUST103567,Male,21,Single,1,12,Mobile Phone,Cash on Delivery,Laptop & Accessory,2,4,7,0,1.55,5,19.0,103.23,14.84,1,22.2,0
CUST100615,Female,33,Married,1,24,Mobile Phone,E-wallet,Laptop & Accessory,2,1,1,1,3.88,3,74.0,194.23,30.1,1,16.0,1
CUST100643,Male,50,Single,3,41,Mobile Phone,UPI,Grocery,5,3,5,0,1.81,7,45.0,126.35,14.31,1,5.7,0
CUST104243,Male,18,,1,52,Mobile Phone,Credit Card,Grocery,4,5,4,0,3.63,3,72.0,152.72,21.66,1,3.4,0
CUST103877,Female,21,Single,1,37,Computer,Debit Card,Laptop & Accessory,3,2,7,0,0.5,3,4.0,126.66,0.0,0,6.7,0
CUST101068,Male,39,Single,2,32,Mobile Phone,Credit Card,Mobile Phone,2,1,3,1,0.63,4,37.0,,7.85,1,10.1,0
CUST103305,Male,52,Married,1,37,Computer,UPI,Fashion,2,3,5,0,0.72,3,12.0,215.99,10.1,3,11.0,0
CUST102663,Male,67,Married,2,40,Mobile Phone,Debit Card,Mobile Phone,5,2,2,1,0.26,3,64.0,246.4,11.97,3,12.7,0
CUST104253,Female,34,Single,1,16,Mobile Phone,Cash on Delivery,Mobile Phone,1,2,4,0,5.12,4,17.0,222.18,34.16,1,15.9,0
CUST103209,Male,56,Single,3,52,Computer,Cash on Delivery,Mobile Phone,4,5,7,1,1.52,5,36.0,104.14,2.44,1,11.1,0
CUST100330,Female,34,Married,1,43,Mobile Phone,E-wallet,Mobile Phone,3,5,5,0,3.57,5,77.0,225.21,24.4,2,31.0,0
CUST104012,Female,61,Married,3,32,Computer,Cash on Delivery,Fashion,5,3,1,0,1.18,4,32.0,166.01,13.48,1,21.5,0
CUST102664,Male,31,Single,1,39,Mobile Phone,Debit Card,Others,2,2,5,0,1.72,3,49.0,,9.07,2,18.2,0
CUST104494,Male,18,Divorced,1,70,Computer,UPI,Grocery,1,3,5,0,1.43,1,49.0,80.95,16.54,3,20.7,0
CUST100622,Female,69,Single,3,62,Mobile Phone,Credit Card,Mobile Phone,1,4,5,0,2.16,0,57.0,75.52,13.28,1,40.9,0
CUST104973,Female,31,Married,3,59,Mobile Phone,Cash on Delivery,Fashion,4,2,6,0,1.91,4,80.0,0.0,12.39,3,9.5,0
CUST102342,Female,38,Single,1,2,Mobile Phone,Debit Card,Mobile Phone,1,4,6,0,1.53,1,58.0,160.08,12.53,1,14.4,1
CUST104477,Male,43,Married,3,44,Computer,Credit Card,Grocery,4,3,4,0,1.74,3,88.0,172.43,18.33,3,16.1,1
CUST102921,Male,29,Divorced,3,17,Mobile Phone,Cash on Delivery,Grocery,5,1,7,0,0.93,3,25.0,206.74,30.01,2,8.7,0
CUST104270,Female,42,Single,3,22,Computer,Cash on Delivery,Mobile Phone,3,3,6,1,1.23,4,59.0,72.43,13.5,3,12.6,0
CUST102052,Male,59,Married,1,2,Mobile Phone,Credit Card,Fashion,3,2,7,1,0.23,5,86.0,148.38,25.7,0,17.6,1
CUST102728,Male,67,Divorced,2,1,Mobile Phone,Cash on Delivery,Mobile Phone,1,1,5,0,4.74,3,86.0,167.57,8.03,0,15.7,0
CUST100755,Male,55,Single,2,55,Mobile Phone,Cash on Delivery,Laptop & Accessory,3,2,5,1,1.55,4,10.0,166.46,13.31,1,18.1,0
CUST100518,Male,45,Single,2,32,Computer,Credit Card,Mobile Phone,4,2,4,1,0.53,3,48.0,129.01,31.89,2,19.9,0
CUST103827,Male,56,Single,2,69,Mobile Phone,E-wallet,Fashion,3,5,7,0,0.42,2,40.0,209.27,15.47,0,1.3,0
CUST100032,Male,62,Single,2,3,Computer,UPI,Fashion,4,3,4,1,6.83,5,19.0,156.1,5.64,0,1.0,0
CUST102957,Male,30,Divorced,2,51,Mobile Phone,Credit Card,Mobile Phone,1,1,6,0,,1,24.0,110.47,1.53,3,13.5,0
CUST101157,Male,62,Married,3,70,Computer,E-wallet,Mobile Phone,1,5,5,1,1.59,1,71.0,269.65,25.66,3,18.5,0
CUST100744,Male,60,Single,3,71,Mobile Phone,Debit Card,Laptop & Accessory,4,2,6,0,1.62,2,22.0,195.56,0.0,1,15.0,0
CUST101424,Male,34,Married,1,54,Mobile Phone,Debit Card,Grocery,5,4,7,1,5.05,2,21.0,79.23,22.32,1,17.2,0
CUST102420,Male,45,,1,44,Mobile Phone,Credit Card,Mobile Phone,1,1,7,1,2.6,3,31.0,234.07,11.51,4,12.7,0
CUST101662,Female,63,Single,1,6,Mobile Phone,Debit Card,Laptop & Accessory,2,4,2,0,0.61,1,67.0,93.41,25.94,4,12.4,1
CUST102609,Male,55,Single,3,56,Mobile Phone,Credit Card,Mobile Phone,1,1,3,0,3.15,6,23.0,198.9,23.57,0,2.1,0
CUST100783,Female,38,Single,1,65,Mobile Phone,E-wallet,Grocery,1,2,2,0,2.09,6,62.0,115.16,26.23,2,6.0,1
CUST104933,Male,29,Single,1,26,Computer,Cash on Delivery,Fashion,3,3,4,1,2.21,3,16.0,158.51,23.66,1,12.9,0
CUST104738,Male,65,Single,1,6,Mobile Phone,Debit Card,Fashion,4,3,7,0,3.54,4,72.0,176.17,9.79,3,10.7,0
CUST100229,Male,24,Married,1,29,Mobile Phone,Credit Card,Mobile Phone,1,3,3,0,0.52,6,41.0,74.77,4.86,1,13.6,0
CUST100857,Female,66,Single,2,0,Mobile Phone,Credit Card,Fashion,1,1,4,0,1.2,4,23.0,221.18,4.12,1,9.0,0
CUST101519,Male,20,Married,2,40,Computer,Debit Card,Fashion,3,2,4,1,4.57,1,9.0,177.89,21.57,1,8.4,0
CUST102379,Female,49,Married,1,59,Mobile Phone,UPI,Laptop & Accessory,4,2,2,1,2.47,5,84.0,194.39,12.38,2,9.4,0
CUST100408,Male,37,Single,2,2,Computer,Cash on Delivery,Fashion,4,4,1,0,3.37,3,22.0,116.39,15.83,3,10.6,1
CUST100170,Male,22,Single,2,69,Computer,Credit Card,Laptop & Accessory,3,2,4,0,0.51,2,61.0,139.18,0.0,2,4.0,0
CUST100540,Female,42,Single,3,31,Mobile Phone,Credit Card,Fashion,5,3,4,0,1.49,1,40.0,120.52,10.92,1,26.6,0
CUST102227,Male,67,Married,2,5,Computer,Credit Card,Fashion,4,2,4,1,1.88,6,3.0,198.33,18.51,1,16.9,0
CUST102321,Male,53,Married,2,19,Mobile Phone,UPI,Laptop & Accessory,5,1,1,0,1.84,4,61.0,142.55,21.28,2,15.2,0
CUST102585,Male,65,Divorced,1,23,Mobile Phone,UPI,Laptop & Accessory,5,4,1,0,0.91,4,44.0,235.33,22.37,1,18.1,0
CUST100613,Female,69,Single,1,56,Mobile Phone,UPI,Mobile Phone,1,2,6,0,5.11,5,29.0,136.34,28.44,1,22.3,0
CUST101513,Female,25,Married,1,55,Mobile Phone,Debit Card,Mobile Phone,5,1,1,0,,3,63.0,46.26,6.52,1,10.2,0
CUST101835,Male,58,Married,3,61,Mobile Phone,Credit Card,Laptop & Accessory,4,4,7,1,2.54,6,18.0,89.3,23.86,4,12.7,0
CUST103459,Female,48,Married,2,28,Computer,Credit Card,Others,4,3,3,1,6.04,7,30.0,219.02,11.61,1,19.8,0
CUST101161,Female,54,Single,2,15,Mobile Phone,Debit Card,Mobile Phone,3,3,6,0,3.52,3,87.0,241.62,0.0,1,24.5,1
CUST102077,Male,29,Married,3,8,Mobile Phone,Debit Card,Laptop & Accessory,3,4,1,0,1.64,5,73.0,157.31,21.72,1,10.5,1
CUST103169,Female,42,Married,1,1,Computer,Credit Card,Others,4,1,4,0,2.76,7,76.0,213.09,13.49,1,1.0,0
CUST101620,Male,60,Married,3,59,Computer,Debit Card,Laptop & Accessory,4,5,4,0,7.87,1,17.0,147.17,18.75,3,14.6,0
CUST103779,Female,50,Single,2,0,Mobile Phone,UPI,Fashion,4,3,5,0,0.28,1,4.0,69.65,17.09,6,18.9,0
CUST101893,Male,20,Single,3,31,Mobile Phone,UPI,Mobile Phone,1,3,2,0,6.34,3,62.0,86.06,14.88,0,14.2,0
CUST102215,Male,24,Married,1,53,Computer,Debit Card,Mobile Phone,3,1,1,0,2.84,3,14.0,201.77,17.8,1,6.6,0
CUST100564,Female,68,Married,2,29,Computer,Debit Card,Mobile Phone,5,1,3,0,7.44,3,58.0,150.03,1.73,1,12.8,0
CUST104959,Female,65,Married,1,9,Mobile Phone,Cash on Delivery,Mobile Phone,4,5,1,1,0.55,2,71.0,247.6,15.9,1,6.0,1
CUST104376,Female,33,Single,1,35,Mobile Phone,Debit Card,Fashion,5,5,6,0,2.01,4,31.0,94.42,9.76,0,8.9,0
CUST101822,Female,47,Married,3,10,Mobile Phone,Debit Card,Mobile Phone,1,5,2,0,3.11,5,38.0,104.62,13.81,2,12.0,0
CUST102792,Female,41,Single,2,40,Mobile Phone,Credit Card,Mobile Phone,4,3,7,1,0.89,2,32.0,181.67,18.6,2,26.3,1
CUST103732,Female,32,Married,2,28,Computer,Credit Card,Mobile Phone,1,1,6,0,1.77,1,61.0,264.15,27.85,2,16.2,0
CUST102287,Female,51,Married,3,22,Mobile Phone,Debit Card,Fashion,4,5,6,0,0.34,2,52.0,70.48,5.36,2,7.0,0
CUST104943,Female,60,Single,1,6,Mobile Phone,Credit Card,Fashion,2,5,4,0,3.46,4,3.0,123.04,14.81,2,8.8,0
CUST103497,Female,41,Married,2,44,Mobile Phone,Cash on Delivery,Fashion,4,5,6,1,2.66,4,35.0,147.0,22.62,3,11.4,0
CUST101557,Male,55,Married,3,66,Mobile Phone,Cash on Delivery,Mobile Phone,3,4,6,1,0.54,6,23.0,170.0,6.02,0,11.7,0
CUST103483,Female,36,Married,1,35,Mobile Phone,Credit Card,Others,1,1,5,1,2.19,2,89.0,213.57,13.0,1,12.9,1
CUST103208,Male,60,Single,2,41,Computer,E-wallet,Others,1,2,7,1,1.26,0,36.0,228.2,3.52,3,22.6,0
CUST101538,Female,61,Single,3,59,Mobile Phone,UPI,Laptop & Accessory,5,1,4,0,2.02,4,0.0,201.32,9.94,2,8.4,0
CUST101172,Male,28,Single,3,64,Mobile Phone,E-wallet,Mobile Phone,2,2,6,1,1.03,1,45.0,136.43,28.88,2,5.3,0
CUST101448,Female,69,Single,2,14,Computer,Debit Card,Mobile Phone,4,4,3,1,3.09,5,69.0,207.22,7.55,1,6.7,1
CUST100325,Female,24,Single,1,47,Computer,UPI,Mobile Phone,4,2,4,0,1.05,5,67.0,211.05,24.99,1,11.4,0
CUST101051,Male,65,Single,1,35,Mobile Phone,Debit Card,Fashion,2,1,3,0,1.63,4,88.0,94.2,17.3,2,28.3,0
CUST103593,Male,58,Single,1,7,Mobile Phone,UPI,Mobile Phone,4,4,5,0,1.45,3,27.0,21.13,30.52,1,16.8,0
CUST103813,Male,56,Single,2,35,Mobile Phone,Credit Card,Laptop & Accessory,4,2,7,0,4.45,5,86.0,149.02,0.0,2,22.5,0
CUST102905,Female,43,Single,3,23,Mobile Phone,Credit Card,Fashion,2,3,7,0,3.91,4,45.0,87.41,30.54,3,22.8,0
CUST103661,Female,43,Single,2,44,Computer,UPI,Mobile Phone,4,3,1,0,0.62,1,67.0,149.9,17.4,0,12.9,1
CUST104622,Female,47,Married,3,31,Mobile Phone,Cash on Delivery,Mobile Phone,5,1,7,1,3.11,4,74.0,57.88,21.91,2,29.4,0
CUST101196,Male,27,Married,1,25,Mobile Phone,E-wallet,Fashion,4,1,4,0,0.7,2,38.0,215.83,30.82,2,9.1,0
CUST100620,Female,37,Married,2,56,Mobile Phone,Credit Card,Laptop & Accessory,4,3,5,0,3.67,0,51.0,212.22,10.33,3,26.4,0
CUST103275,Female,54,Single,3,45,Mobile Phone,Debit Card,Fashion,5,2,1,1,,4,18.0,130.23,5.64,2,15.2,0
CUST102899,Male,57,Single,1,11,Mobile Phone,Credit Card,Laptop & Accessory,5,2,3,0,2.1,2,19.0,,15.96,0,17.0,0
CUST101189,Female,47,Single,1,3,Computer,Cash on Delivery,Fashion,2,5,2,0,1.83,5,8.0,167.01,22.62,3,8.2,1
CUST100328,Female,49,Married,1,34,Computer,Credit Card,Mobile Phone,2,4,7,0,0.45,2,70.0,0.0,3.62,2,19.2,1
CUST100648,Female,36,Married,1,41,Mobile Phone,Debit Card,Grocery,4,1,1,0,1.94,4,79.0,153.81,14.48,5,17.9,0
CUST100897,Male,45,Single,3,20,Mobile Phone,E-wallet,Mobile Phone,2,1,2,0,1.61,7,47.0,114.64,9.39,3,25.1,0
CUST101491,Female,21,Single,1,12,Mobile Phone,Debit Card,Grocery,2,1,3,1,1.12,3,63.0,,5.3,1,1.0,0
CUST101123,Male,36,Single,1,16,Mobile Phone,Debit Card,Mobile Phone,2,4,3,1,1.84,5,46.0,139.27,12.15,3,20.0,0
CUST103947,Male,67,Single,1,5,Computer,Debit Card,Laptop & Accessory,5,2,2,1,2.59,1,2.0,159.96,11.86,2,12.1,1
CUST104985,Male,57,Single,3,26,Mobile Phone,Credit Card,Fashion,2,3,3,0,5.47,6,23.0,236.46,27.99,0,20.9,1
CUST102787,Female,24,Single,3,17,Mobile Phone,Credit Card,Fashion,2,4,7,0,1.32,3,2.0,106.64,28.46,3,26.1,0
CUST101421,Male,58,,1,30,Mobile Phone,E-wallet,Grocery,5,1,4,0,4.57,4,75.0,247.91,21.33,0,17.9,0
CUST101946,Male,42,Divorced,1,57,Computer,Debit Card,Fashion,5,4,7,0,2.46,2,11.0,88.3,1.39,1,16.1,0
CUST101813,Male,51,Married,3,13,Mobile Phone,Credit Card,Grocery,3,2,7,1,0.07,4,8.0,144.19,0.0,1,11.3,0
CUST103333,Male,59,Divorced,1,44,Mobile Phone,Cash on Delivery,Fashion,2,3,5,0,0.28,2,48.0,172.45,5.65,1,26.8,1
CUST104399,Female,54,Single,2,15,Computer,Credit Card,Fashion,5,2,6,0,0.81,3,28.0,115.51,13.16,1,10.6,0
CUST101569,Male,30,Single,2,7,Computer,Credit Card,Others,5,5,4,0,7.5,7,88.0,179.86,1.15,1,10.0,1
CUST101533,Female,36,Married,2,67,Mobile Phone,Debit Card,Fashion,3,4,6,0,6.14,3,32.0,182.69,9.33,0,4.5,0
CUST101023,Female,45,Married,3,51,Computer,Debit Card,Fashion,1,1,2,1,2.68,4,76.0,245.26,10.98,0,18.5,0
CUST104334,Female,52,Married,1,68,Computer,UPI,Mobile Phone,1,2,6,1,4.31,4,19.0,83.1,6.73,1,22.4,0
CUST102746,Male,34,Divorced,3,2,Mobile Phone,Debit Card,Mobile Phone,5,5,2,0,0.58,3,32.0,204.7,13.36,1,8.2,0
CUST101837,Male,63,Single,3,24,Computer,Cash on Delivery,Grocery,1,3,2,0,0.86,6,62.0,169.55,23.89,0,6.0,1
CUST101420,Female,46,Divorced,2,51,Computer,Credit Card,Mobile Phone,5,2,1,0,2.86,2,2.0,203.42,10.41,2,13.2,0
CUST103729,Female,45,Married,3,54,Mobile Phone,UPI,Others,5,5,2,1,5.65,3,23.0,220.06,14.23,3,12.1,0
CUST100809,Female,46,Single,3,68,Mobile Phone,UPI,Fashion,5,2,3,0,2.61,6,62.0,192.8,7.22,3,7.7,1
CUST104273,Female,25,Single,3,41,Mobile Phone,E-wallet,Grocery,4,1,2,1,1.89,2,19.0,164.88,13.42,3,5.0,0
CUST100978,Female,50,Single,2,34,Mobile Phone,E-wallet,Mobile Phone,4,2,1,1,,6,12.0,,15.18,1,14.5,0
CUST103477,Female,59,Married,2,56,Mobile Phone,Credit Card,Laptop & Accessory,5,1,7,0,1.63,2,21.0,158.29,9.59,2,8.4,0
CUST103832,Male,65,Married,2,57,Mobile Phone,Credit Card,Mobile Phone,5,5,5,1,5.73,5,74.0,136.97,12.18,1,29.7,0
CUST101756,Male,19,Single,3,30,Computer,Credit Card,Mobile Phone,1,5,5,1,1.54,3,35.0,82.31,,0,30.6,0
CUST104440,Male,31,Single,1,4,Mobile Phone,Credit Card,Fashion,3,2,3,1,5.53,4,56.0,144.77,5.47,0,6.9,1
CUST102438,Male,46,Single,2,71,Mobile Phone,UPI,Laptop & Accessory,1,5,6,0,1.4,4,51.0,150.3,,2,12.1,0
CUST102515,Female,23,Single,2,11,Mobile Phone,Credit Card,Mobile Phone,5,5,6,1,1.03,4,5.0,117.34,20.73,2,1.0,0
CUST103259,Male,54,Married,3,46,Mobile Phone,Credit Card,Mobile Phone,5,1,2,0,6.15,2,39.0,156.95,23.16,2,17.5,0
CUST103460,Male,52,Single,1,66,Mobile Phone,Debit Card,Grocery,4,5,4,0,1.04,1,12.0,166.44,12.96,1,6.8,0
CUST103800,Male,39,Single,1,13,Computer,Debit Card,Mobile Phone,2,5,7,0,10.74,1,45.0,209.1,29.41,0,24.8,0
CUST100174,Male,69,Single,1,43,Mobile Phone,Credit Card,Mobile Phone,4,2,3,0,3.57,4,74.0,187.88,16.03,3,16.1,0
CUST102298,Male,60,Single,1,0,Mobile Phone,Debit Card,Fashion,4,3,5,0,1.31,2,32.0,213.34,,2,8.0,0
CUST104086,Female,41,Married,1,35,Mobile Phone,UPI,Grocery,2,4,3,0,1.68,2,26.0,115.97,26.37,1,11.2,0
CUST101505,Male,57,Married,1,52,Mobile Phone,Cash on Delivery,Grocery,5,3,5,0,3.57,1,52.0,194.46,30.35,1,10.7,0
CUST104475,Female,50,Married,3,12,Mobile Phone,Debit Card,Mobile Phone,1,2,7,0,0.55,2,6.0,160.81,24.19,3,9.2,0
CUST100217,Male,44,Married,1,23,Computer,UPI,Laptop & Accessory,4,1,5,0,,4,89.0,57.67,30.51,1,20.0,0
CUST103938,Male,60,Single,2,42,Computer,Credit Card,Mobile Phone,5,4,5,0,1.92,4,72.0,217.96,29.12,1,16.2,0
CUST103959,Male,54,Single,1,51,Mobile Phone,UPI,Fashion,2,2,3,0,1.66,1,58.0,159.53,6.95,0,1.0,0
CUST100690,Male,37,Single,3,0,Computer,Debit Card,Mobile Phone,3,1,6,0,0.82,4,40.0,105.55,21.82,1,3.7,0
CUST104537,Female,65,Single,3,49,Mobile Phone,Credit Card,Others,5,4,6,0,2.6,2,21.0,127.52,17.35,1,22.4,0
CUST102478,Male,43,Married,3,56,Mobile Phone,Credit Card,Laptop & Accessory,1,3,6,1,1.78,3,70.0,192.23,10.12,1,17.0,1
CUST104869,Female,18,Married,1,63,Mobile Phone,E-wallet,Laptop & Accessory,3,3,4,1,2.08,4,4.0,67.18,20.38,2,17.3,0
CUST101106,Male,50,Single,3,54,Computer,Debit Card,Grocery,4,1,2,1,3.43,0,38.0,165.5,19.09,2,25.9,0
CUST101632,Female,30,Single,1,25,Computer,Cash on Delivery,Laptop & Accessory,4,5,3,0,1.47,1,61.0,68.48,17.75,1,14.0,0
CUST103085,Male,65,Single,2,26,Mobile Phone,Debit Card,Grocery,5,3,6,0,2.05,1,38.0,111.32,11.79,1,12.7,1
CUST101553,Male,54,Divorced,1,30,Mobile Phone,Debit Card,Others,5,2,1,0,1.76,3,71.0,165.7,24.94,2,4.5,1
CUST100611,Female,50,Single,1,49,Computer,Debit Card,Fashion,4,4,1,0,3.23,4,77.0,99.12,0.1,2,22.9,0
CUST103262,Male,49,Married,1,3,Mobile Phone,Credit Card,Laptop & Accessory,2,2,2,0,0.86,4,64.0,205.8,27.04,3,17.7,0
CUST104274,Male,43,Single,2,48,Mobile Phone,Credit Card,Mobile Phone,4,4,4,0,6.22,4,45.0,111.16,29.93,4,12.0,0
CUST100576,Female,62,,3,49,Mobile Phone,UPI,Fashion,4,5,1,0,0.55,4,89.0,119.15,14.37,0,11.2,0
CUST102080,Male,39,Married,3,5,Computer,Debit Card,Mobile Phone,5,5,7,1,4.6,0,49.0,157.27,24.34,1,16.8,0
CUST104449,Male,52,Divorced,2,43,Computer,Cash on Delivery,Mobile Phone,5,4,4,1,1.51,2,0.0,169.47,13.92,2,19.9,0
CUST101180,Female,39,Divorced,1,10,Mobile Phone,Debit Card,Fashion,4,3,2,0,6.08,3,55.0,201.43,3.89,2,18.3,0
CUST100888,Male,32,Divorced,1,36,Mobile Phone,Credit Card,Grocery,4,1,1,0,0.51,1,50.0,223.12,16.83,1,6.4,0
CUST103977,Male,18,Married,3,68,Mobile Phone,Credit Card,Fashion,5,5,5,0,2.2,2,33.0,77.74,18.63,3,5.8,0
CUST104626,Female,55,,3,46,Mobile Phone,Cash on Delivery,Grocery,3,3,2,0,0.95,5,61.0,135.84,0.0,0,10.6,0
CUST103853,Male,31,Married,1,9,Mobile Phone,Cash on Delivery,Laptop & Accessory,1,3,6,0,1.45,5,46.0,54.26,11.89,1,8.7,0
CUST100817,Female,29,Single,2,36,Computer,Cash on Delivery,Mobile Phone,3,1,5,0,1.55,2,43.0,76.68,13.51,4,17.0,0
CUST103298,Male,26,Married,2,15,Mobile Phone,E-wallet,Fashion,3,3,7,1,0.51,4,65.0,228.3,10.5,2,22.5,0
CUST101888,Female,64,Single,3,66,Mobile Phone,Debit Card,Grocery,3,2,5,1,3.79,4,61.0,158.64,8.78,3,19.3,0
CUST100208,Male,56,Single,1,31,Mobile Phone,E-wallet,Fashion,1,2,3,1,2.46,2,17.0,,0.0,1,3.6,1
CUST100293,Male,64,Married,1,4,Mobile Phone,UPI,Mobile Phone,1,4,4,0,5.29,3,22.0,258.75,6.42,3,13.5,1
CUST101119,Female,25,Married,2,63,Computer,Debit Card,Fashion,5,3,6,0,0.48,0,7.0,167.74,29.4,1,29.0,0
CUST102503,Female,28,Married,3,29,Computer,Cash on Delivery,Grocery,2,5,7,0,0.63,4,68.0,191.39,19.2,2,6.1,1
CUST101788,Female,45,Married,3,30,Computer,Credit Card,Fashion,3,2,7,0,3.68,3,78.0,177.97,11.57,0,11.0,0
CUST101264,Female,68,Divorced,1,1,Mobile Phone,Debit Card,Mobile Phone,4,2,6,1,1.18,3,4.0,89.63,19.86,1,21.8,0
CUST100990,Female,36,Single,2,8,Mobile Phone,Cash on Delivery,Mobile Phone,1,1,5,0,5.42,3,28.0,111.72,16.1,3,8.1,0
CUST104210,Female,36,Married,3,41,Mobile Phone,Credit Card,Mobile Phone,2,2,6,1,0.44,3,83.0,189.82,25.55,2,19.7,1
CUST101534,Male,61,Single,1,70,Mobile Phone,UPI,Laptop & Accessory,1,3,3,0,5.03,7,36.0,82.31,0.0,0,10.6,0
CUST100353,Female,27,Married,2,19,Mobile Phone,Debit Card,Mobile Phone,1,4,6,0,0.79,3,34.0,109.06,16.1,1,15.1,1
CUST104620,Male,30,Married,2,56,Mobile Phone,Credit Card,Fashion,4,4,5,0,,4,82.0,237.79,19.18,1,13.7,0
CUST103384,Male,28,Married,2,67,Computer,Debit Card,Fashion,5,1,5,1,2.02,4,46.0,96.6,12.06,4,28.9,0
CUST103062,Male,40,Married,2,37,Computer,Credit Card,Mobile Phone,4,1,3,0,2.14,5,37.0,138.91,11.78,0,9.8,0
CUST103908,Female,40,Single,2,6,Mobile Phone,Credit Card,Fashion,5,3,7,0,2.39,5,66.0,178.96,,0,16.5,0
CUST104546,Female,64,Married,2,26,Mobile Phone,UPI,Grocery,5,5,2,0,1.13,3,18.0,163.28,6.05,4,18.1,0
CUST101228,Female,40,Single,2,66,Mobile Phone,Credit Card,Laptop & Accessory,1,2,4,0,0.41,4,66.0,204.75,20.72,3,29.2,0
CUST100259,Female,68,Single,3,60,Computer,Debit Card,Grocery,5,1,2,0,1.21,2,81.0,177.5,23.82,4,35.1,0
CUST101543,Male,63,Married,3,11,Mobile Phone,Debit Card,Others,4,4,1,0,3.52,3,52.0,131.44,19.87,5,19.3,0
CUST104466,Male,51,Single,1,28,Mobile Phone,UPI,Laptop & Accessory,4,2,7,1,4.47,2,52.0,74.83,11.81,2,13.6,0
CUST104754,Female,67,Single,3,48,Mobile Phone,Debit Card,Others,3,5,2,0,2.7,1,80.0,80.18,19.59,1,8.0,0
CUST103166,Male,30,Divorced,1,64,Mobile Phone,Debit Card,Mobile Phone,1,3,6,1,3.52,4,11.0,28.37,27.97,2,25.6,0
CUST103102,Female,36,Single,2,27,Computer,E-wallet,Laptop & Accessory,3,4,3,0,1.83,5,63.0,149.67,19.85,2,7.5,0
CUST100052,Female,59,Married,2,41,Computer,Debit Card,Fashion,5,1,6,1,1.74,2,46.0,215.2,31.65,0,29.4,0
CUST102213,Male,68,Divorced,3,16,Computer,UPI,Laptop & Accessory,2,5,5,1,2.12,7,82.0,,24.83,3,25.4,0
CUST101869,Female,31,Married,1,54,Mobile Phone,UPI,Fashion,4,4,6,1,0.76,4,52.0,194.99,25.46,0,24.5,0
CUST102210,Female,63,Married,3,46,Mobile Phone,Credit Card,Others,1,2,3,1,1.47,2,19.0,219.11,17.99,1,35.5,0
CUST102426,Male,50,Married,2,6,Computer,Credit Card,Laptop & Accessory,5,5,4,0,6.62,3,9.0,224.98,23.14,0,4.0,0
CUST103998,Male,44,Married,1,29,Mobile Phone,UPI,Grocery,2,4,2,0,2.1,6,55.0,159.59,16.23,3,25.0,0
CUST102361,Male,19,Single,2,9,Computer,Debit Card,Grocery,3,2,1,1,0.49,3,76.0,83.9,15.55,0,1.0,1
CUST101479,Male,37,Single,3,26,Mobile Phone,E-wallet,Fashion,4,2,5,0,2.0,5,70.0,174.79,16.67,1,31.3,0
CUST101033,Female,27,Single,2,55,Computer,UPI,Others,2,2,5,1,0.76,3,65.0,165.39,34.25,0,18.0,0
CUST101097,Female,52,Single,2,39,Mobile Phone,Credit Card,Grocery,3,1,6,0,0.58,2,44.0,205.24,18.95,1,18.3,0
CUST101469,Male,26,Single,3,64,Mobile Phone,UPI,Grocery,4,2,5,0,0.95,3,11.0,141.59,21.44,1,9.8,0
CUST100543,Female,63,Married,3,6,Computer,Credit Card,Fashion,5,2,5,1,2.09,4,53.0,164.95,25.56,5,24.9,0
CUST101046,Male,41,Married,3,7,Mobile Phone,Credit Card,Laptop & Accessory,3,3,3,0,3.07,7,83.0,129.17,18.35,0,11.1,0
CUST104141,Female,52,Divorced,1,8,Computer,Cash on Delivery,Laptop & Accessory,4,4,2,0,2.27,2,41.0,177.33,18.34,4,4.7,0
CUST104765,Male,67,Married,3,46,Mobile Phone,UPI,Fashion,2,4,4,0,2.2,2,73.0,110.23,19.93,3,19.4,1
CUST100030,Female,21,Married,2,56,Mobile Phone,Cash on Delivery,Others,5,1,5,0,4.45,0,41.0,201.0,10.01,1,17.5,0
CUST100725,Male,25,Single,3,9,Mobile Phone,Credit Card,Mobile Phone,2,2,4,0,5.47,5,87.0,187.12,6.52,0,14.3,1
CUST102715,Male,67,Married,1,68,Mobile Phone,UPI,Mobile Phone,2,1,2,0,8.07,7,41.0,78.19,22.87,1,18.7,0
CUST102114,Male,52,Single,2,62,Computer,UPI,Mobile Phone,1,4,5,0,0.53,4,24.0,162.85,9.47,4,16.5,0
CUST103927,Female,38,Married,1,11,Computer,UPI,Fashion,5,5,1,0,3.46,3,77.0,91.43,11.58,0,27.6,1
CUST101426,Male,68,Single,3,59,Mobile Phone,UPI,Others,4,5,5,0,3.33,5,42.0,218.09,18.34,1,2.3,0
CUST102569,Female,61,Married,2,52,Mobile Phone,Credit Card,Fashion,2,5,7,0,2.5,1,51.0,233.4,13.2,1,10.5,0
CUST100436,Male,35,Single,1,54,Computer,Credit Card,Others,1,4,7,0,0.65,2,43.0,106.4,15.12,0,20.9,0
CUST102487,Female,59,Single,2,52,Mobile Phone,UPI,Others,5,1,6,0,2.44,2,28.0,149.35,15.95,0,20.3,0
CUST100912,Female,27,Single,2,27,Mobile Phone,UPI,Fashion,5,4,2,0,0.91,1,11.0,91.55,17.83,3,21.7,0
CUST104235,Male,53,Single,2,5,Mobile Phone,Credit Card,Mobile Phone,3,5,5,1,3.04,2,12.0,159.65,15.06,3,23.1,0
CUST104177,Female,27,Single,3,55,Computer,Debit Card,Mobile Phone,1,4,5,1,1.05,4,18.0,115.67,19.36,1,8.9,0
CUST104526,Female,28,Single,3,67,Mobile Phone,Cash on Delivery,Grocery,3,1,5,0,,5,77.0,162.15,19.4,2,1.0,0
CUST103351,Male,25,Married,3,71,Mobile Phone,Debit Card,Grocery,4,5,2,0,2.84,4,77.0,216.78,25.87,1,1.0,0
CUST102304,Male,28,Married,2,62,Computer,Credit Card,Mobile Phone,3,5,3,1,2.09,4,23.0,112.19,15.43,1,8.6,0
CUST101609,Male,44,Married,1,54,Mobile Phone,Debit Card,Mobile Phone,1,5,5,1,0.56,6,57.0,102.75,0.0,0,16.6,0
CUST101238,Male,68,Single,2,24,Mobile Phone,Debit Card,Fashion,2,5,6,1,0.49,7,44.0,84.0,12.93,2,16.2,0
CUST100903,Male,47,Divorced,2,44,Computer,Debit Card,Grocery,4,3,2,0,6.72,1,80.0,249.27,0.92,0,1.0,1
CUST102521,Female,64,Married,2,42,Computer,Debit Card,Grocery,4,4,1,1,3.46,3,47.0,133.73,24.33,1,1.4,0
CUST103165,Female,56,Single,2,8,Mobile Phone,Credit Card,Laptop & Accessory,3,1,2,1,4.55,3,54.0,195.84,26.76,3,27.4,1
CUST102329,Male,64,Single,2,5,Mobile Phone,UPI,Laptop & Accessory,5,3,1,0,3.03,3,4.0,212.36,13.58,3,8.8,0
CUST100507,Female,59,Married,1,61,Mobile Phone,E-wallet,Laptop & Accessory,2,5,7,1,2.58,2,63.0,126.91,15.64,1,13.7,0
CUST104895,Male,37,Married,3,17,Mobile Phone,Debit Card,Fashion,3,4,6,1,2.01,3,26.0,208.19,13.79,1,21.4,1
CUST100183,Male,57,Married,1,65,Computer,Debit Card,Others,4,1,2,1,0.54,4,62.0,166.36,12.26,4,19.1,0
CUST101589,Male,58,Married,1,49,Mobile Phone,Cash on Delivery,Mobile Phone,4,1,7,0,0.65,2,20.0,214.97,16.75,0,17.0,0
CUST101497,Female,68,Married,3,28,Mobile Phone,E-wallet,Grocery,4,1,4,0,3.49,3,86.0,202.56,18.35,0,42.4,1
CUST103632,Female,58,Married,3,30,Computer,Debit Card,Fashion,4,2,7,0,5.04,2,32.0,22.16,15.3,3,1.0,0
CUST100321,Male,69,Married,2,30,Computer,E-wallet,Grocery,2,1,7,0,0.56,10,31.0,230.75,20.61,1,1.9,0
CUST101803,Female,19,Married,2,12,Mobile Phone,Cash on Delivery,Mobile Phone,4,1,1,1,1.62,4,1.0,46.08,23.2,2,9.6,1
CUST104754,Female,67,Single,3,48,Mobile Phone,Debit Card,Others,3,5,2,0,2.7,1,80.0,80.18,19.59,1,8.0,0
CUST103852,Male,35,Married,1,39,Mobile Phone,Credit Card,Laptop & Accessory,4,1,2,0,2.11,4,31.0,90.14,32.19,1,20.5,0
CUST102543,Male,29,Single,2,69,Mobile Phone,UPI,Fashion,3,5,5,1,3.43,0,72.0,108.44,25.6,0,13.9,1
CUST101807,Male,59,Single,2,60,Mobile Phone,Debit Card,Grocery,4,2,4,0,1.6,5,61.0,123.51,17.56,1,22.4,0
CUST104756,Male,40,Single,1,37,Computer,Credit Card,Mobile Phone,1,4,5,0,3.14,6,5.0,130.21,0.0,1,11.5,1
CUST104213,Male,51,Married,1,36,Mobile Phone,Debit Card,Mobile Phone,2,2,7,0,4.2,8,61.0,112.73,23.01,3,20.8,0
CUST104451,Female,23,Single,3,57,Computer,UPI,Fashion,2,3,4,0,6.51,0,66.0,165.1,11.22,4,29.6,0
CUST101146,Female,36,Single,1,26,Mobile Phone,Credit Card,Grocery,1,3,4,0,2.75,1,18.0,235.13,4.15,1,20.0,0
CUST102086,Male,60,Married,2,69,Mobile Phone,E-wallet,Laptop & Accessory,1,2,6,1,7.17,4,79.0,254.68,23.67,3,16.9,0
CUST100044,Female,45,Married,1,2,Mobile Phone,Credit Card,Laptop & Accessory,5,4,4,1,6.93,2,85.0,157.06,32.82,1,27.9,1
CUST103819,Female,37,Married,3,46,Computer,E-wallet,Grocery,1,4,1,1,1.93,1,48.0,137.64,10.41,2,1.0,1
CUST101550,Male,36,Single,1,47,Mobile Phone,Debit Card,Grocery,2,4,6,0,2.13,5,18.0,14.97,11.65,1,20.0,0
CUST102319,Female,66,Divorced,3,30,Mobile Phone,Debit Card,Mobile Phone,2,4,1,1,2.22,2,74.0,222.97,19.73,0,20.2,0
CUST101378,Female,23,Single,2,29,Mobile Phone,UPI,Fashion,5,2,4,0,1.47,0,78.0,116.03,19.43,2,15.1,0
CUST101988,Female,68,Married,3,64,Mobile Phone,Cash on Delivery,Fashion,1,1,4,0,4.1,6,86.0,229.28,17.61,3,3.2,0
CUST103032,Male,51,Single,1,15,Mobile Phone,UPI,Grocery,2,4,1,1,4.22,4,34.0,74.86,27.73,1,25.9,1
CUST100413,Female,20,Married,2,13,Computer,Cash on Delivery,Mobile Phone,1,2,5,1,5.68,7,35.0,129.01,17.09,0,12.7,0
CUST103886,Female,33,Married,3,28,Mobile Phone,Debit Card,Grocery,2,1,1,0,0.7,3,76.0,34.15,28.16,3,12.3,1
CUST101407,Male,57,Single,1,42,Computer,UPI,Laptop & Accessory,1,3,1,0,7.15,1,83.0,89.87,14.79,3,26.5,0
CUST101706,Male,67,Single,2,53,Computer,Debit Card,Fashion,2,3,7,0,4.34,4,64.0,193.01,25.95,1,4.1,0
CUST100801,Male,53,Married,1,25,Computer,UPI,Grocery,3,1,1,1,2.41,5,48.0,125.36,9.34,3,21.9,0
CUST101288,Male,31,Single,2,54,Mobile Phone,Cash on Delivery,Fashion,4,4,6,0,5.31,3,65.0,144.24,11.45,1,13.7,0
CUST102874,Male,63,Single,1,62,Mobile Phone,Debit Card,Laptop & Accessory,2,1,3,0,4.19,2,70.0,,9.38,1,25.3,0
CUST102459,Female,40,Single,1,26,Computer,UPI,Fashion,1,1,2,1,0.61,2,78.0,226.51,19.15,3,9.9,1
CUST104122,Female,63,Divorced,2,15,Mobile Phone,Cash on Delivery,Mobile Phone,4,2,3,0,0.91,3,73.0,56.05,8.01,1,5.6,1
CUST102827,Male,67,Single,1,29,Mobile Phone,Debit Card,Fashion,2,5,4,0,6.0,4,2.0,170.06,6.51,2,8.1,0
CUST100256,Female,58,Married,3,68,Computer,Credit Card,Others,4,5,5,1,2.66,4,24.0,99.4,21.08,0,1.0,0
CUST104762,Female,50,Married,2,49,Mobile Phone,UPI,Laptop & Accessory,2,3,4,1,1.96,2,67.0,275.98,17.49,4,21.5,0
CUST104157,Male,24,Married,3,8,Mobile Phone,E-wallet,Fashion,5,3,2,0,1.38,2,25.0,218.49,8.43,3,22.5,0
CUST101151,Female,24,Single,1,35,Computer,Credit Card,Laptop & Accessory,1,1,7,0,0.67,7,66.0,128.3,30.63,2,31.0,0
CUST102318,Male,33,Single,2,60,Mobile Phone,UPI,Others,4,1,3,1,1.13,5,78.0,178.1,5.39,1,10.2,0
CUST100647,Male,20,Married,3,18,Computer,Debit Card,Fashion,3,5,3,0,0.36,2,58.0,95.04,24.97,0,21.8,1
CUST104260,Female,68,Married,2,70,Computer,Credit Card,Grocery,3,2,6,1,0.14,0,73.0,103.74,17.58,1,4.0,0
CUST101729,Male,52,Married,1,39,Mobile Phone,Credit Card,Mobile Phone,1,1,7,0,,4,13.0,176.17,25.35,0,16.4,0
CUST103725,Female,22,Married,3,45,Mobile Phone,UPI,Mobile Phone,3,5,4,0,1.32,4,35.0,211.71,13.55,1,19.4,0
CUST103792,Male,61,Married,1,24,Mobile Phone,Debit Card,Others,4,1,6,0,2.77,3,65.0,136.34,10.05,0,18.7,0
CUST101315,Female,59,Divorced,1,15,Computer,UPI,Laptop & Accessory,1,2,7,0,2.05,1,50.0,201.29,15.97,3,1.0,0
CUST102031,Male,21,Single,2,40,Mobile Phone,Debit Card,Fashion,3,4,4,1,6.68,7,83.0,0.0,10.04,1,12.8,1
CUST103516,Female,32,Married,1,19,Mobile Phone,E-wallet,Fashion,2,1,3,0,,3,4.0,232.47,16.28,0,12.2,0
CUST104051,Female,45,Single,3,41,Computer,Debit Card,Grocery,4,4,5,0,1.47,3,53.0,,17.32,1,16.8,0
CUST101919,Female,34,Single,2,39,Computer,E-wallet,Grocery,4,1,3,0,3.45,3,31.0,93.82,0.73,4,28.0,0
CUST101350,Female,50,Single,1,69,Mobile Phone,Credit Card,Grocery,4,4,2,0,1.55,1,8.0,185.92,15.31,1,4.1,0
CUST102517,Male,43,Single,1,28,Mobile Phone,UPI,Others,3,4,7,1,2.21,2,60.0,124.46,11.71,4,1.0,0
CUST100112,Male,20,Divorced,1,1,Mobile Phone,UPI,Laptop & Accessory,3,1,1,0,2.67,5,38.0,96.75,15.48,1,18.5,0
CUST103154,Male,66,Married,3,31,Computer,Debit Card,Laptop & Accessory,3,1,5,0,2.32,1,58.0,179.67,21.43,0,20.4,0
CUST100263,Male,27,Single,1,50,Computer,E-wallet,Mobile Phone,4,4,7,1,7.56,6,63.0,165.59,31.32,0,15.5,0
CUST101393,Male,24,Divorced,2,44,Mobile Phone,UPI,Fashion,1,4,3,0,1.1,1,11.0,146.42,12.72,4,7.8,0
CUST101907,Male,20,Married,3,70,Mobile Phone,Credit Card,Others,4,5,7,1,5.21,2,20.0,15.31,7.96,0,20.4,0
CUST101186,Male,47,Married,3,62,Computer,UPI,Laptop & Accessory,2,2,4,1,1.64,3,66.0,181.13,15.68,1,22.2,0
CUST102369,Female,28,Single,1,17,Computer,E-wallet,Laptop & Accessory,3,4,3,0,2.26,2,28.0,265.97,30.77,2,21.0,0
CUST100056,Male,55,Married,1,51,Computer,Debit Card,Others,5,2,6,0,2.23,2,89.0,174.91,7.19,3,15.3,0
CUST101309,Female,33,Divorced,1,44,Mobile Phone,UPI,Grocery,4,5,4,0,2.25,0,81.0,69.86,12.11,0,3.9,0
CUST100695,Female,56,Married,1,20,Mobile Phone,Credit Card,Laptop & Accessory,4,3,1,0,2.62,4,29.0,237.58,17.97,2,4.6,0
CUST104216,Female,26,Divorced,3,42,Mobile Phone,Cash on Delivery,Grocery,1,1,1,0,2.28,2,14.0,49.65,21.25,1,10.7,0
CUST103024,Male,58,Married,1,5,Mobile Phone,Credit Card,Grocery,1,1,7,0,2.99,2,69.0,76.54,14.97,1,19.7,0
CUST103617,Male,40,Married,3,24,Computer,Credit Card,Laptop & Accessory,2,1,3,1,0.61,5,22.0,197.29,24.03,2,35.4,0
CUST102211,Male,68,Married,1,30,Computer,Debit Card,Grocery,3,3,2,1,3.51,5,42.0,88.47,12.2,2,16.2,0
CUST103167,Male,27,Married,1,14,Computer,Debit Card,Fashion,2,2,6,0,4.22,0,75.0,,12.17,0,24.6,0
CUST100319,Female,33,Single,2,39,Mobile Phone,Credit Card,Fashion,5,3,6,0,3.06,3,89.0,226.52,7.89,0,19.9,1
CUST102303,Male,55,Married,2,68,Mobile Phone,Debit Card,Grocery,5,4,6,0,3.78,5,11.0,161.4,20.78,1,1.0,0
CUST100682,Male,54,Single,3,28,Mobile Phone,UPI,Others,1,5,7,0,2.48,3,54.0,,15.84,1,17.6,0
CUST104044,Male,59,Single,3,61,Computer,Debit Card,Fashion,1,1,1,1,1.65,4,67.0,146.94,5.93,0,13.8,0
CUST104322,Female,36,Married,3,25,Computer,Credit Card,Mobile Phone,1,2,6,0,,1,46.0,232.05,19.67,1,22.7,0
CUST103669,Female,38,Married,2,47,Mobile Phone,Debit Card,Fashion,5,2,1,1,1.35,5,4.0,144.37,9.77,0,20.7,0
CUST103529,Male,34,Single,2,10,Mobile Phone,Credit Card,Grocery,3,3,7,0,2.62,4,80.0,211.49,17.87,0,22.8,1
CUST102873,Male,44,Married,3,15,Computer,Debit Card,Laptop & Accessory,2,3,6,0,1.46,4,74.0,82.09,27.38,1,16.0,0
CUST100286,Male,56,Divorced,3,43,Computer,UPI,Laptop & Accessory,1,5,4,0,1.05,3,1.0,152.1,14.49,1,23.6,0
CUST104248,Male,29,Married,1,53,Mobile Phone,Cash on Delivery,Mobile Phone,4,5,1,0,2.36,5,78.0,241.42,13.87,3,13.5,0
CUST102142,Female,21,Married,3,51,Computer,Cash on Delivery,Laptop & Accessory,4,3,7,0,1.45,3,22.0,55.49,17.81,1,14.3,0
CUST102432,Female,52,Single,1,26,Computer,Debit Card,Fashion,2,1,7,0,0.46,3,65.0,106.78,15.47,1,16.4,0
CUST101746,Female,42,Single,1,63,Mobile Phone,Debit Card,Mobile Phone,5,2,7,0,1.57,4,4.0,239.41,18.43,2,18.3,0
CUST104505,Male,62,Married,2,23,Computer,UPI,Fashion,1,2,7,0,1.49,3,16.0,182.12,4.79,4,9.7,0
CUST104187,Male,57,Married,2,45,Computer,Credit Card,Laptop & Accessory,1,5,6,0,1.2,5,21.0,156.86,24.29,0,14.0,0
CUST101630,Male,49,Single,2,36,Mobile Phone,Credit Card,Fashion,1,5,5,0,2.83,6,32.0,205.11,13.67,1,21.7,0
CUST102100,Female,55,Single,1,24,Computer,Credit Card,Laptop & Accessory,4,2,2,0,0.84,6,82.0,189.6,24.46,1,19.5,0
CUST100736,Male,20,Single,1,60,Computer,UPI,Mobile Phone,3,4,3,1,3.94,2,73.0,106.66,23.2,3,17.8,0
CUST104291,Male,55,Married,2,35,Mobile Phone,Credit Card,Laptop & Accessory,3,5,6,0,3.36,5,3.0,176.86,14.96,2,8.9,0
CUST100336,Male,30,Married,2,30,Mobile Phone,Credit Card,Grocery,3,2,4,0,,1,24.0,244.8,12.37,1,2.8,0
CUST102402,Female,39,Married,2,16,Computer,UPI,Others,5,4,4,1,4.96,1,10.0,104.97,5.24,0,9.1,0
CUST104900,Male,45,Single,3,69,Mobile Phone,UPI,Mobile Phone,4,2,5,0,0.61,3,28.0,233.7,19.52,1,22.2,0
CUST102659,Male,30,Single,1,68,Computer,UPI,Fashion,2,4,1,0,0.9,4,78.0,47.6,33.65,0,30.4,0
CUST104418,Male,36,Single,2,31,Mobile Phone,Credit Card,Mobile Phone,4,1,7,1,0.78,1,67.0,,6.56,2,17.7,0
CUST101071,Female,57,Single,1,62,Mobile Phone,UPI,Fashion,1,4,4,0,3.7,3,89.0,203.44,2.72,2,7.5,1
CUST102307,Male,32,Divorced,3,8,Computer,Credit Card,Laptop & Accessory,1,5,4,1,2.31,2,52.0,175.97,1.96,1,12.4,0
CUST101699,Female,58,Divorced,3,3,Mobile Phone,Cash on Delivery,Laptop & Accessory,5,5,5,1,2.69,4,76.0,195.77,0.4,1,33.7,0
CUST104733,Male,26,Divorced,2,0,Mobile Phone,E-wallet,Mobile Phone,4,5,6,0,4.46,3,39.0,147.99,23.56,3,20.7,0
CUST103400,Male,65,Married,1,33,Mobile Phone,UPI,Laptop & Accessory,3,3,6,0,3.94,2,30.0,171.7,3.78,2,12.5,0
CUST104126,Male,25,Single,1,32,Mobile Phone,Debit Card,Fashion,4,4,7,1,2.52,2,27.0,201.5,13.08,0,12.2,0
CUST103949,Male,47,Married,2,26,Mobile Phone,Cash on Delivery,Grocery,4,3,1,1,2.93,4,86.0,205.86,20.99,2,1.0,0
CUST103535,Female,42,Single,2,61,Computer,Debit Card,Laptop & Accessory,5,4,1,1,0.19,4,55.0,147.54,13.39,3,19.2,0
CUST101488,Female,36,Married,1,2,Mobile Phone,Credit Card,Fashion,3,3,1,1,4.28,4,27.0,106.73,22.42,2,10.3,0
CUST100498,Male,54,Single,2,40,Mobile Phone,UPI,Fashion,1,3,1,1,2.59,1,34.0,95.26,17.61,4,27.9,0
CUST104358,Male,48,Married,1,8,Computer,UPI,Grocery,4,5,5,0,0.73,5,63.0,178.85,25.95,4,20.2,0
CUST103501,Female,18,Married,1,17,Mobile Phone,UPI,Mobile Phone,3,4,3,1,2.17,6,78.0,74.95,22.42,2,16.7,1
CUST102575,Female,68,Married,2,47,Mobile Phone,Cash on Delivery,Fashion,4,3,2,1,2.81,5,48.0,146.05,16.65,1,10.4,0
CUST102357,Male,37,Married,1,55,Mobile Phone,Cash on Delivery,Mobile Phone,1,1,1,0,1.52,5,29.0,,10.4,1,26.2,0
CUST103688,Female,31,Married,1,51,Computer,Credit Card,Fashion,1,1,6,0,1.79,5,87.0,217.18,16.9,2,18.9,0
CUST104031,Male,68,Married,2,67,Mobile Phone,Debit Card,Laptop & Accessory,5,4,5,0,1.41,4,4.0,169.76,0.0,2,13.9,0
CUST103153,Male,41,Single,2,58,Computer,Credit Card,Fashion,3,3,2,1,9.69,5,78.0,286.19,28.1,7,10.5,0
CUST101610,Male,35,Single,1,59,Mobile Phone,Credit Card,Fashion,4,3,2,0,6.12,3,28.0,210.4,21.68,1,23.5,0
CUST102173,Male,43,Single,2,10,Mobile Phone,Credit Card,Mobile Phone,2,3,1,0,1.17,2,7.0,163.92,22.68,0,4.5,0
CUST102295,Male,34,Divorced,3,17,Mobile Phone,UPI,Laptop & Accessory,5,3,6,0,1.28,6,23.0,165.7,0.0,0,13.6,0
CUST103307,Male,45,Single,1,70,Mobile Phone,UPI,Fashion,2,5,2,0,1.72,7,46.0,170.92,25.91,1,15.2,0
CUST101022,Female,52,Divorced,3,40,Mobile Phone,Credit Card,Grocery,3,2,7,0,1.01,0,4.0,89.82,2.34,2,16.8,0
CUST102299,Female,56,Single,1,46,Mobile Phone,UPI,Laptop & Accessory,2,5,2,1,3.47,4,57.0,188.28,13.09,1,25.2,0
CUST104901,Male,30,Single,2,0,Mobile Phone,UPI,Mobile Phone,2,4,5,1,0.68,4,30.0,153.54,15.54,4,11.2,1
CUST102016,Male,37,Married,3,17,Mobile Phone,E-wallet,Mobile Phone,5,1,1,0,2.52,1,60.0,54.43,17.01,2,18.8,0
CUST103084,Female,26,Divorced,2,50,Mobile Phone,E-wallet,Mobile Phone,4,1,5,0,2.54,2,10.0,103.52,16.43,2,8.4,0
CUST104992,Female,66,Married,1,1,Mobile Phone,Debit Card,Laptop & Accessory,1,5,7,0,0.61,1,9.0,109.5,9.93,1,20.7,0
CUST100665,Female,30,Married,2,6,Computer,Debit Card,Fashion,1,3,7,0,0.65,6,76.0,95.35,22.22,3,1.0,0
CUST103956,Female,57,Single,1,45,Mobile Phone,Cash on Delivery,Mobile Phone,3,4,3,1,0.94,2,43.0,129.54,11.07,1,16.9,1
CUST102656,Male,31,Married,1,36,Mobile Phone,Debit Card,Grocery,3,2,4,0,1.64,2,81.0,146.57,19.11,2,16.6,0
CUST104228,Female,58,Married,3,20,Mobile Phone,Cash on Delivery,Fashion,1,3,1,0,4.09,4,82.0,167.35,19.24,4,25.5,1
CUST104279,Female,26,Married,2,21,Mobile Phone,Debit Card,Fashion,1,4,3,0,5.54,2,14.0,141.17,22.37,2,11.2,0
CUST102450,Female,51,Single,1,31,Mobile Phone,UPI,Mobile Phone,5,4,1,0,2.87,2,64.0,153.69,0.64,2,17.9,0
CUST101017,Female,58,Married,2,60,Computer,Debit Card,Mobile Phone,5,1,2,0,2.84,3,38.0,230.9,22.1,1,14.1,0
CUST100557,Male,27,Single,1,14,Computer,UPI,Mobile Phone,2,5,4,0,1.36,4,62.0,144.57,7.76,2,12.1,0
CUST102416,Male,66,,3,43,Computer,Debit Card,Mobile Phone,2,5,5,1,2.46,7,68.0,182.58,0.85,3,27.4,0
CUST101207,Male,65,Single,2,52,Computer,UPI,Laptop & Accessory,2,3,1,0,4.43,2,21.0,158.49,23.58,2,5.4,0
CUST103349,Male,53,Single,2,64,Mobile Phone,Debit Card,Laptop & Accessory,3,2,5,0,4.54,2,34.0,275.39,14.52,0,21.2,0
CUST103694,Female,22,Married,1,21,Computer,E-wallet,Laptop & Accessory,4,4,7,0,0.66,2,10.0,128.03,20.59,1,7.3,1
CUST104419,Male,50,Married,1,44,Computer,Cash on Delivery,Fashion,2,5,5,0,2.97,7,85.0,222.03,13.42,2,10.9,0
CUST101510,Male,34,Single,1,54,Computer,Cash on Delivery,Mobile Phone,2,1,6,0,3.13,3,7.0,242.49,8.12,2,7.6,0
CUST103860,Male,54,Married,2,19,Mobile Phone,Credit Card,Laptop & Accessory,5,1,4,1,1.77,4,69.0,111.67,14.24,4,7.1,0
CUST100245,Female,40,Divorced,3,7,Mobile Phone,Cash on Delivery,Laptop & Accessory,4,4,6,0,0.75,3,56.0,105.92,18.47,0,15.2,0
CUST101163,Male,37,Single,3,44,Mobile Phone,Cash on Delivery,Laptop & Accessory,5,2,5,0,0.35,1,16.0,110.93,17.6,1,8.2,1
CUST102603,Female,43,Single,1,20,Mobile Phone,Debit Card,Mobile Phone,4,3,4,0,2.27,2,72.0,160.25,0.0,1,8.5,0
CUST100266,Male,35,Single,2,45,Mobile Phone,E-wallet,Mobile Phone,2,4,7,1,2.39,1,42.0,106.45,17.31,1,14.6,0
CUST104689,Female,34,Single,3,15,Computer,Cash on Delivery,Fashion,2,2,1,0,1.35,5,33.0,168.78,21.5,2,15.8,1
CUST101114,Female,47,Single,2,28,Mobile Phone,Credit Card,Others,5,1,5,1,4.05,7,80.0,218.36,10.38,0,22.1,1
CUST100063,Female,62,Single,1,6,Mobile Phone,Credit Card,Mobile Phone,5,2,4,0,0.51,4,1.0,141.08,7.95,1,17.8,0
CUST102610,Female,61,Single,2,14,Mobile Phone,Debit Card,Fashion,1,4,6,1,3.77,4,86.0,98.48,16.13,1,1.0,1
CUST102186,Female,24,Single,1,25,Mobile Phone,UPI,Fashion,2,1,5,0,1.6,1,54.0,183.22,15.97,1,10.6,0
CUST102776,Female,65,Married,1,59,Computer,E-wallet,Grocery,1,1,4,0,4.73,6,31.0,173.36,18.18,2,9.2,0
CUST104367,Female,36,Married,3,20,Computer,Credit Card,Laptop & Accessory,2,4,2,0,1.51,2,39.0,116.69,18.39,1,2.7,0
CUST103097,Male,55,Married,1,71,Mobile Phone,Debit Card,Fashion,4,5,1,1,1.87,1,20.0,86.18,13.12,0,21.8,0
CUST102045,Male,24,Divorced,2,69,Mobile Phone,Debit Card,Fashion,3,3,2,0,2.02,4,,215.66,22.93,3,2.0,0
CUST102834,Female,34,Married,1,67,Computer,Debit Card,Mobile Phone,2,4,7,1,1.67,7,51.0,286.79,9.1,2,20.5,0
CUST102276,Female,63,Divorced,3,0,Mobile Phone,Credit Card,Mobile Phone,1,1,1,0,1.75,1,7.0,142.57,10.4,2,26.9,0
CUST102078,Male,60,Married,1,10,Computer,UPI,Fashion,3,2,5,0,0.18,4,70.0,180.51,19.0,1,20.0,1
CUST103196,Female,38,Single,3,14,Mobile Phone,Credit Card,Fashion,1,1,5,0,,2,58.0,113.59,24.13,0,25.4,0
CUST101237,Male,49,Married,3,28,Mobile Phone,UPI,Mobile Phone,1,3,6,0,7.55,5,53.0,132.4,19.55,2,14.7,0
CUST100103,Female,39,Single,3,48,Computer,Credit Card,Grocery,1,2,3,0,8.53,3,79.0,253.24,14.25,3,20.4,1
CUST103382,Female,58,Single,1,8,Mobile Phone,UPI,Mobile Phone,3,4,4,0,5.88,3,11.0,132.19,23.48,3,23.9,0
CUST100272,Male,45,Single,2,50,Mobile Phone,Cash on Delivery,Mobile Phone,2,2,3,0,1.49,0,8.0,241.62,18.84,2,10.8,0
CUST100508,Male,41,Single,1,66,Computer,Cash on Delivery,Fashion,3,4,3,0,1.67,1,20.0,163.24,7.94,1,8.7,0
CUST102290,Female,53,Married,2,69,Mobile Phone,Debit Card,Laptop & Accessory,4,5,4,0,0.99,3,9.0,51.6,21.85,1,20.6,0
CUST104948,Female,37,Single,3,47,Computer,Credit Card,Laptop & Accessory,4,5,4,1,5.17,2,18.0,154.06,9.36,0,29.7,0
CUST104749,Male,46,Married,3,14,Mobile Phone,E-wallet,Mobile Phone,5,2,5,0,5.81,0,88.0,45.42,13.09,2,15.7,0
CUST100865,Female,52,Single,1,5,Mobile Phone,E-wallet,Mobile Phone,2,1,2,0,0.94,2,23.0,76.85,17.11,1,10.7,0
CUST102451,Female,23,Single,3,66,Mobile Phone,UPI,Fashion,2,4,4,0,4.31,0,73.0,165.45,23.57,3,14.1,0
CUST100908,Male,67,Single,3,43,Mobile Phone,Credit Card,Mobile Phone,1,3,7,0,8.24,1,27.0,134.99,19.87,0,21.5,0
CUST102131,Female,63,Single,1,26,Mobile Phone,Credit Card,Mobile Phone,3,4,7,1,1.2,2,21.0,62.55,30.67,0,22.9,0
CUST102877,Male,62,Divorced,1,31,Mobile Phone,Cash on Delivery,Grocery,1,1,1,0,3.21,4,85.0,152.37,20.48,2,22.3,0
CUST103920,Male,33,Divorced,3,27,Mobile Phone,Credit Card,Laptop & Accessory,5,1,6,0,2.88,3,35.0,117.87,13.81,1,12.6,0
CUST101627,Male,55,Married,3,22,Computer,Credit Card,Mobile Phone,2,1,4,1,4.35,3,68.0,85.81,7.84,0,14.4,1
CUST102893,Female,53,Single,1,3,Mobile Phone,UPI,Grocery,1,2,3,0,2.97,2,30.0,141.12,33.78,1,18.6,1
CUST101522,Female,30,Married,3,3,Mobile Phone,Cash on Delivery,Others,3,4,1,0,7.43,4,28.0,138.43,,2,25.7,1
CUST100835,Female,67,Married,1,3,Computer,UPI,Fashion,2,1,4,0,0.66,2,1.0,91.71,22.76,3,9.0,0
CUST100358,Male,68,Married,2,37,Mobile Phone,UPI,Laptop & Accessory,4,3,5,0,0.87,2,1.0,173.18,23.79,1,14.2,0
CUST100138,Female,30,Married,1,29,Mobile Phone,Cash on Delivery,Mobile Phone,5,4,5,0,6.11,1,41.0,99.02,13.41,2,27.1,0
CUST100299,Female,32,Divorced,3,50,Mobile Phone,Debit Card,Laptop & Accessory,4,3,2,0,6.26,4,65.0,123.72,7.0,0,17.7,0
CUST101556,Female,36,Single,1,55,Mobile Phone,Debit Card,Fashion,2,1,7,0,3.98,2,9.0,144.99,0.48,1,28.9,0
CUST101003,Male,44,Single,3,64,Computer,UPI,Fashion,5,5,6,0,3.49,4,80.0,181.15,16.8,2,12.9,0
CUST100382,Female,28,Married,1,5,Mobile Phone,Credit Card,Grocery,3,5,4,0,0.34,6,,184.72,18.36,2,22.2,0
CUST100941,Female,50,Married,3,45,Mobile Phone,UPI,Mobile Phone,3,5,3,0,3.38,2,32.0,200.75,,0,4.8,0
CUST101942,Male,38,Single,1,16,Mobile Phone,Credit Card,Laptop & Accessory,2,4,7,0,1.84,5,41.0,196.93,21.64,2,10.1,0
CUST101194,Female,19,Married,2,60,Mobile Phone,UPI,Mobile Phone,1,3,3,1,2.68,2,77.0,156.36,19.1,2,2.9,0
CUST100761,Male,29,Divorced,2,19,Computer,Credit Card,Grocery,3,2,5,1,2.59,4,21.0,71.24,16.2,2,9.5,0
CUST101732,Female,37,Married,3,62,Computer,Credit Card,Laptop & Accessory,1,5,7,0,1.86,4,17.0,206.16,11.35,1,5.3,0
CUST101902,Female,30,Married,2,42,Computer,Credit Card,Grocery,2,4,3,0,2.98,2,58.0,255.96,18.2,1,12.5,0
CUST104930,Female,36,Divorced,1,40,Computer,UPI,Mobile Phone,3,4,4,0,1.31,3,73.0,164.58,23.85,1,15.5,0
CUST102103,Female,46,Divorced,2,46,Mobile Phone,Cash on Delivery,Fashion,2,3,5,1,3.33,1,58.0,143.7,10.87,0,17.6,0
CUST104497,Male,58,Married,1,60,Mobile Phone,Debit Card,Laptop & Accessory,2,5,5,0,4.44,3,81.0,84.08,18.6,3,12.7,0
CUST100898,Male,52,Single,1,32,Mobile Phone,Credit Card,Grocery,4,4,4,1,0.48,6,11.0,124.28,7.45,3,10.3,0
CUST104023,Female,68,Married,1,31,Mobile Phone,UPI,Fashion,2,3,7,0,9.41,4,44.0,172.67,13.39,3,11.8,0
CUST102916,Male,60,Married,2,40,Computer,Cash on Delivery,Grocery,4,1,1,0,2.3,3,34.0,164.2,20.57,0,28.8,0
CUST101402,Female,20,Married,1,10,Mobile Phone,UPI,Mobile Phone,3,4,1,1,0.3,3,41.0,186.49,0.98,0,32.6,0
CUST102275,Male,27,Married,2,28,Computer,Credit Card,Fashion,1,5,4,1,1.86,4,1.0,80.6,16.94,2,16.8,1
CUST103809,Female,42,Married,3,51,Computer,Credit Card,Laptop & Accessory,1,2,5,0,0.61,0,74.0,130.25,10.62,1,12.3,1
CUST104400,Female,22,Married,1,25,Computer,Credit Card,Laptop & Accessory,3,2,1,0,1.18,1,48.0,174.72,16.29,1,19.7,0
CUST104722,Male,55,Single,2,42,Mobile Phone,Credit Card,Mobile Phone,3,4,7,0,1.31,6,67.0,40.13,10.36,3,19.8,0
CUST101512,Female,29,Single,2,38,Computer,Debit Card,Fashion,1,3,4,0,2.57,3,23.0,119.2,7.88,2,4.7,0
CUST101188,Male,65,Divorced,1,31,Mobile Phone,Debit Card,Fashion,2,3,2,0,0.65,1,48.0,146.96,0.0,0,13.8,0
CUST104708,Male,24,Single,2,34,Mobile Phone,Debit Card,Fashion,5,4,3,0,0.71,2,88.0,195.49,15.86,3,8.0,0
CUST103467,Male,59,,2,65,Computer,Cash on Delivery,Fashion,2,2,5,0,3.92,3,1.0,28.61,10.02,0,12.6,0
CUST104343,Male,46,Married,1,69,Computer,Credit Card,Fashion,2,5,4,0,4.88,4,6.0,147.07,4.45,2,34.3,0
CUST103458,Male,21,Married,2,19,Mobile Phone,E-wallet,Laptop & Accessory,3,2,1,0,5.32,7,61.0,138.9,11.64,1,34.0,0
CUST100108,Male,46,Married,3,45,Computer,Debit Card,Fashion,2,3,7,0,3.47,5,68.0,170.54,30.78,3,1.0,1
CUST103655,Male,62,Married,1,4,Mobile Phone,Credit Card,Laptop & Accessory,1,4,3,1,2.43,5,33.0,176.72,11.5,0,12.9,0
CUST102463,Female,43,Single,1,38,Computer,UPI,Mobile Phone,5,1,1,1,3.09,3,60.0,76.38,16.78,2,26.4,0
CUST103252,Male,69,Married,2,50,Mobile Phone,Credit Card,Laptop & Accessory,3,2,7,0,1.87,3,2.0,198.76,13.73,0,31.8,0
CUST100058,Male,44,Married,2,64,Computer,Credit Card,Laptop & Accessory,3,4,6,1,1.98,5,45.0,,15.06,3,12.5,0
CUST100076,Male,47,Married,2,7,Mobile Phone,Debit Card,Laptop & Accessory,1,3,3,0,2.8,3,85.0,190.99,7.99,1,22.9,0
CUST100796,Male,37,Single,1,55,Computer,Debit Card,Grocery,3,1,7,0,4.74,3,80.0,121.86,22.33,4,16.3,0
CUST100368,Male,35,Single,2,57,Computer,Debit Card,Grocery,5,5,5,0,0.94,2,81.0,140.71,11.43,2,17.0,0
CUST104920,Male,46,Single,2,17,Mobile Phone,Credit Card,Laptop & Accessory,1,1,2,0,2.54,3,49.0,175.32,12.13,1,22.8,1
CUST100785,Male,68,Single,3,7,Mobile Phone,UPI,Others,5,1,1,0,7.5,3,47.0,76.28,0.0,0,1.0,0
CUST102222,Male,44,Single,2,13,Mobile Phone,UPI,Mobile Phone,4,3,5,0,4.52,3,89.0,90.14,13.54,2,2.7,0
CUST102630,Male,18,Married,1,25,Mobile Phone,Debit Card,Grocery,5,3,3,0,5.46,4,18.0,139.22,14.13,2,15.5,0
CUST102036,Female,44,Divorced,2,71,Mobile Phone,UPI,Mobile Phone,2,5,7,0,3.09,2,14.0,82.96,15.06,1,23.9,0
CUST102354,Male,48,Married,1,16,Computer,UPI,Laptop & Accessory,4,3,1,0,3.85,5,52.0,205.02,21.17,0,1.2,0
CUST103555,Female,46,Married,1,3,Computer,Debit Card,Fashion,5,3,5,0,7.49,1,10.0,256.57,16.85,0,15.1,0
CUST102267,Male,31,Single,1,45,Mobile Phone,Credit Card,Laptop & Accessory,4,1,4,0,2.52,2,38.0,127.87,9.62,1,15.8,0
CUST101730,Female,48,Single,3,64,Mobile Phone,Debit Card,Fashion,5,1,1,1,,6,51.0,127.76,14.8,2,26.2,0
CUST100121,Female,26,Married,1,65,Mobile Phone,Cash on Delivery,Grocery,4,1,4,1,1.36,2,47.0,42.27,8.87,0,13.7,0
CUST101872,Female,19,Married,2,20,Mobile Phone,Debit Card,Mobile Phone,2,1,7,0,8.18,6,2.0,159.82,8.48,0,12.9,0
CUST104513,Male,41,Married,2,53,Computer,UPI,Others,4,1,5,0,1.64,3,24.0,54.55,12.37,2,28.0,0
CUST103666,Male,59,Single,2,1,Computer,Debit Card,Laptop & Accessory,5,3,7,1,1.12,4,18.0,58.11,12.54,6,20.4,1
CUST100910,Female,50,Divorced,2,58,Mobile Phone,Cash on Delivery,Fashion,1,2,5,0,2.09,3,39.0,131.45,11.61,0,10.0,0
CUST100124,Male,65,Married,1,8,Computer,Cash on Delivery,Others,4,5,5,0,1.06,3,77.0,223.64,,1,4.0,0
CUST103188,Male,69,Married,1,6,Mobile Phone,Cash on Delivery,Laptop & Accessory,1,4,4,0,2.33,6,82.0,105.25,20.19,3,19.9,0
CUST101586,Male,26,Married,3,53,Mobile Phone,UPI,Others,5,1,6,0,2.49,3,47.0,109.22,20.86,2,9.1,0
CUST101257,Female,21,Single,1,43,Computer,Credit Card,Fashion,4,1,3,1,1.97,2,18.0,112.42,0.16,3,16.5,0
CUST104003,Male,64,Single,1,45,Mobile Phone,Credit Card,Fashion,5,2,4,0,3.64,6,71.0,202.65,7.18,4,14.4,0
CUST104108,Female,20,,1,46,Computer,Credit Card,Mobile Phone,2,1,2,1,0.83,3,,169.17,15.68,3,19.0,0
CUST103404,Female,42,Single,1,53,Mobile Phone,Cash on Delivery,Laptop & Accessory,5,3,6,0,3.28,4,5.0,199.29,12.25,1,15.8,0
CUST101178,Male,66,Single,3,16,Mobile Phone,UPI,Others,2,2,2,0,3.46,7,4.0,84.28,9.18,0,11.6,1
CUST103064,Male,33,Married,1,33,Mobile Phone,E-wallet,Grocery,1,5,6,0,1.97,1,87.0,131.29,18.07,1,5.9,0
CUST103491,Male,23,Married,3,42,Mobile Phone,Debit Card,Laptop & Accessory,2,3,5,1,1.25,3,18.0,99.11,3.99,4,11.6,0
CUST103100,Female,33,Single,1,34,Mobile Phone,UPI,Laptop & Accessory,1,4,6,0,4.96,10,83.0,170.78,20.29,3,7.5,0
CUST103802,Male,58,Single,1,45,Mobile Phone,Credit Card,Fashion,1,1,6,0,2.58,4,2.0,288.82,15.98,3,39.9,0
CUST100442,Female,35,Married,3,40,Mobile Phone,UPI,Laptop & Accessory,1,5,2,0,1.24,4,40.0,295.47,26.5,3,17.5,0
CUST101932,Female,21,Single,1,1,Computer,Cash on Delivery,Laptop & Accessory,4,1,7,0,1.54,6,42.0,137.09,12.49,1,1.0,1
CUST103109,Female,26,Married,1,60,Mobile Phone,Debit Card,Laptop & Accessory,3,4,3,0,2.5,2,29.0,121.36,21.23,4,18.1,0
CUST100925,Male,23,Married,1,49,Computer,Credit Card,Mobile Phone,1,2,5,0,3.26,3,55.0,72.62,11.67,1,34.2,0
CUST102437,Female,28,Single,1,38,Mobile Phone,Debit Card,Others,3,2,1,0,0.86,6,65.0,73.6,15.22,2,23.6,0
CUST103523,Male,48,Single,1,8,Mobile Phone,Debit Card,Grocery,1,1,2,0,0.93,3,17.0,327.79,31.67,1,5.3,0
CUST104785,Female,29,Single,2,0,Computer,Cash on Delivery,Fashion,2,1,1,0,0.28,0,5.0,167.36,22.89,0,7.1,0
CUST101411,Female,39,Married,1,26,Computer,Debit Card,Laptop & Accessory,1,2,7,0,2.07,0,22.0,250.6,22.63,0,27.7,0
CUST103488,Male,67,Married,2,69,Mobile Phone,UPI,Laptop & Accessory,3,5,7,0,1.84,6,0.0,166.92,12.34,3,11.1,0
CUST101777,Male,61,Single,1,30,Mobile Phone,Credit Card,Fashion,2,3,7,0,2.52,4,0.0,174.06,0.0,1,19.2,0
CUST101509,Female,22,Single,1,49,Computer,Cash on Delivery,Mobile Phone,5,5,3,0,1.51,2,83.0,119.68,13.3,0,27.9,0
CUST101227,Male,51,Married,2,52,Mobile Phone,Credit Card,Laptop & Accessory,4,5,2,1,1.27,3,85.0,113.0,14.17,2,4.0,0
CUST103624,Female,22,Single,1,7,Mobile Phone,UPI,Laptop & Accessory,2,2,7,0,2.45,1,25.0,179.33,14.19,2,24.1,0
CUST102372,Male,19,Married,1,29,Mobile Phone,UPI,Mobile Phone,2,4,1,0,3.13,6,7.0,292.71,14.13,2,5.4,0
CUST103534,Female,36,Single,2,52,Computer,Cash on Delivery,Mobile Phone,5,5,1,0,7.28,2,,180.76,7.41,3,7.3,0
CUST104958,Male,37,Single,3,56,Mobile Phone,Credit Card,Laptop & Accessory,5,3,6,0,3.15,3,17.0,133.76,11.73,1,19.3,0
CUST104521,Male,63,Divorced,1,63,Mobile Phone,Cash on Delivery,Others,1,5,1,0,5.01,1,10.0,27.55,8.86,0,10.8,0
CUST100324,Female,44,Divorced,1,65,Computer,Cash on Delivery,Laptop & Accessory,3,4,1,0,4.83,5,68.0,79.26,24.29,0,18.0,0
CUST103100,Female,33,Single,1,34,Mobile Phone,UPI,Laptop & Accessory,1,4,6,0,4.96,10,83.0,170.78,20.29,3,7.5,0
CUST104468,Female,57,Married,1,0,Mobile Phone,Cash on Delivery,Others,1,3,6,1,2.38,1,7.0,50.31,13.88,3,2.8,0
CUST102182,Female,20,Married,3,41,Computer,UPI,Fashion,1,5,5,0,1.4,2,79.0,205.57,4.31,0,16.3,0
CUST103319,Male,40,Single,1,29,Mobile Phone,Debit Card,Mobile Phone,2,4,1,1,3.05,5,41.0,226.59,16.1,0,20.7,0
CUST103055,Male,19,Single,1,59,Mobile Phone,Credit Card,Laptop & Accessory,2,1,4,0,3.24,1,83.0,156.46,33.56,3,26.1,0
CUST101498,Male,20,Divorced,2,2,Computer,UPI,Mobile Phone,2,5,3,1,3.82,1,18.0,150.44,14.13,3,24.1,0
CUST101502,Male,57,Single,2,9,Computer,Debit Card,Fashion,4,3,6,1,1.94,8,88.0,140.33,12.41,1,13.4,0
CUST101006,Female,42,Married,3,28,Mobile Phone,E-wallet,Grocery,3,5,4,0,8.06,1,83.0,168.42,12.27,1,7.6,0
CUST104010,Male,56,Single,3,62,Computer,Cash on Delivery,Laptop & Accessory,5,2,4,0,1.36,5,31.0,205.52,19.76,1,1.0,0
CUST103733,Female,44,Divorced,3,50,Mobile Phone,Debit Card,Mobile Phone,2,1,6,1,3.19,4,7.0,140.89,8.33,1,7.7,0
CUST103815,Male,60,Divorced,3,9,Mobile Phone,UPI,Fashion,1,1,7,1,0.48,6,22.0,159.45,0.0,1,9.7,0
CUST101467,Male,64,Divorced,1,43,Computer,Debit Card,Others,1,4,6,0,1.38,5,58.0,185.19,0.0,1,1.0,0
CUST101225,Female,32,Single,1,68,Mobile Phone,Credit Card,Mobile Phone,2,3,5,0,1.09,2,73.0,162.57,25.25,1,10.8,0
CUST103996,Male,64,Married,1,55,Mobile Phone,Credit Card,Fashion,3,2,3,0,2.94,3,81.0,97.15,27.46,2,9.8,0
CUST102284,Male,58,Divorced,2,15,Mobile Phone,Credit Card,Mobile Phone,1,1,5,1,0.74,4,56.0,115.12,23.69,3,3.9,1
CUST102021,Male,57,Single,2,20,Mobile Phone,E-wallet,Grocery,4,5,7,0,1.24,2,31.0,182.11,17.92,0,1.0,0
CUST101216,Male,46,Married,3,13,Mobile Phone,Debit Card,Mobile Phone,1,3,4,0,2.12,3,77.0,99.53,8.82,0,9.1,0
CUST104421,Male,44,Married,2,58,Computer,Debit Card,Laptop & Accessory,5,3,5,0,4.39,2,1.0,241.26,15.19,1,35.5,0
CUST103520,Female,68,Single,2,29,Mobile Phone,E-wallet,Mobile Phone,1,1,4,1,0.57,3,68.0,175.49,4.13,2,1.0,0
CUST100420,Female,64,Married,1,0,Mobile Phone,Debit Card,Mobile Phone,2,3,2,0,4.59,3,84.0,204.41,12.32,0,9.7,1
CUST103443,Male,37,Married,3,23,Mobile Phone,E-wallet,Fashion,5,5,5,1,3.06,4,53.0,224.88,17.18,1,13.4,0
CUST100006,Female,51,Single,1,26,Mobile Phone,Credit Card,Laptop & Accessory,5,4,7,1,2.27,2,24.0,161.76,10.93,4,8.9,0
CUST100932,Male,25,Single,2,48,Computer,Debit Card,Fashion,2,2,3,0,1.59,5,24.0,198.23,20.36,0,3.8,0
CUST101691,Female,64,Married,2,36,Mobile Phone,Credit Card,Others,5,4,1,0,0.97,3,24.0,221.93,12.95,1,14.6,0
CUST100439,Female,24,Married,2,31,Mobile Phone,UPI,Others,1,4,2,0,5.86,1,71.0,246.36,19.27,1,14.7,0
CUST101313,Male,65,Divorced,1,62,Mobile Phone,Credit Card,Fashion,1,4,3,0,3.67,4,78.0,67.48,8.94,0,24.4,0
CUST100678,Male,30,Married,1,22,Mobile Phone,UPI,Fashion,3,3,7,1,3.11,3,76.0,186.61,22.96,1,13.2,0
CUST101972,Female,47,Married,3,36,Mobile Phone,E-wallet,Fashion,5,2,7,0,7.22,2,13.0,123.84,13.25,1,15.8,1
CUST104625,Female,38,Single,1,45,Mobile Phone,Credit Card,Mobile Phone,5,5,5,1,2.45,3,70.0,76.64,21.05,0,17.4,0
CUST104390,Male,33,Single,2,25,Mobile Phone,UPI,Fashion,3,1,2,0,0.37,3,62.0,217.87,22.15,1,15.1,0
CUST102483,Male,27,Married,3,47,Computer,Credit Card,Laptop & Accessory,4,3,7,1,3.58,4,83.0,206.35,11.38,1,18.0,0
CUST104648,Male,60,Single,3,13,Mobile Phone,Credit Card,Grocery,3,3,3,0,3.04,1,17.0,111.17,22.19,2,23.5,0
CUST102634,Female,36,Divorced,1,39,Mobile Phone,Debit Card,Laptop & Accessory,2,4,6,0,1.05,3,24.0,149.73,12.57,3,17.6,1
CUST102535,Female,59,Married,3,70,Mobile Phone,Debit Card,Fashion,2,4,5,0,0.2,5,86.0,199.97,27.8,0,20.0,0
CUST102456,Female,29,Married,1,7,Mobile Phone,Debit Card,Mobile Phone,5,4,6,0,2.87,4,7.0,270.0,18.33,2,5.5,1
CUST104807,Female,44,Married,1,36,Mobile Phone,Debit Card,Fashion,2,4,3,1,,4,18.0,90.97,17.13,2,16.2,1
CUST102819,Female,29,Single,2,16,Mobile Phone,Debit Card,Mobile Phone,4,3,6,0,3.12,0,7.0,222.49,7.5,0,9.0,0
CUST104258,Female,40,Divorced,2,32,Mobile Phone,E-wallet,Grocery,2,3,1,0,1.93,6,26.0,37.86,8.92,0,13.6,0
CUST102796,Female,19,Divorced,3,68,Computer,Cash on Delivery,Grocery,5,5,3,0,1.78,7,79.0,125.57,24.44,0,3.5,0
CUST102658,Male,21,Single,3,52,Mobile Phone,Cash on Delivery,Fashion,2,5,5,0,2.15,3,82.0,258.98,19.65,1,6.3,1
CUST100194,Male,64,Married,1,37,Mobile Phone,Cash on Delivery,Laptop & Accessory,2,5,7,0,1.23,2,8.0,170.38,2.92,1,7.6,1
CUST101474,Male,68,Married,1,23,Mobile Phone,UPI,Laptop & Accessory,3,2,3,0,3.42,3,30.0,100.27,8.81,2,17.6,0
CUST104467,Female,37,Divorced,1,12,Computer,UPI,Others,4,5,5,0,0.89,1,16.0,74.72,12.94,2,20.1,0
CUST101211,Female,46,Married,3,1,Mobile Phone,Credit Card,Fashion,5,5,4,0,,0,75.0,205.55,12.93,2,9.8,1
CUST104697,Male,31,Single,3,27,Computer,Cash on Delivery,Grocery,4,1,6,1,1.49,3,15.0,249.22,2.81,3,11.2,0
CUST101657,Female,45,Single,2,57,Mobile Phone,E-wallet,Grocery,2,1,4,1,0.63,3,61.0,121.79,21.01,1,13.0,0
CUST102718,Male,61,Single,1,23,Mobile Phone,Credit Card,Fashion,2,2,3,1,2.21,1,66.0,134.64,16.34,1,9.7,1
CUST103039,Female,33,Married,3,58,Mobile Phone,UPI,Mobile Phone,4,4,1,0,2.44,2,70.0,38.37,23.52,4,15.3,0
CUST103835,Male,51,Married,3,53,Mobile Phone,Debit Card,Mobile Phone,3,5,5,0,1.55,2,62.0,66.87,9.78,3,16.3,0
CUST102236,Male,45,Married,2,60,Computer,Debit Card,Fashion,4,3,5,0,2.98,5,54.0,276.55,14.77,0,2.2,0
CUST101874,Female,47,Married,2,28,Mobile Phone,Debit Card,Laptop & Accessory,2,4,5,0,1.49,5,60.0,187.47,13.89,2,10.9,0
CUST104082,Female,18,Married,1,62,Mobile Phone,Credit Card,Laptop & Accessory,4,3,1,1,1.05,3,22.0,95.66,12.3,2,2.7,1
CUST101130,Female,57,Single,1,26,Computer,Credit Card,Laptop & Accessory,1,2,1,0,3.65,4,76.0,181.47,16.89,2,5.0,0
CUST101461,Female,32,Married,2,16,Computer,Debit Card,Laptop & Accessory,1,1,3,1,9.51,4,39.0,96.07,18.4,2,25.3,0
CUST100276,Male,62,,2,39,Mobile Phone,Cash on Delivery,Fashion,2,3,3,0,2.14,2,58.0,135.16,8.98,4,8.2,1
CUST102586,Male,67,Married,1,39,Computer,Credit Card,Fashion,2,4,6,1,2.55,5,64.0,145.95,22.9,1,28.5,0
CUST102348,Male,58,Single,3,26,Computer,E-wallet,Grocery,1,4,6,1,1.27,2,88.0,201.87,13.29,0,18.9,0
CUST102313,Male,41,Divorced,2,13,Computer,E-wallet,Fashion,1,5,6,0,2.68,2,54.0,178.82,4.59,0,23.7,1
CUST101302,Female,24,Single,3,15,Mobile Phone,Credit Card,Mobile Phone,1,4,3,1,2.43,3,81.0,258.21,25.88,0,19.4,1
CUST102534,Female,26,Single,1,66,Computer,UPI,Laptop & Accessory,3,5,6,1,0.42,4,64.0,92.35,14.92,2,6.5,0
CUST100222,Female,39,Married,2,4,Mobile Phone,Debit Card,Others,3,3,4,0,0.96,3,43.0,208.04,0.0,2,20.8,0
CUST104655,Female,40,Married,1,35,Mobile Phone,UPI,Laptop & Accessory,3,2,1,0,3.5,0,66.0,189.57,16.12,4,18.9,0
CUST102133,Female,43,Single,3,64,Mobile Phone,UPI,Laptop & Accessory,3,1,1,0,1.36,4,20.0,141.52,16.34,0,29.8,0
CUST100573,Female,58,Married,2,49,Computer,Cash on Delivery,Mobile Phone,1,4,5,0,1.14,2,3.0,122.81,25.84,1,18.7,0
CUST101236,Male,68,Married,2,17,Mobile Phone,Credit Card,Mobile Phone,2,2,1,0,0.84,2,77.0,189.72,30.52,1,11.2,0
CUST103566,Female,33,Married,2,3,Mobile Phone,Cash on Delivery,Laptop & Accessory,1,3,1,0,4.17,6,49.0,33.49,36.15,0,26.3,0
CUST104383,Male,32,Married,1,13,Mobile Phone,Debit Card,Mobile Phone,5,2,7,0,1.23,5,19.0,161.19,9.26,1,16.5,0
CUST101334,Female,49,Married,1,39,Computer,Cash on Delivery,Fashion,3,5,7,1,1.04,4,86.0,124.97,23.3,1,19.3,0
CUST102944,Male,57,Married,2,69,Computer,Credit Card,Fashion,1,4,2,0,1.61,3,43.0,244.85,6.54,1,24.5,0
CUST100418,Male,56,Single,1,24,Mobile Phone,Debit Card,Laptop & Accessory,3,1,6,0,1.49,4,6.0,120.29,32.71,2,21.0,0
CUST100267,Male,42,Single,1,41,Computer,UPI,Grocery,3,5,6,1,4.37,3,64.0,94.55,1.52,0,1.0,0
CUST101104,Male,35,Married,3,68,Computer,Credit Card,Others,5,5,3,0,1.39,2,54.0,71.83,32.31,0,7.7,0
CUST100257,Male,65,Single,2,3,Mobile Phone,Credit Card,Laptop & Accessory,1,5,1,0,1.17,3,60.0,123.31,16.97,1,19.8,0
CUST100295,Female,43,Single,2,27,Mobile Phone,Debit Card,Laptop & Accessory,4,5,6,1,0.51,3,82.0,135.29,18.63,2,21.8,1
CUST102378,Male,58,Married,3,6,Mobile Phone,Cash on Delivery,Laptop & Accessory,5,4,5,0,2.9,3,79.0,187.21,24.09,0,1.0,0
CUST100386,Female,26,Single,2,68,Computer,UPI,Others,1,5,6,1,0.88,3,36.0,199.74,17.83,2,1.0,0
CUST103479,Female,35,Single,3,69,Computer,UPI,Fashion,5,5,6,0,4.93,3,13.0,120.6,6.6,3,9.9,0
CUST103519,Female,30,Single,2,30,Mobile Phone,Credit Card,Fashion,3,5,4,0,1.68,1,43.0,152.78,8.16,3,25.6,0
CUST103806,Female,61,Married,1,46,Computer,Credit Card,Mobile Phone,5,5,7,0,2.38,7,,217.74,13.21,3,21.8,0
CUST102264,Female,34,Married,2,27,Computer,UPI,Laptop & Accessory,4,4,6,0,2.19,4,74.0,103.27,28.39,1,14.9,0
CUST104349,Female,36,Married,3,28,Mobile Phone,Credit Card,Mobile Phone,5,5,7,0,0.46,2,67.0,124.13,18.97,1,22.6,1
CUST103537,Female,60,Married,3,65,Mobile Phone,E-wallet,Mobile Phone,2,3,4,1,0.93,5,29.0,101.11,,1,3.8,0
CUST101867,Male,30,Married,3,46,Computer,UPI,Fashion,1,2,6,0,0.92,5,72.0,97.72,18.73,1,27.6,0
CUST104398,Male,58,Married,1,22,Computer,Cash on Delivery,Fashion,5,2,5,1,0.45,2,71.0,140.78,14.16,1,7.6,1
CUST101563,Female,69,Married,1,42,Mobile Phone,Debit Card,Mobile Phone,4,1,5,0,2.96,1,14.0,177.76,31.01,1,17.7,0
CUST101921,Male,18,Married,2,66,Mobile Phone,UPI,Laptop & Accessory,1,3,2,0,4.85,6,16.0,191.14,13.59,1,15.6,0
CUST101400,Male,35,Married,3,23,Mobile Phone,Cash on Delivery,Grocery,5,2,7,0,2.26,5,81.0,63.31,18.87,0,17.2,1
CUST100712,Female,50,Single,2,22,Mobile Phone,Debit Card,Fashion,4,3,5,0,0.96,0,33.0,222.28,22.75,5,20.0,1
CUST102366,Male,50,Divorced,3,22,Mobile Phone,Cash on Delivery,Grocery,5,4,5,0,4.26,0,85.0,143.85,28.81,1,13.8,0
CUST102547,Male,19,,1,54,Mobile Phone,Credit Card,Others,2,3,6,0,3.84,2,89.0,107.33,0.0,0,21.2,1
CUST100209,Male,60,Married,1,64,Mobile Phone,Debit Card,Fashion,1,4,1,0,9.8,5,2.0,110.46,22.37,0,11.2,0
CUST103967,Male,57,Married,2,45,Mobile Phone,UPI,Mobile Phone,1,4,3,1,2.54,1,4.0,119.6,16.06,2,8.5,0
CUST101289,Female,50,Married,1,43,Mobile Phone,Credit Card,Others,4,1,7,0,5.7,1,19.0,131.73,17.78,0,18.3,0
CUST102011,Male,43,Single,1,20,Mobile Phone,Credit Card,Mobile Phone,5,4,2,0,2.21,1,81.0,205.04,21.64,1,9.3,0
CUST100449,Female,42,Single,1,61,Mobile Phone,UPI,Fashion,1,4,5,1,1.44,1,50.0,101.2,12.45,1,6.5,0
CUST104150,Male,38,Single,1,6,Mobile Phone,E-wallet,Mobile Phone,4,5,2,0,2.22,5,41.0,273.17,15.93,4,3.0,0
CUST102587,Male,69,Single,2,53,Mobile Phone,Debit Card,Mobile Phone,3,1,6,1,1.56,1,28.0,106.39,20.88,1,31.4,1
CUST101820,Female,55,Single,3,68,Mobile Phone,Credit Card,Fashion,5,2,3,1,0.6,1,66.0,255.36,26.75,0,24.0,0
CUST100958,Male,52,Single,2,28,Mobile Phone,Credit Card,Fashion,3,2,4,0,2.95,3,24.0,114.13,,1,12.9,0
CUST101793,Female,24,Married,1,39,Computer,Debit Card,Mobile Phone,1,4,5,0,3.61,2,42.0,156.28,12.35,1,12.0,0
CUST103080,Male,32,Married,2,65,Mobile Phone,Credit Card,Fashion,5,3,2,0,4.02,2,24.0,126.27,14.48,1,9.8,0
CUST100654,Female,31,Single,1,31,Mobile Phone,UPI,Fashion,5,4,7,0,1.87,6,60.0,176.66,15.98,2,21.7,0
CUST103659,Male,56,Married,1,43,Mobile Phone,Cash on Delivery,Mobile Phone,3,5,7,1,1.82,2,60.0,134.74,19.83,2,14.1,0
CUST104130,Female,24,Single,3,71,Computer,UPI,Laptop & Accessory,4,3,5,1,1.32,1,62.0,187.07,17.39,3,4.0,0
CUST102025,Male,18,Single,2,36,Mobile Phone,E-wallet,Laptop & Accessory,3,2,6,0,2.97,0,6.0,128.51,1.54,3,12.3,0
CUST101760,Male,28,Married,2,47,Mobile Phone,UPI,Fashion,2,1,1,0,6.89,6,39.0,165.34,20.29,0,14.6,0
CUST103646,Male,42,Single,2,23,Mobile Phone,UPI,Mobile Phone,1,4,1,1,2.13,4,0.0,128.99,12.11,0,7.0,0
CUST103801,Male,36,Single,3,47,Mobile Phone,Credit Card,Mobile Phone,4,5,7,0,2.73,4,62.0,162.26,8.62,0,7.1,0
CUST102662,Male,22,Single,2,47,Computer,E-wallet,Others,2,4,6,0,3.25,4,40.0,199.43,17.28,1,10.6,0
CUST100411,Female,19,Married,1,36,Mobile Phone,E-wallet,Mobile Phone,1,1,3,1,4.05,1,,305.24,12.11,2,16.2,1
CUST101774,Female,42,Married,1,22,Mobile Phone,Debit Card,Mobile Phone,2,4,6,0,0.53,3,27.0,132.03,16.9,3,12.8,1
CUST104498,Female,68,Single,2,44,Mobile Phone,Credit Card,Laptop & Accessory,3,5,6,0,4.09,1,78.0,60.83,6.43,2,2.9,0
CUST103880,Female,31,Single,2,12,Mobile Phone,Debit Card,Fashion,5,3,5,1,1.55,3,85.0,103.12,13.45,1,9.7,0
CUST103524,Male,48,Married,1,52,Computer,Credit Card,Laptop & Accessory,4,5,2,1,2.0,3,30.0,196.19,9.17,2,3.2,0
CUST102644,Male,56,Single,2,54,Mobile Phone,Cash on Delivery,Laptop & Accessory,3,5,2,0,3.34,5,15.0,74.82,10.03,1,1.0,0
CUST104325,Female,47,Single,2,19,Computer,Debit Card,Grocery,4,2,1,0,5.67,0,21.0,182.42,19.99,1,21.4,0
CUST104789,Female,62,Married,2,39,Computer,Debit Card,Fashion,2,5,7,0,4.32,8,65.0,214.78,0.56,0,22.3,0
CUST103753,Female,19,Single,1,71,Mobile Phone,Debit Card,Others,3,1,3,0,0.65,2,4.0,165.17,14.69,2,15.2,0
CUST104672,Male,28,Divorced,2,41,Computer,Cash on Delivery,Mobile Phone,1,4,2,0,0.69,9,70.0,239.68,21.15,2,11.5,0
CUST102836,Female,24,Single,3,14,Computer,E-wallet,Mobile Phone,1,2,2,0,2.89,7,43.0,181.06,19.52,0,10.0,0
CUST103580,Female,36,Single,1,67,Mobile Phone,E-wallet,Fashion,5,4,4,0,2.73,3,65.0,112.42,0.0,4,3.5,0
CUST104812,Male,19,Married,3,1,Computer,E-wallet,Mobile Phone,2,5,5,0,1.64,2,74.0,206.36,31.27,2,10.7,1
CUST103388,Male,37,Married,2,50,Mobile Phone,UPI,Fashion,5,5,5,0,2.11,8,61.0,14.11,24.07,1,20.2,0
CUST104827,Male,48,Single,1,18,Mobile Phone,Cash on Delivery,Fashion,4,5,2,0,2.35,0,1.0,160.98,14.54,1,24.8,0
CUST103592,Female,44,Single,2,55,Mobile Phone,UPI,Laptop & Accessory,5,4,5,0,1.99,3,75.0,123.33,11.64,0,6.4,0
CUST100430,Female,48,Married,1,54,Mobile Phone,Debit Card,Fashion,3,3,6,0,2.98,2,7.0,108.18,22.45,2,26.8,0
CUST102943,Male,49,Single,3,28,Mobile Phone,Credit Card,Mobile Phone,1,5,4,0,0.83,7,62.0,70.39,13.03,0,1.0,0
CUST103254,Male,45,Married,2,25,Mobile Phone,E-wallet,Mobile Phone,1,3,6,0,1.49,4,24.0,46.23,8.33,0,10.9,0
CUST101366,Male,56,Single,1,16,Mobile Phone,Debit Card,Mobile Phone,1,3,2,1,3.88,2,68.0,172.19,11.94,4,8.4,0
CUST102022,Male,68,Single,1,20,Computer,E-wallet,Others,4,2,6,1,1.53,5,36.0,109.87,23.24,3,24.8,0
CUST104430,Male,63,Single,1,46,Mobile Phone,Credit Card,Fashion,3,4,6,0,1.9,2,47.0,149.43,15.44,4,16.3,0
CUST101176,Male,47,Married,2,41,Mobile Phone,Cash on Delivery,Fashion,4,2,2,1,0.31,5,24.0,142.16,11.33,1,8.8,0
CUST103353,Male,40,Single,2,35,Mobile Phone,UPI,Fashion,2,1,7,0,2.32,4,32.0,215.54,15.56,1,24.1,0
CUST101476,Male,21,Married,1,41,Computer,UPI,Mobile Phone,4,5,3,1,,5,4.0,118.27,15.05,2,10.2,0
CUST103173,Female,18,Divorced,2,19,Mobile Phone,Debit Card,Grocery,1,5,7,0,1.16,9,69.0,236.96,,4,13.5,1
CUST102063,Male,41,Married,3,2,Mobile Phone,E-wallet,Laptop & Accessory,2,1,7,0,1.21,3,72.0,65.14,20.33,0,18.0,1
CUST100102,Male,64,Married,3,40,Mobile Phone,Credit Card,Fashion,5,4,2,0,1.94,4,27.0,161.77,13.43,0,20.7,0
CUST102118,Male,23,Divorced,1,65,Computer,UPI,Grocery,3,3,7,0,3.03,3,69.0,159.9,16.2,3,18.4,0
CUST102029,Female,24,Married,2,28,Mobile Phone,UPI,Mobile Phone,2,3,4,0,3.97,4,85.0,16.56,12.07,1,19.1,0
CUST101263,Female,27,Single,1,65,Mobile Phone,Debit Card,Mobile Phone,5,1,4,1,3.58,2,35.0,215.01,12.77,2,8.8,0
CUST103922,Male,35,Divorced,2,24,Mobile Phone,Debit Card,Fashion,2,2,1,0,2.66,5,84.0,293.0,19.56,1,8.8,1
CUST103159,Male,67,Single,1,24,Mobile Phone,Credit Card,Laptop & Accessory,2,1,1,0,1.3,1,36.0,203.34,13.59,0,22.3,1
CUST102388,Female,58,Married,3,7,Mobile Phone,E-wallet,Mobile Phone,3,2,6,0,2.98,4,41.0,161.21,7.22,2,25.0,0
CUST103082,Female,27,Divorced,1,15,Mobile Phone,Cash on Delivery,Grocery,1,1,4,0,5.49,4,11.0,11.66,12.59,0,20.0,0
CUST102758,Female,60,Single,1,24,Mobile Phone,UPI,Fashion,4,1,3,0,1.15,3,22.0,240.66,24.71,5,7.2,0
CUST103320,Male,39,Married,1,3,Mobile Phone,UPI,Others,3,1,7,1,1.79,3,15.0,140.63,18.43,0,6.7,0
CUST103192,Female,58,Single,1,59,Mobile Phone,UPI,Laptop & Accessory,3,4,5,1,3.22,4,48.0,121.58,15.26,3,21.2,0
CUST104518,Female,36,Divorced,1,53,Computer,Credit Card,Grocery,4,3,2,0,1.81,3,23.0,165.68,21.75,2,30.9,0
CUST101643,Male,61,Married,2,39,Mobile Phone,Debit Card,Laptop & Accessory,5,4,4,0,0.92,8,79.0,108.45,29.37,3,21.6,0
CUST104519,Male,20,Single,2,17,Computer,E-wallet,Laptop & Accessory,2,1,7,0,3.6,3,86.0,,18.89,0,12.2,0
CUST100000,Female,35,Single,2,5,Computer,E-wallet,Mobile Phone,4,4,3,0,2.08,6,48.0,,35.93,1,7.4,0
CUST101580,Female,57,Married,2,70,Mobile Phone,E-wallet,Laptop & Accessory,3,3,7,0,0.9,6,8.0,184.01,18.01,1,12.2,0
CUST104436,Female,66,Married,1,43,Mobile Phone,Debit Card,Laptop & Accessory,3,4,6,1,3.72,3,63.0,80.28,16.81,1,13.7,0
CUST104129,Female,37,Married,1,47,Mobile Phone,Credit Card,Fashion,3,2,2,1,4.06,5,5.0,97.77,9.46,1,15.8,0
CUST101356,Female,32,Married,2,53,Computer,UPI,Fashion,1,2,5,1,2.23,3,28.0,162.14,28.97,2,1.0,0
CUST103412,Male,40,Divorced,2,69,Computer,Credit Card,Fashion,3,4,6,0,3.55,5,17.0,61.2,18.66,1,25.6,0
CUST102099,Male,44,Divorced,2,47,Mobile Phone,Debit Card,Fashion,4,2,1,0,2.77,3,35.0,136.35,15.95,6,16.3,0
CUST102251,Female,34,Married,1,3,Computer,Cash on Delivery,Fashion,2,3,2,1,2.9,4,86.0,18.91,6.06,1,20.0,1
CUST103509,Male,40,Divorced,3,59,Computer,Credit Card,Fashion,3,1,5,0,2.1,1,71.0,278.63,16.95,1,10.0,0
CUST103712,Female,59,Single,3,56,Mobile Phone,UPI,Mobile Phone,4,2,6,0,3.76,4,81.0,16.74,35.64,2,22.6,0
CUST100396,Female,56,Married,1,15,Mobile Phone,Debit Card,Mobile Phone,2,1,6,0,4.28,4,28.0,117.15,22.25,1,22.7,0
CUST103482,Female,24,Married,1,64,Computer,UPI,Mobile Phone,3,1,7,0,0.25,2,81.0,95.79,16.24,0,11.9,0
CUST101064,Male,60,Single,1,10,Mobile Phone,Debit Card,Mobile Phone,2,2,6,0,1.16,1,11.0,115.22,17.49,0,9.3,0
CUST102377,Female,50,Married,3,2,Computer,UPI,Mobile Phone,5,1,7,0,1.53,1,72.0,166.53,30.13,1,16.5,0
CUST102170,Male,53,Married,2,42,Computer,UPI,Fashion,2,4,2,1,6.15,3,22.0,139.88,20.46,0,22.2,0
CUST100818,Female,44,Single,1,11,Computer,Credit Card,Mobile Phone,1,2,6,0,1.26,4,16.0,43.99,16.55,1,18.8,0
CUST101812,Female,47,Married,3,21,Computer,Credit Card,Grocery,4,3,5,0,4.0,1,68.0,145.37,15.92,2,6.8,0
CUST102570,Male,28,Married,2,9,Mobile Phone,Cash on Delivery,Mobile Phone,4,5,5,0,4.42,3,29.0,46.71,14.0,0,10.2,0
CUST101552,Male,53,Married,2,61,Computer,E-wallet,Others,4,2,1,0,0.6,1,80.0,147.17,26.05,1,32.1,0
CUST104501,Male,45,Single,3,68,Mobile Phone,UPI,Others,1,5,2,0,2.0,1,45.0,86.53,,0,1.0,0
CUST100816,Female,57,Married,2,1,Computer,Debit Card,Grocery,4,1,3,0,2.2,4,27.0,130.25,4.72,4,13.4,1
CUST101572,Female,60,Married,1,10,Computer,Credit Card,Fashion,5,4,3,0,0.39,1,47.0,181.14,,4,31.0,1
CUST103926,Female,40,,1,13,Computer,Debit Card,Mobile Phone,4,5,2,1,4.59,4,42.0,199.16,13.19,4,12.4,1
CUST101800,Female,28,Married,3,31,Mobile Phone,E-wallet,Mobile Phone,5,4,7,0,,2,34.0,225.86,7.17,0,9.3,1
CUST104301,Female,47,Divorced,2,61,Mobile Phone,Credit Card,Others,5,4,5,0,2.99,5,37.0,102.07,8.36,0,5.7,0
CUST100381,Female,49,Single,2,2,Computer,Debit Card,Grocery,4,1,5,0,2.11,3,58.0,226.87,17.13,0,8.6,0
CUST102894,Female,44,Single,2,65,Mobile Phone,UPI,Fashion,2,4,6,0,1.29,3,41.0,96.69,18.53,1,7.4,0
CUST104691,Male,45,Divorced,1,39,Mobile Phone,Debit Card,Grocery,4,1,5,0,3.81,2,20.0,239.71,21.16,3,9.8,0
CUST102311,Male,23,Single,2,14,Computer,Credit Card,Grocery,1,2,1,1,2.31,1,61.0,117.7,19.03,2,11.0,0
CUST103525,Male,65,Single,1,50,Mobile Phone,Cash on Delivery,Mobile Phone,1,5,6,1,3.21,1,1.0,236.97,17.27,1,3.5,0
CUST102328,Female,32,Single,1,61,Computer,UPI,Fashion,2,4,2,0,1.6,6,62.0,113.99,0.0,1,16.1,0
CUST101780,Male,24,Married,1,5,Mobile Phone,Debit Card,Grocery,2,5,5,0,1.34,4,66.0,136.26,15.89,2,27.0,0
CUST104549,Male,54,Single,1,55,Computer,Debit Card,Fashion,2,5,5,0,2.77,2,62.0,176.86,0.0,1,17.6,0
CUST104916,Female,62,Single,3,4,Computer,UPI,Laptop & Accessory,4,3,1,0,2.68,1,69.0,,18.54,2,1.0,0
CUST103379,Female,42,Divorced,3,47,Computer,Debit Card,Mobile Phone,1,3,1,0,5.07,1,88.0,165.04,13.67,2,15.4,1
CUST100864,Male,60,Married,2,56,Mobile Phone,Debit Card,Mobile Phone,4,3,2,0,5.02,3,39.0,139.6,12.87,0,16.5,0
CUST103040,Male,21,Single,3,37,Mobile Phone,Credit Card,Mobile Phone,5,4,4,0,1.37,5,50.0,,11.32,3,16.8,0
CUST103185,Male,40,Single,1,9,Mobile Phone,Credit Card,Laptop & Accessory,3,1,5,0,3.11,3,85.0,124.83,10.09,1,21.6,0
CUST100554,Male,66,Married,3,30,Mobile Phone,Debit Card,Grocery,1,1,2,0,2.85,5,,219.84,14.57,1,22.8,0
CUST101159,Female,57,Divorced,1,71,Mobile Phone,Credit Card,Laptop & Accessory,5,4,4,0,1.54,4,54.0,108.57,17.56,2,8.0,0
CUST101213,Male,20,Single,1,18,Mobile Phone,Debit Card,Fashion,2,1,6,1,1.1,4,22.0,149.68,8.63,3,19.4,0
CUST102221,Male,22,Single,2,11,Mobile Phone,UPI,Grocery,2,5,5,0,2.63,4,21.0,220.46,16.97,2,2.3,0
CUST103622,Male,50,Single,3,48,Mobile Phone,Debit Card,Fashion,5,5,1,0,5.35,8,21.0,167.03,10.13,2,13.2,0
CUST100048,Female,34,Married,3,21,Mobile Phone,Cash on Delivery,Laptop & Accessory,2,3,5,0,1.42,1,17.0,132.34,7.19,2,20.3,1
CUST102384,Male,63,Single,2,13,Computer,Cash on Delivery,Others,2,5,3,0,1.96,4,64.0,243.83,,1,24.8,0
CUST100700,Male,42,Divorced,3,18,Computer,UPI,Fashion,5,2,1,1,0.19,5,52.0,96.25,17.09,4,3.8,0
CUST100652,Female,65,Married,3,66,Computer,Debit Card,Fashion,3,2,2,0,1.12,3,45.0,207.57,6.18,4,34.2,0
CUST104128,Female,37,Single,3,59,Mobile Phone,Cash on Delivery,Mobile Phone,5,5,2,0,2.46,1,51.0,187.38,17.27,1,9.6,0
CUST103089,Female,31,Single,3,22,Mobile Phone,Credit Card,Fashion,3,4,1,0,1.7,6,43.0,105.52,0.0,2,27.0,0
CUST103550,Female,45,Married,1,1,Mobile Phone,Credit Card,Fashion,2,1,1,0,1.87,0,15.0,99.45,13.96,3,23.0,0
CUST100748,Female,21,Married,2,33,Computer,Credit Card,Others,5,2,5,0,2.17,2,43.0,205.27,19.39,0,25.4,0
CUST101455,Male,34,Married,1,11,Computer,Credit Card,Others,2,3,6,0,4.0,0,22.0,53.3,14.94,1,22.8,0
CUST104252,Male,63,Married,2,67,Mobile Phone,UPI,Laptop & Accessory,4,5,3,0,0.71,7,88.0,166.74,18.6,2,26.4,0
CUST104844,Male,24,Divorced,1,39,Computer,Debit Card,Fashion,4,2,6,1,6.03,3,22.0,202.1,22.74,2,10.9,0
CUST103808,Female,21,Married,2,55,Mobile Phone,Debit Card,Laptop & Accessory,5,4,7,1,2.36,4,16.0,34.64,6.18,0,8.2,0
CUST100866,Female,34,Married,1,57,Mobile Phone,UPI,Mobile Phone,2,3,3,0,4.58,0,49.0,120.83,26.96,0,14.5,0
CUST100752,Male,33,Married,2,2,Mobile Phone,UPI,Mobile Phone,3,1,7,1,2.07,3,29.0,98.01,0.39,2,17.8,0
CUST101644,Male,42,Married,2,67,Mobile Phone,Cash on Delivery,Fashion,5,1,7,0,3.26,6,10.0,71.21,6.84,2,10.1,0
CUST100092,Male,49,Single,1,33,Mobile Phone,Debit Card,Laptop & Accessory,3,1,3,0,3.1,4,25.0,189.05,18.17,0,15.0,0
CUST102843,Male,45,Married,1,53,Computer,E-wallet,Mobile Phone,5,1,6,1,4.32,3,86.0,184.38,14.66,3,7.8,1
CUST103986,Male,31,Single,1,30,Computer,UPI,Grocery,4,1,5,0,7.38,1,68.0,238.22,13.92,0,1.7,0
CUST104201,Female,35,Married,3,38,Mobile Phone,E-wallet,Fashion,5,2,6,0,2.79,1,47.0,267.99,11.1,3,15.4,0
CUST102647,Female,23,Single,1,53,Mobile Phone,Debit Card,Others,4,2,7,1,,1,86.0,223.39,2.02,2,13.7,0
CUST101490,Male,44,Married,1,25,Mobile Phone,Credit Card,Fashion,4,3,1,0,3.69,2,73.0,250.33,13.81,1,15.9,1
CUST102915,Male,55,Single,3,46,Mobile Phone,Cash on Delivery,Fashion,5,5,6,0,,5,42.0,150.64,21.59,1,22.0,0
CUST102194,Female,20,Single,1,59,Mobile Phone,Credit Card,Grocery,1,5,2,0,3.45,6,25.0,140.39,9.84,3,20.5,0
CUST100729,Male,63,Divorced,3,53,Mobile Phone,Cash on Delivery,Mobile Phone,3,4,2,0,7.28,2,17.0,126.75,11.93,3,26.4,0
CUST103591,Male,46,Single,2,28,Computer,UPI,Fashion,5,4,3,0,0.57,2,17.0,91.48,15.36,0,12.9,1
CUST102488,Male,25,Married,3,61,Computer,Credit Card,Laptop & Accessory,2,4,6,0,1.34,6,61.0,241.47,16.36,1,15.3,0
CUST102259,Male,24,Married,3,62,Mobile Phone,E-wallet,Grocery,3,3,6,0,8.33,5,50.0,315.46,0.0,0,22.6,0
CUST101936,Male,36,Married,3,49,Mobile Phone,UPI,Fashion,2,4,3,0,0.72,3,85.0,19.28,,2,11.4,1
CUST101745,Female,24,Married,3,14,Computer,Credit Card,Grocery,1,4,5,0,2.4,4,13.0,123.32,16.48,0,17.5,1
CUST103000,Female,53,Single,1,52,Computer,UPI,Laptop & Accessory,3,5,7,0,1.54,5,50.0,122.25,18.51,2,38.5,0
CUST103299,Male,34,Single,2,8,Computer,Debit Card,Mobile Phone,3,2,6,0,0.44,1,64.0,96.23,10.73,2,11.0,0
CUST103513,Female,59,Single,2,38,Mobile Phone,UPI,Mobile Phone,1,4,5,0,2.35,1,65.0,132.9,0.0,1,28.1,0
CUST101957,Male,26,Married,1,20,Mobile Phone,UPI,Mobile Phone,2,5,7,0,3.99,1,42.0,148.32,11.46,3,17.6,0
CUST101110,Male,32,Married,1,0,Mobile Phone,Credit Card,Grocery,5,3,1,1,,2,9.0,239.69,25.0,1,1.0,1
CUST103870,Male,20,Single,1,13,Mobile Phone,Cash on Delivery,Laptop & Accessory,3,5,6,0,0.8,4,82.0,130.34,5.97,0,15.5,1
CUST104056,Male,52,Married,2,38,Mobile Phone,Cash on Delivery,Mobile Phone,5,3,4,1,3.62,5,20.0,167.11,26.54,0,10.0,0
CUST104485,Male,54,Married,2,41,Mobile Phone,UPI,Laptop & Accessory,4,2,5,0,4.43,3,42.0,37.88,15.75,0,5.1,0
CUST104264,Female,66,Single,2,49,Computer,Debit Card,Laptop & Accessory,5,2,7,0,4.02,7,61.0,165.27,3.59,2,3.6,0
CUST100346,Female,67,Single,2,43,Mobile Phone,Credit Card,Grocery,1,4,6,1,6.37,5,26.0,122.54,22.28,2,2.9,0
CUST101185,Female,48,Single,1,19,Mobile Phone,Credit Card,Fashion,3,2,6,0,2.92,4,14.0,106.09,32.13,2,8.2,1
CUST104030,Male,60,Married,1,37,Mobile Phone,Debit Card,Mobile Phone,2,4,6,0,4.01,4,72.0,77.14,16.73,0,23.3,1
CUST101515,Male,43,Married,1,17,Mobile Phone,Credit Card,Mobile Phone,2,4,5,1,0.03,2,77.0,48.18,18.66,1,8.0,0
CUST104684,Female,50,Single,1,65,Mobile Phone,Debit Card,Grocery,1,1,3,0,5.16,5,76.0,189.02,18.45,1,14.3,0
CUST100578,Female,44,Married,1,70,Mobile Phone,E-wallet,Mobile Phone,5,3,5,0,3.22,2,78.0,276.82,8.48,3,9.9,0
CUST101964,Female,31,Married,1,41,Mobile Phone,UPI,Grocery,3,2,3,1,1.53,5,20.0,,18.75,4,24.6,0
CUST100075,Male,27,Married,2,59,Computer,UPI,Others,4,1,3,1,0.76,2,85.0,274.27,1.35,1,4.1,0
CUST101429,Male,23,Single,3,17,Mobile Phone,UPI,Fashion,1,2,5,1,2.32,4,84.0,182.93,20.11,1,21.8,0
CUST103614,Female,22,Married,3,40,Computer,E-wallet,Fashion,3,2,2,0,1.72,4,44.0,89.49,5.63,2,1.0,0
CUST104444,Male,26,Single,2,2,Computer,Credit Card,Fashion,4,4,3,0,1.44,5,55.0,160.93,13.69,2,20.3,0
CUST102770,Male,27,Divorced,2,56,Mobile Phone,Debit Card,Mobile Phone,1,2,2,0,3.71,2,54.0,152.27,10.12,0,23.5,0
CUST104967,Male,57,Single,1,43,Computer,UPI,Fashion,3,3,1,0,8.05,3,2.0,196.07,21.27,3,13.3,0
CUST101846,Male,60,Single,3,47,Mobile Phone,Credit Card,Mobile Phone,2,5,3,0,1.57,2,63.0,189.39,17.05,1,21.2,0
CUST100131,Female,44,Single,1,63,Computer,E-wallet,Mobile Phone,4,4,3,0,3.04,3,5.0,219.29,8.19,1,15.6,0
CUST100178,Female,61,Married,1,23,Mobile Phone,Debit Card,Laptop & Accessory,4,3,6,0,1.35,4,82.0,75.23,5.0,2,10.2,1
CUST104148,Male,30,Single,2,53,Mobile Phone,Debit Card,Laptop & Accessory,1,3,7,0,8.26,6,40.0,88.62,25.27,0,22.9,0
CUST104480,Male,67,Married,3,20,Computer,Credit Card,Mobile Phone,4,1,6,1,6.73,2,84.0,126.25,24.39,2,14.5,1
CUST103896,Male,68,Married,1,18,Computer,Debit Card,Laptop & Accessory,5,2,4,0,2.17,1,79.0,165.22,8.9,1,5.5,1
CUST103360,Male,48,Married,1,32,Mobile Phone,Debit Card,Mobile Phone,1,1,6,1,0.67,3,79.0,143.53,9.96,2,17.6,1
CUST101842,Male,54,Single,2,1,Mobile Phone,Cash on Delivery,Fashion,3,5,6,0,0.39,1,13.0,194.61,15.63,2,19.7,1
CUST102115,Female,47,Married,1,53,Mobile Phone,Debit Card,Grocery,2,4,1,0,0.34,3,52.0,234.33,22.07,2,30.8,1
CUST102751,Female,28,Single,1,21,Computer,Debit Card,Grocery,3,1,1,0,6.29,2,25.0,,15.15,3,15.9,0
CUST102949,Female,23,Married,3,21,Computer,Credit Card,Others,5,4,2,1,3.35,4,72.0,151.47,5.52,1,19.7,0
CUST100604,Female,57,Married,2,63,Mobile Phone,Debit Card,Others,3,2,1,1,5.56,3,59.0,,12.28,4,15.5,0
CUST104167,Male,28,Married,3,59,Computer,Cash on Delivery,Mobile Phone,4,4,1,1,2.84,1,47.0,59.15,,0,12.1,0
CUST100025,Male,28,Married,1,4,Mobile Phone,UPI,Others,1,5,6,1,0.25,5,24.0,196.68,19.79,2,23.1,0
CUST100658,Female,25,Married,2,41,Mobile Phone,Debit Card,Mobile Phone,3,5,5,0,1.57,5,47.0,350.2,21.71,2,17.7,0
CUST101896,Female,45,Married,1,21,Mobile Phone,Cash on Delivery,Mobile Phone,1,3,2,1,3.51,2,19.0,88.58,14.91,2,6.9,1
CUST103338,Male,64,Married,2,51,Computer,Credit Card,Mobile Phone,1,2,5,0,2.35,4,37.0,316.33,5.64,6,32.0,0
CUST102201,Female,46,Single,3,38,Computer,Cash on Delivery,Grocery,4,2,1,0,2.84,1,21.0,177.02,8.88,1,9.7,0
CUST100173,Female,58,Married,1,10,Mobile Phone,E-wallet,Mobile Phone,3,2,7,0,4.91,3,21.0,96.37,15.39,1,5.3,0
CUST101611,Female,55,Single,2,8,Mobile Phone,Cash on Delivery,Fashion,5,3,2,0,1.74,5,,242.67,15.65,0,14.5,0
CUST100437,Male,33,Married,3,55,Computer,Debit Card,Mobile Phone,1,4,6,0,0.92,2,47.0,169.84,13.3,1,26.6,0
CUST100331,Male,56,Married,3,32,Mobile Phone,UPI,Laptop & Accessory,3,1,4,0,1.49,3,0.0,64.17,16.08,2,17.3,0
CUST103121,Male,41,Single,2,61,Mobile Phone,Debit Card,Fashion,2,4,5,0,1.91,4,73.0,176.24,15.56,3,9.6,1
CUST101454,Male,69,Single,2,11,Computer,Debit Card,Fashion,5,3,4,0,0.53,2,32.0,135.53,6.74,1,18.1,0
CUST100342,Female,61,Married,1,18,Computer,Credit Card,Mobile Phone,2,5,4,0,,2,54.0,246.0,29.83,2,17.6,0
CUST103816,Male,60,Married,2,27,Computer,Debit Card,Others,2,2,5,1,1.43,4,18.0,262.92,24.05,2,9.8,0
CUST104385,Female,46,Married,2,52,Mobile Phone,Cash on Delivery,Grocery,1,1,6,0,0.91,2,15.0,84.64,7.81,2,10.5,0
CUST101088,Male,20,Married,3,30,Computer,Debit Card,Fashion,3,3,5,0,2.24,2,46.0,174.76,5.88,2,2.8,1
CUST100479,Male,47,Single,3,31,Computer,UPI,Fashion,4,4,3,1,1.19,4,84.0,76.37,9.28,2,19.5,1
CUST100727,Male,64,Married,2,35,Mobile Phone,UPI,Mobile Phone,3,1,7,0,2.71,2,77.0,191.56,14.59,1,24.4,0
CUST103807,Female,34,Single,1,33,Mobile Phone,UPI,Fashion,2,4,5,1,4.25,1,13.0,171.8,7.29,1,27.5,0
CUST100976,Male,50,Married,2,60,Mobile Phone,E-wallet,Laptop & Accessory,2,1,4,0,1.43,4,23.0,140.04,20.38,3,1.0,0
CUST104329,Female,66,Divorced,1,5,Mobile Phone,Credit Card,Grocery,1,2,2,0,3.9,5,41.0,139.49,26.98,1,15.7,0
CUST102997,Male,37,Married,1,70,Computer,Debit Card,Laptop & Accessory,3,3,5,0,6.59,4,,193.11,15.66,2,7.6,0
CUST101928,Male,68,Single,2,16,Mobile Phone,E-wallet,Mobile Phone,5,4,6,0,2.45,1,63.0,266.13,0.36,0,22.1,1
CUST101468,Female,57,Single,3,65,Computer,Credit Card,Grocery,2,2,7,0,4.48,2,4.0,83.35,17.04,0,14.2,0
CUST101224,Male,58,Single,1,65,Computer,UPI,Mobile Phone,3,5,1,0,6.38,4,61.0,28.1,12.87,2,29.3,0
CUST102178,Male,19,Married,1,69,Mobile Phone,UPI,Laptop & Accessory,2,1,2,0,3.79,5,80.0,0.0,13.42,1,15.0,0
CUST101952,Female,53,Divorced,1,36,Computer,Cash on Delivery,Laptop & Accessory,3,2,5,0,2.83,1,24.0,194.07,10.69,0,5.3,0
CUST104845,Male,32,Single,1,42,Mobile Phone,UPI,Grocery,2,5,3,0,1.18,6,61.0,142.98,17.97,0,11.8,0
CUST103257,Male,28,Married,2,20,Computer,Credit Card,Laptop & Accessory,5,1,7,1,1.19,3,36.0,105.07,15.94,2,29.1,0
CUST101892,Female,26,Single,2,9,Mobile Phone,Credit Card,Mobile Phone,5,4,4,1,4.42,3,14.0,163.57,22.37,0,12.4,0
CUST101299,Male,27,Single,2,6,Mobile Phone,Credit Card,Laptop & Accessory,4,4,3,0,2.0,2,8.0,157.49,24.45,3,13.8,1
CUST103010,Male,28,Married,2,57,Mobile Phone,Credit Card,Grocery,4,1,2,0,1.97,2,71.0,152.21,37.0,2,22.5,0
CUST104614,Male,60,Single,3,14,Computer,Cash on Delivery,Mobile Phone,2,5,7,0,1.78,5,3.0,197.74,26.66,1,25.0,0
CUST100660,Male,48,Divorced,1,11,Mobile Phone,Credit Card,Fashion,3,2,4,1,1.46,5,87.0,159.19,24.28,3,19.6,1
CUST104937,Female,58,Single,1,12,Computer,UPI,Mobile Phone,1,5,2,0,2.04,3,35.0,277.69,8.49,0,26.4,0
CUST103340,Male,18,Single,1,20,Computer,UPI,Grocery,4,3,7,1,1.38,2,35.0,213.43,18.06,5,29.6,1
CUST102803,Female,28,Married,1,64,Computer,Debit Card,Fashion,4,3,1,0,,5,17.0,81.43,0.0,3,11.7,0
CUST103773,Female,40,Married,2,63,Mobile Phone,UPI,Fashion,5,1,3,0,0.35,4,52.0,120.88,24.47,2,30.4,1
CUST102512,Male,69,,1,14,Mobile Phone,E-wallet,Laptop & Accessory,4,2,4,0,4.77,1,45.0,196.14,20.8,3,17.5,0
CUST103071,Female,26,Divorced,1,20,Computer,UPI,Laptop & Accessory,1,1,1,0,1.81,2,47.0,86.83,12.5,0,10.2,0
CUST102721,Female,36,Single,1,15,Computer,UPI,Mobile Phone,4,5,6,0,2.45,1,27.0,221.82,33.6,0,9.1,0
CUST104396,Male,31,Single,2,4,Mobile Phone,E-wallet,Fashion,3,2,6,0,3.71,2,76.0,208.09,10.6,1,20.0,1
CUST103678,Male,64,Married,2,46,Mobile Phone,UPI,Grocery,2,1,3,0,0.83,6,85.0,249.76,10.81,2,25.2,1
CUST101278,Female,27,Married,2,22,Mobile Phone,UPI,Grocery,3,4,6,0,4.87,5,66.0,164.24,24.4,3,8.2,0
CUST103091,Female,61,Married,2,4,Mobile Phone,UPI,Laptop & Accessory,2,2,7,0,8.04,3,42.0,207.8,10.08,1,1.0,0
CUST101621,Male,44,Married,1,64,Mobile Phone,E-wallet,Laptop & Accessory,1,2,1,0,1.25,6,60.0,128.15,19.73,1,1.0,0
CUST103034,Female,65,Single,1,6,Mobile Phone,Credit Card,Laptop & Accessory,5,5,2,0,4.75,5,23.0,79.78,11.84,2,19.3,0
CUST102850,Male,65,Married,2,44,Mobile Phone,Debit Card,Mobile Phone,2,2,2,1,3.63,2,61.0,117.19,,0,26.4,0
CUST100067,Male,45,Married,3,3,Computer,Credit Card,Grocery,4,3,7,0,1.5,4,88.0,16.05,19.7,3,18.1,1
CUST102598,Female,40,Single,2,21,Mobile Phone,Debit Card,Laptop & Accessory,5,2,5,0,1.85,4,7.0,186.32,13.74,3,21.3,0
CUST103979,Female,21,Married,3,65,Computer,Credit Card,Grocery,5,2,4,0,2.62,2,69.0,212.63,16.19,1,7.8,0
CUST103814,Male,61,Married,2,51,Mobile Phone,UPI,Others,2,1,1,0,3.58,3,49.0,55.54,30.69,2,8.7,0
CUST100820,Male,64,Married,3,67,Mobile Phone,UPI,Others,3,5,7,0,5.63,1,83.0,187.23,20.76,3,1.0,0
CUST101226,Male,66,Divorced,1,11,Mobile Phone,E-wallet,Mobile Phone,2,3,5,0,1.33,3,10.0,178.27,13.61,2,26.3,0
CUST103011,Female,20,Married,2,50,Mobile Phone,UPI,Mobile Phone,5,1,4,0,,5,82.0,327.05,5.91,1,13.4,0
CUST102164,Female,24,Married,1,22,Mobile Phone,Credit Card,Fashion,2,1,7,0,0.9,5,40.0,86.5,0.0,1,23.3,0
CUST104257,Male,62,Married,2,68,Computer,Cash on Delivery,Laptop & Accessory,5,4,3,0,1.5,8,50.0,101.9,23.4,1,24.3,0
CUST104471,Male,58,Married,1,42,Computer,Credit Card,Laptop & Accessory,2,3,2,0,0.4,1,12.0,199.52,,0,7.7,0
CUST104283,Male,55,Single,2,10,Mobile Phone,UPI,Fashion,1,1,7,0,4.04,5,72.0,23.64,23.66,1,6.1,1
CUST103370,Female,34,Married,1,9,Mobile Phone,UPI,Fashion,4,3,2,0,2.91,2,64.0,145.5,3.07,1,13.7,1
CUST101143,Female,18,Divorced,1,38,Mobile Phone,Debit Card,Laptop & Accessory,4,4,7,1,0.68,6,69.0,169.7,16.5,2,15.4,0
CUST100397,Male,57,Single,1,8,Computer,UPI,Laptop & Accessory,5,4,2,0,0.75,1,35.0,28.7,14.34,4,27.8,0
CUST103410,Female,64,Married,3,55,Computer,UPI,Fashion,4,2,7,0,,10,8.0,236.52,18.23,1,16.0,0
CUST104315,Female,67,Single,1,3,Computer,Credit Card,Laptop & Accessory,3,4,5,0,0.75,5,83.0,93.92,12.3,0,14.4,1
CUST102778,Male,38,Single,2,38,Mobile Phone,Credit Card,Grocery,1,1,4,0,1.0,4,42.0,108.32,24.07,2,9.9,0
CUST101398,Female,48,,1,67,Computer,UPI,Fashion,2,5,7,0,1.93,2,15.0,93.11,11.83,0,24.6,0
CUST101659,Male,59,Single,3,34,Computer,Cash on Delivery,Laptop & Accessory,2,3,6,0,0.98,3,30.0,87.28,10.55,0,6.7,0
CUST100979,Male,56,Divorced,2,61,Computer,E-wallet,Mobile Phone,3,5,1,0,1.13,2,20.0,210.07,14.39,3,9.3,0
CUST101298,Female,32,Single,2,64,Computer,Credit Card,Mobile Phone,5,4,5,1,2.68,2,45.0,181.4,26.76,1,11.5,1
CUST102280,Male,53,Single,1,9,Computer,Credit Card,Mobile Phone,2,4,3,0,1.68,3,31.0,93.98,10.4,2,18.5,0
CUST100082,Female,29,Single,1,46,Computer,UPI,Grocery,4,4,4,0,0.36,3,49.0,157.06,31.16,1,6.9,0
CUST104777,Male,19,Single,1,2,Computer,Credit Card,Fashion,1,5,4,1,1.3,2,71.0,181.53,4.72,3,19.6,1
CUST102807,Female,45,Married,3,24,Computer,Debit Card,Fashion,3,4,3,0,2.74,1,7.0,132.57,6.7,0,10.0,0
CUST104861,Female,61,Married,2,5,Mobile Phone,UPI,Others,5,2,1,0,1.98,3,39.0,145.6,2.12,1,20.2,0
CUST103805,Male,54,Married,1,37,Mobile Phone,E-wallet,Laptop & Accessory,5,3,7,0,4.56,2,83.0,125.07,12.16,1,17.4,0
CUST102305,Male,36,Divorced,1,70,Mobile Phone,UPI,Fashion,3,1,1,1,1.55,3,1.0,164.2,1.19,0,1.0,0
CUST100423,Male,30,Single,1,56,Mobile Phone,Debit Card,Laptop & Accessory,4,1,6,0,1.95,6,56.0,147.03,24.34,1,14.4,0
CUST104353,Male,24,Single,1,42,Mobile Phone,Cash on Delivery,Mobile Phone,1,3,3,0,2.1,3,55.0,233.93,4.88,2,13.8,0
CUST101904,Female,44,Single,1,69,Mobile Phone,Credit Card,Fashion,4,2,3,0,3.78,3,41.0,158.4,1.6,1,11.9,0
CUST104552,Male,22,Married,2,29,Computer,Credit Card,Fashion,3,3,4,0,0.92,4,67.0,204.32,15.4,2,7.9,0
CUST104609,Female,45,Single,3,16,Mobile Phone,Credit Card,Laptop & Accessory,3,3,3,1,1.26,0,24.0,100.95,19.32,0,11.7,1
CUST103123,Male,36,Single,3,66,Computer,UPI,Mobile Phone,2,3,2,0,5.01,6,47.0,154.67,23.61,1,15.0,0
CUST101565,Male,42,Married,2,28,Mobile Phone,Credit Card,Others,4,4,1,0,0.94,1,86.0,155.6,20.87,3,27.8,0
CUST104043,Female,68,Single,3,45,Mobile Phone,Debit Card,Mobile Phone,2,3,1,0,1.55,2,41.0,157.4,20.59,2,1.0,0
CUST100839,Male,36,Married,2,30,Computer,Debit Card,Others,5,1,1,0,4.13,1,57.0,206.33,34.01,3,20.8,0
CUST100500,Female,22,Married,1,32,Computer,E-wallet,Fashion,1,3,3,0,1.45,2,37.0,17.56,16.52,1,19.0,0
CUST100141,Male,33,Divorced,3,46,Mobile Phone,Debit Card,Others,5,1,6,0,1.06,6,21.0,152.01,14.45,2,12.5,0
CUST101377,Female,58,Single,1,44,Mobile Phone,UPI,Fashion,1,1,4,0,1.02,2,56.0,195.0,12.47,2,9.4,0
CUST103721,Male,29,Married,1,20,Computer,Credit Card,Mobile Phone,1,2,6,0,1.12,1,60.0,162.39,18.96,1,17.5,0
CUST102748,Male,61,Married,2,27,Mobile Phone,Credit Card,Grocery,3,2,6,0,2.23,5,62.0,158.94,12.56,3,22.6,0
CUST101138,Male,47,Single,2,18,Mobile Phone,UPI,Laptop & Accessory,5,3,6,0,0.57,4,1.0,186.69,13.38,3,34.3,0
CUST104278,Male,59,Married,2,57,Computer,Debit Card,Mobile Phone,3,3,6,0,2.06,1,22.0,134.55,21.11,6,1.0,0
CUST101787,Female,62,Single,1,50,Mobile Phone,Debit Card,Laptop & Accessory,3,1,7,1,1.47,1,4.0,93.62,14.75,5,22.4,0
CUST102584,Male,62,Single,2,12,Mobile Phone,E-wallet,Laptop & Accessory,5,5,7,1,0.99,2,65.0,132.14,4.65,2,18.0,1
CUST100550,Male,69,Married,3,63,Mobile Phone,Credit Card,Mobile Phone,3,2,3,0,0.26,3,74.0,209.74,21.27,2,29.1,0
CUST104071,Female,50,Divorced,2,25,Mobile Phone,Cash on Delivery,Fashion,1,3,4,0,1.96,7,75.0,81.44,21.41,1,17.3,1
CUST102019,Male,62,Single,1,61,Mobile Phone,UPI,Others,4,5,7,1,2.42,5,74.0,193.46,28.07,0,29.4,0
CUST100948,Female,65,Single,2,17,Mobile Phone,Credit Card,Others,1,1,3,0,1.09,5,53.0,96.1,24.36,0,15.6,1
CUST102277,Male,27,Single,2,38,Computer,Credit Card,Fashion,5,4,5,1,2.12,2,52.0,171.46,18.88,1,10.6,0
CUST100532,Male,56,Single,1,60,Mobile Phone,Credit Card,Others,1,4,4,1,6.05,6,10.0,83.45,7.25,2,1.0,0
CUST101829,Male,31,Married,1,6,Mobile Phone,UPI,Fashion,1,1,3,1,1.56,1,88.0,150.73,5.68,0,17.2,0
CUST102937,Male,67,Married,1,65,Mobile Phone,Debit Card,Mobile Phone,1,2,1,0,3.81,3,25.0,103.06,27.12,2,19.0,0
CUST104432,Female,65,Married,3,17,Mobile Phone,E-wallet,Mobile Phone,5,2,2,0,2.62,5,60.0,84.69,26.59,3,16.1,0
CUST103895,Female,55,Single,3,37,Mobile Phone,Debit Card,Fashion,1,4,5,1,0.19,1,17.0,249.63,22.46,3,16.7,0
CUST101602,Female,59,Single,1,10,Computer,E-wallet,Grocery,1,5,6,0,1.28,5,70.0,203.81,33.07,0,15.2,1
CUST100639,Female,35,Single,1,32,Mobile Phone,UPI,Others,2,2,1,0,0.86,3,16.0,154.78,9.51,1,1.6,0
CUST104847,Female,43,Married,2,2,Mobile Phone,Debit Card,Fashion,5,4,1,0,2.86,5,80.0,144.46,8.68,1,12.9,0
CUST100967,Male,37,Single,3,70,Mobile Phone,Debit Card,Laptop & Accessory,4,1,7,0,3.96,3,60.0,181.15,18.88,1,17.0,0
CUST104251,Male,69,Single,1,50,Computer,Debit Card,Laptop & Accessory,5,4,5,0,0.8,4,7.0,,20.01,0,2.9,0
CUST102643,Female,37,Married,1,28,Computer,Cash on Delivery,Laptop & Accessory,5,2,5,0,1.72,10,37.0,177.83,13.94,1,7.4,0
CUST101683,Male,35,Married,3,40,Computer,Debit Card,Laptop & Accessory,3,2,6,0,4.07,5,37.0,79.06,16.3,0,11.1,1
CUST104484,Female,42,Single,2,9,Mobile Phone,Cash on Delivery,Mobile Phone,2,5,3,0,2.96,0,36.0,156.98,15.88,0,19.8,0
CUST102902,Male,20,Divorced,3,0,Mobile Phone,UPI,Fashion,2,2,3,0,,2,9.0,109.6,20.14,1,21.5,0
CUST100155,Female,25,Married,1,2,Computer,Credit Card,Fashion,3,4,4,0,4.12,1,84.0,47.11,14.6,0,6.9,1
CUST104567,Male,24,Single,1,16,Computer,E-wallet,Mobile Phone,5,1,7,0,0.32,3,19.0,226.36,20.54,0,13.4,0
CUST102858,Female,66,Single,3,50,Computer,Credit Card,Laptop & Accessory,5,5,4,1,2.15,2,59.0,140.88,5.45,2,18.3,0
CUST101089,Male,46,Single,2,67,Mobile Phone,UPI,Mobile Phone,4,1,6,1,1.35,3,79.0,197.83,21.65,0,16.2,1
CUST102673,Male,40,Single,2,46,Computer,UPI,Fashion,1,2,4,0,6.49,6,62.0,113.26,12.58,1,3.0,0
CUST104254,Female,59,Single,3,1,Mobile Phone,Credit Card,Laptop & Accessory,4,4,2,1,3.4,1,18.0,81.09,15.26,2,11.3,0
CUST100288,Female,31,Married,2,52,Computer,Credit Card,Laptop & Accessory,1,2,7,0,3.22,6,1.0,106.57,14.92,2,24.9,0
CUST100930,Male,34,Married,1,10,Computer,Credit Card,Mobile Phone,4,3,1,0,0.41,5,25.0,208.34,8.62,2,15.5,0
CUST103599,Male,26,Single,2,6,Mobile Phone,Debit Card,Mobile Phone,5,2,4,0,3.68,5,75.0,208.74,22.5,0,12.9,0
CUST102577,Female,35,Single,3,23,Computer,Debit Card,Laptop & Accessory,3,5,6,0,0.6,2,74.0,174.48,12.16,3,17.3,1
CUST103392,Female,55,Single,3,28,Computer,UPI,Mobile Phone,5,1,3,0,0.99,1,75.0,135.55,2.84,4,19.6,0
CUST102614,Male,41,Single,1,1,Computer,Cash on Delivery,Mobile Phone,2,4,2,0,1.61,5,78.0,112.84,13.77,0,3.7,0
CUST103312,Female,24,Married,1,53,Mobile Phone,Credit Card,Grocery,5,2,4,0,5.08,6,38.0,166.47,10.05,0,8.3,0
CUST100942,Male,51,Single,2,15,Computer,Debit Card,Mobile Phone,1,1,3,0,1.63,2,50.0,76.78,14.3,1,28.5,1
CUST103883,Male,43,Married,1,68,Mobile Phone,Cash on Delivery,Mobile Phone,1,4,6,1,1.31,3,79.0,180.53,12.65,3,13.5,0
CUST104677,Male,24,Married,2,61,Computer,UPI,Mobile Phone,3,4,1,0,4.01,2,0.0,156.82,0.0,3,11.6,0
CUST101698,Female,67,Married,3,0,Mobile Phone,Debit Card,Mobile Phone,5,5,4,1,0.86,2,35.0,179.67,2.1,2,17.0,0
CUST104787,Female,56,Divorced,3,64,Mobile Phone,UPI,Fashion,4,5,3,0,0.46,3,17.0,55.6,13.76,1,24.5,0
CUST104813,Female,67,Single,1,39,Mobile Phone,UPI,Mobile Phone,1,5,7,1,1.01,4,56.0,200.21,31.93,0,22.6,0
CUST104062,Male,49,Married,3,0,Mobile Phone,Credit Card,Others,1,2,4,0,3.94,4,19.0,132.36,14.75,0,7.4,0
CUST102952,Male,65,Single,1,5,Computer,Cash on Delivery,Fashion,5,1,7,0,1.79,5,61.0,41.99,7.55,3,8.0,1
CUST100985,Female,30,Single,1,6,Mobile Phone,E-wallet,Laptop & Accessory,3,5,6,1,1.25,6,43.0,132.2,,0,11.2,0
CUST103021,Female,58,Married,2,32,Mobile Phone,Debit Card,Laptop & Accessory,3,3,5,1,1.21,5,3.0,158.77,23.07,5,23.9,0
CUST104739,Female,66,Single,3,66,Mobile Phone,Debit Card,Mobile Phone,3,3,3,0,1.08,2,37.0,106.18,18.13,1,8.4,0
CUST103902,Female,54,Single,2,23,Mobile Phone,UPI,Fashion,3,5,6,1,7.21,6,60.0,77.15,5.19,0,30.0,0
CUST104792,Male,41,Divorced,3,38,Computer,Debit Card,Others,1,3,2,0,5.41,3,65.0,181.6,16.39,0,19.9,1
CUST100981,Female,34,Single,1,40,Computer,UPI,Fashion,3,5,1,0,0.2,1,80.0,28.64,22.67,2,5.6,1
CUST102509,Female,65,Single,2,9,Computer,Credit Card,Mobile Phone,4,4,7,0,2.79,6,3.0,141.45,11.51,1,18.0,0
CUST102447,Male,25,Single,2,54,Computer,Credit Card,Laptop & Accessory,5,5,1,0,3.01,3,15.0,267.96,22.82,0,12.4,0
CUST103181,Male,31,Single,3,47,Mobile Phone,Credit Card,Laptop & Accessory,4,3,7,0,0.82,5,13.0,183.19,17.74,1,4.1,0
CUST102962,Male,23,Single,3,61,Mobile Phone,Debit Card,Mobile Phone,1,3,1,0,1.83,0,45.0,227.61,27.36,4,14.2,0
CUST103784,Female,68,Single,3,18,Mobile Phone,Debit Card,Mobile Phone,4,3,5,0,1.9,1,42.0,225.23,12.5,0,16.3,0
CUST103869,Male,51,Single,3,55,Mobile Phone,Credit Card,Mobile Phone,5,2,3,0,1.68,3,41.0,37.65,18.66,1,14.7,0
CUST101457,Male,65,Married,1,68,Computer,UPI,Grocery,4,4,2,0,2.37,1,83.0,191.7,7.92,0,9.0,0
CUST101395,Male,64,Single,2,15,Mobile Phone,UPI,Laptop & Accessory,3,3,4,0,2.66,4,17.0,116.79,9.73,1,19.6,0
CUST100264,Female,52,Single,1,67,Computer,Debit Card,Fashion,4,3,1,1,1.23,6,51.0,119.61,12.56,1,10.0,0
CUST102413,Female,38,Single,3,9,Computer,Debit Card,Fashion,4,1,5,1,1.81,5,27.0,131.7,23.86,2,14.0,0
CUST100929,Female,20,Single,1,11,Mobile Phone,UPI,Fashion,2,3,3,0,3.57,2,6.0,224.39,20.9,0,17.0,0
CUST103116,Male,48,Single,2,13,Computer,Credit Card,Mobile Phone,2,3,5,1,0.33,1,53.0,290.24,13.6,3,18.7,0
CUST102710,Female,63,Divorced,2,43,Mobile Phone,E-wallet,Laptop & Accessory,4,2,1,1,2.29,2,81.0,220.92,4.08,0,11.2,0
CUST100246,Female,31,Married,1,48,Mobile Phone,Cash on Delivery,Mobile Phone,2,1,1,0,1.67,2,14.0,106.21,11.16,0,21.2,0
CUST103613,Female,45,Married,2,60,Computer,Debit Card,Others,3,1,2,0,3.18,7,,24.68,13.36,2,23.2,0
CUST101758,Female,69,Married,1,27,Mobile Phone,Cash on Delivery,Fashion,3,3,1,0,2.36,1,69.0,187.59,28.62,2,6.2,0
CUST104880,Male,38,Single,1,44,Mobile Phone,UPI,Fashion,3,4,1,0,2.69,4,40.0,123.14,10.6,1,15.0,0
CUST102829,Female,45,Single,1,31,Mobile Phone,Cash on Delivery,Mobile Phone,2,4,3,1,6.84,2,16.0,171.7,0.0,0,11.1,0
CUST100923,Female,23,Married,1,18,Mobile Phone,E-wallet,Fashion,1,2,4,0,0.68,4,37.0,173.24,8.6,2,5.8,0
CUST104288,Female,59,Single,1,64,Computer,Credit Card,Fashion,3,4,2,0,4.88,1,84.0,131.46,1.94,5,17.3,0
CUST100268,Male,36,Single,3,25,Mobile Phone,UPI,Fashion,5,1,4,0,0.31,0,70.0,149.3,25.17,2,25.4,1
CUST100669,Male,36,Single,1,43,Mobile Phone,Debit Card,Fashion,3,1,5,0,4.87,4,88.0,42.7,8.52,2,4.2,0
CUST102754,Female,52,Single,3,3,Mobile Phone,UPI,Mobile Phone,2,5,1,1,,4,31.0,104.01,18.26,3,21.9,0
CUST101910,Male,28,Married,3,36,Mobile Phone,UPI,Laptop & Accessory,5,5,2,0,1.6,4,64.0,95.8,9.38,2,1.0,1
CUST103811,Male,60,Married,2,43,Computer,Credit Card,Fashion,3,1,2,1,3.49,3,67.0,251.57,18.27,0,1.8,0
CUST101152,Male,23,Single,1,54,Computer,Debit Card,Laptop & Accessory,4,3,7,1,2.47,2,17.0,49.81,17.66,2,16.8,0
CUST104832,Female,41,Married,3,28,Computer,Credit Card,Laptop & Accessory,4,3,7,0,2.47,1,88.0,243.32,12.51,0,1.0,1
CUST104118,Male,33,Married,2,34,Mobile Phone,Cash on Delivery,Laptop & Accessory,1,3,4,0,1.85,0,53.0,184.83,19.43,2,1.0,0
CUST104255,Male,41,Single,3,25,Mobile Phone,UPI,Fashion,5,3,6,1,1.32,5,73.0,106.89,1.36,2,17.1,0
CUST103901,Female,48,Single,2,67,Mobile Phone,UPI,Laptop & Accessory,1,5,7,0,1.79,4,56.0,254.58,8.99,2,15.2,0
CUST102436,Female,37,Married,1,6,Mobile Phone,Credit Card,Laptop & Accessory,3,3,4,0,2.82,2,83.0,168.2,8.72,1,11.1,1
CUST103002,Male,21,Divorced,3,10,Mobile Phone,UPI,Fashion,3,5,7,1,6.24,1,23.0,169.74,14.39,1,4.9,1
CUST101915,Male,21,Single,3,64,Mobile Phone,Debit Card,Mobile Phone,5,4,6,0,2.8,7,54.0,138.81,13.32,0,24.6,0
CUST100612,Female,19,Married,3,37,Mobile Phone,Cash on Delivery,Others,5,3,5,0,2.0,4,23.0,87.13,9.25,1,11.3,0
CUST102423,Male,56,Single,1,9,Mobile Phone,Cash on Delivery,Fashion,5,5,3,0,2.03,2,85.0,112.48,2.25,2,4.7,1
CUST103552,Male,61,Single,1,48,Mobile Phone,UPI,Grocery,3,2,3,1,4.25,1,70.0,302.49,9.47,3,4.0,0
CUST101898,Male,58,Divorced,1,23,Computer,Cash on Delivery,Grocery,1,3,3,0,,1,43.0,211.52,16.71,2,6.6,1
CUST101649,Female,37,Divorced,3,62,Computer,Credit Card,Grocery,3,3,3,0,5.68,8,58.0,63.26,19.32,0,12.6,0
CUST104038,Male,19,Married,3,66,Computer,Credit Card,Mobile Phone,2,5,2,0,2.25,5,75.0,145.85,20.29,3,23.4,0
CUST100258,Male,44,Single,1,27,Mobile Phone,UPI,Fashion,2,2,3,1,4.02,4,29.0,71.3,11.6,2,2.0,0
CUST100847,Female,18,Single,1,41,Mobile Phone,Cash on Delivery,Laptop & Accessory,1,1,1,1,4.98,2,56.0,286.51,9.12,1,9.4,0
CUST104265,Male,24,Divorced,2,16,Mobile Phone,Cash on Delivery,Fashion,2,5,7,1,0.53,0,59.0,108.11,13.82,0,18.7,0
CUST101233,Female,40,Single,3,41,Mobile Phone,E-wallet,Others,4,5,6,0,0.23,5,46.0,243.07,19.99,3,7.0,0
CUST101127,Female,27,Single,1,54,Mobile Phone,Debit Card,Others,1,3,4,1,2.44,6,59.0,70.51,,3,11.0,0
CUST101967,Female,35,Single,1,39,Mobile Phone,Credit Card,Fashion,3,1,6,0,1.31,1,12.0,131.35,20.57,2,4.7,0
CUST100558,Female,47,Single,3,37,Computer,Credit Card,Laptop & Accessory,1,1,3,0,1.35,2,63.0,68.9,,3,9.3,0
CUST103929,Female,22,Single,2,70,Mobile Phone,Credit Card,Laptop & Accessory,3,2,6,0,,3,10.0,80.51,6.93,1,1.8,0
CUST100484,Male,23,Single,1,42,Computer,Credit Card,Mobile Phone,2,2,4,0,1.95,5,73.0,155.12,6.55,4,24.3,0
CUST101320,Male,56,Married,1,49,Computer,E-wallet,Fashion,1,5,3,0,2.65,5,22.0,148.94,28.89,1,15.9,0
CUST102370,Male,22,Married,3,52,Mobile Phone,UPI,Mobile Phone,2,2,7,1,3.09,2,25.0,68.51,9.05,2,8.2,0
CUST100007,Female,26,Divorced,3,31,Mobile Phone,Cash on Delivery,Fashion,4,4,1,0,2.11,2,75.0,154.58,12.21,4,24.5,0
CUST103988,Female,58,Married,3,48,Mobile Phone,Credit Card,Mobile Phone,3,2,2,1,1.58,4,37.0,131.48,13.1,1,1.0,0
CUST103210,Male,22,Single,2,67,Mobile Phone,Debit Card,Laptop & Accessory,5,1,5,1,,5,63.0,179.32,7.48,1,28.7,0
CUST101450,Female,58,Married,3,29,Mobile Phone,UPI,Fashion,5,5,2,1,8.07,4,19.0,20.51,7.29,1,21.6,0
CUST104004,Female,44,Married,1,41,Mobile Phone,Cash on Delivery,Mobile Phone,4,3,1,0,0.66,4,35.0,127.71,6.74,3,4.9,0
CUST101814,Female,25,Divorced,2,21,Mobile Phone,Cash on Delivery,Fashion,5,2,1,1,3.7,2,3.0,146.29,6.46,1,1.0,0
CUST100773,Female,22,Single,2,21,Computer,Credit Card,Grocery,3,2,3,1,1.25,5,75.0,0.0,15.13,4,6.9,0
CUST101011,Female,36,Single,3,50,Computer,Debit Card,Mobile Phone,1,4,6,0,5.08,2,20.0,81.38,11.74,1,24.9,0
CUST102837,Male,63,Married,1,62,Mobile Phone,UPI,Mobile Phone,5,3,5,0,0.56,6,9.0,149.05,8.41,3,26.7,0
CUST102465,Female,60,Married,3,27,Computer,Debit Card,Fashion,5,3,7,1,1.1,6,57.0,84.96,16.32,1,29.1,0
CUST101991,Female,37,Single,1,37,Mobile Phone,Debit Card,Mobile Phone,3,3,7,1,1.04,3,40.0,137.88,12.41,1,9.6,0
CUST101277,Male,20,Divorced,1,55,Mobile Phone,Debit Card,Grocery,1,3,5,1,1.84,3,23.0,,14.66,1,6.1,0
CUST101783,Male,48,Single,2,31,Computer,UPI,Fashion,4,2,5,1,0.73,0,48.0,195.26,7.67,1,6.5,0
CUST103126,Female,45,Single,2,13,Mobile Phone,Cash on Delivery,Others,4,4,1,1,1.02,2,4.0,155.32,19.67,0,9.4,0
CUST100446,Female,40,Married,3,40,Mobile Phone,Cash on Delivery,Laptop & Accessory,5,4,7,0,0.64,4,40.0,128.8,17.92,2,1.0,1
CUST100880,Male,21,Single,1,70,Mobile Phone,Cash on Delivery,Mobile Phone,1,3,2,0,3.68,2,52.0,70.62,12.67,2,15.0,0
CUST104473,Male,36,Single,1,1,Mobile Phone,Cash on Delivery,Fashion,1,5,6,0,1.5,2,50.0,125.71,13.48,2,7.7,1
CUST100781,Female,47,Married,2,38,Mobile Phone,Credit Card,Mobile Phone,1,1,3,1,0.39,7,51.0,53.85,13.44,0,12.1,1
CUST101749,Male,26,Married,3,45,Mobile Phone,Credit Card,Mobile Phone,4,2,4,0,0.08,4,65.0,143.34,25.86,0,13.7,0
CUST103409,Male,41,Married,1,2,Computer,Cash on Delivery,Others,1,2,2,1,1.2,5,43.0,186.64,24.57,1,7.5,0
CUST104896,Male,48,Married,1,1,Mobile Phone,Debit Card,Fashion,3,2,4,1,2.21,0,20.0,77.0,4.77,1,17.7,1
CUST100883,Male,60,Married,3,26,Mobile Phone,Cash on Delivery,Laptop & Accessory,1,3,3,0,3.66,3,26.0,144.04,10.94,2,12.8,0
CUST102672,Male,31,Single,1,40,Mobile Phone,Debit Card,Laptop & Accessory,1,3,6,0,,7,87.0,176.01,8.78,1,36.5,0
CUST101091,Female,33,Divorced,1,15,Computer,Cash on Delivery,Fashion,3,4,4,1,1.4,7,14.0,85.84,16.31,1,13.7,0
CUST103957,Female,58,Single,1,23,Mobile Phone,Debit Card,Others,2,3,2,0,3.68,1,43.0,213.4,17.66,1,9.7,0
CUST100531,Female,20,Divorced,1,0,Mobile Phone,Credit Card,Others,5,4,2,0,3.16,6,7.0,120.81,25.12,1,19.3,0
CUST104046,Male,66,Married,3,58,Computer,Debit Card,Laptop & Accessory,5,3,5,0,4.58,4,4.0,95.61,17.22,2,14.7,0
CUST104314,Male,62,Single,3,32,Computer,E-wallet,Laptop & Accessory,3,1,1,0,1.97,6,22.0,312.78,22.91,3,19.9,1
CUST104111,Female,37,Single,2,1,Mobile Phone,Debit Card,Fashion,1,4,3,1,2.64,2,74.0,221.31,24.82,2,3.2,1
CUST101727,Female,56,Single,2,26,Computer,Debit Card,Grocery,5,4,3,0,1.72,4,82.0,154.41,13.1,1,4.4,0
CUST100610,Female,36,Single,1,53,Mobile Phone,Cash on Delivery,Mobile Phone,1,5,4,0,1.28,3,18.0,250.68,17.47,0,22.7,1
CUST100570,Male,58,Single,2,61,Mobile Phone,Cash on Delivery,Others,1,4,3,1,5.77,4,39.0,189.96,20.08,0,20.0,0
CUST102689,Male,32,Single,2,56,Computer,Debit Card,Fashion,3,5,1,0,1.36,4,79.0,176.82,12.38,1,11.5,0
CUST103048,Female,23,Married,3,59,Computer,Debit Card,Mobile Phone,2,5,7,0,2.1,7,81.0,121.19,9.53,1,20.2,1
CUST100343,Female,50,Single,3,12,Mobile Phone,Credit Card,Laptop & Accessory,3,3,1,0,3.93,2,71.0,139.21,14.77,0,21.7,0
CUST104124,Female,21,Single,2,38,Computer,Debit Card,Fashion,1,1,5,1,1.6,3,31.0,145.73,10.81,3,8.2,1
CUST103570,Female,22,Married,1,13,Computer,UPI,Grocery,4,5,7,0,0.79,6,51.0,158.82,19.82,1,3.1,0
CUST100434,Male,49,Single,1,16,Mobile Phone,UPI,Mobile Phone,5,3,4,0,0.48,2,44.0,150.52,14.1,0,9.2,1
CUST101903,Male,41,Married,1,6,Computer,Credit Card,Mobile Phone,4,1,7,0,0.67,1,45.0,192.78,9.13,2,16.0,1
CUST103828,Female,21,Married,2,35,Mobile Phone,Debit Card,Fashion,5,3,2,0,3.48,2,44.0,210.62,17.28,0,7.2,1
CUST103480,Male,33,Married,1,0,Mobile Phone,Debit Card,Mobile Phone,3,3,1,1,1.26,1,84.0,172.76,8.65,2,11.5,1
CUST102069,Male,69,Single,2,53,Mobile Phone,Credit Card,Fashion,3,5,3,1,1.45,0,3.0,165.16,17.98,1,10.5,0
CUST101537,Female,36,Married,1,52,Mobile Phone,UPI,Mobile Phone,1,3,7,0,3.32,2,87.0,136.09,9.12,1,18.8,0
CUST102269,Female,35,Married,1,7,Mobile Phone,Credit Card,Laptop & Accessory,2,3,7,0,2.45,3,82.0,89.78,17.6,4,18.7,0
CUST104974,Female,61,Single,1,36,Mobile Phone,Credit Card,Fashion,2,1,7,0,6.05,4,38.0,132.68,7.36,2,21.5,0
CUST101517,Female,30,Married,2,54,Computer,Credit Card,Mobile Phone,3,2,3,0,1.47,2,9.0,172.08,23.55,0,4.7,0
CUST100965,Male,36,Married,1,66,Mobile Phone,Cash on Delivery,Fashion,2,4,3,0,0.17,4,57.0,214.22,9.0,1,12.2,0
CUST104420,Male,47,Married,3,41,Computer,Credit Card,Fashion,1,2,1,0,1.86,3,49.0,67.78,0.0,3,24.3,0
CUST100528,Female,61,Married,1,34,Mobile Phone,Credit Card,Grocery,5,4,1,0,,3,50.0,128.16,4.16,1,11.7,0
CUST100176,Male,56,Single,1,53,Computer,UPI,Grocery,2,2,1,0,1.0,3,63.0,160.86,21.46,3,19.6,0
CUST103504,Female,19,Married,1,41,Computer,Credit Card,Grocery,4,3,6,1,1.62,1,74.0,98.02,14.41,2,21.9,1
CUST102561,Female,58,Married,1,42,Mobile Phone,Debit Card,Laptop & Accessory,1,4,7,0,1.04,1,40.0,235.17,21.4,3,13.0,0
CUST104311,Female,56,Married,1,59,Computer,Credit Card,Mobile Phone,4,2,6,0,1.23,5,55.0,153.72,16.5,5,16.6,0
CUST100572,Male,27,Single,2,32,Mobile Phone,Credit Card,Laptop & Accessory,1,3,7,0,0.75,4,42.0,166.83,9.91,2,8.5,0
CUST102316,Male,31,Married,3,2,Computer,Debit Card,Mobile Phone,4,1,4,0,0.29,3,41.0,179.09,1.32,2,12.3,0
CUST104839,Male,23,Single,1,64,Mobile Phone,Credit Card,Others,4,3,3,0,2.66,2,68.0,194.97,9.46,1,18.8,0
CUST102476,Male,22,Married,2,2,Mobile Phone,Credit Card,Mobile Phone,2,2,5,0,2.9,8,67.0,97.31,6.3,1,6.1,0
CUST103693,Female,29,Married,1,28,Mobile Phone,Credit Card,Fashion,2,4,5,0,2.5,6,79.0,219.72,8.25,2,8.0,1
CUST102600,Male,60,Married,2,11,Computer,Credit Card,Fashion,2,2,2,0,,3,13.0,84.78,13.12,3,18.6,0
CUST102208,Male,55,Married,1,33,Mobile Phone,Cash on Delivery,Laptop & Accessory,5,5,1,0,0.64,6,36.0,197.88,23.01,2,21.8,0
CUST102583,Male,66,Single,3,61,Computer,Credit Card,Grocery,2,4,6,0,4.22,7,43.0,180.43,23.76,1,12.8,0
CUST104316,Female,41,Married,2,50,Computer,UPI,Others,2,1,6,0,2.85,1,88.0,168.96,1.07,1,28.1,1
CUST100383,Male,53,Married,3,30,Computer,Credit Card,Grocery,3,4,5,0,2.38,4,66.0,88.54,11.04,3,15.6,1
CUST100852,Female,66,Married,2,20,Computer,UPI,Grocery,1,4,2,1,2.14,4,88.0,128.52,18.46,1,3.3,0
CUST101880,Male,29,Single,2,51,Computer,Credit Card,Fashion,4,3,3,0,8.28,4,15.0,141.24,19.04,3,7.8,0
CUST100370,Female,24,Married,1,50,Computer,Cash on Delivery,Fashion,1,5,5,0,2.61,2,38.0,99.99,20.78,0,10.8,0
CUST102395,Female,25,Divorced,1,25,Mobile Phone,Credit Card,Fashion,5,1,6,1,3.32,3,17.0,91.0,15.04,2,12.7,0
CUST104337,Male,45,Divorced,3,66,Mobile Phone,Debit Card,Laptop & Accessory,2,3,3,0,4.32,4,65.0,91.51,14.09,1,31.9,0
CUST101105,Female,36,Single,1,65,Mobile Phone,Cash on Delivery,Mobile Phone,5,4,5,0,5.09,4,32.0,7.93,9.76,4,1.0,0
CUST102589,Male,24,Single,3,40,Mobile Phone,Credit Card,Laptop & Accessory,2,3,1,0,2.28,4,54.0,173.15,11.12,2,27.0,0
CUST103970,Female,69,Single,3,70,Computer,Cash on Delivery,Fashion,4,2,4,1,0.85,6,56.0,36.88,24.11,1,15.9,0
CUST101336,Male,36,Single,1,64,Mobile Phone,Cash on Delivery,Laptop & Accessory,1,5,5,0,1.57,4,15.0,193.82,21.54,2,15.5,0
CUST102189,Female,68,Single,1,5,Computer,Debit Card,Mobile Phone,3,3,4,0,3.7,3,15.0,36.74,0.51,0,11.0,0
CUST104608,Male,35,Single,2,18,Mobile Phone,Cash on Delivery,Laptop & Accessory,1,4,1,0,2.59,2,38.0,89.67,16.64,2,1.0,0
CUST104169,Male,50,Married,3,58,Mobile Phone,E-wallet,Fashion,4,2,4,0,2.54,3,81.0,13.07,2.07,1,17.0,0
CUST104571,Female,65,Married,1,45,Mobile Phone,Debit Card,Mobile Phone,5,3,6,0,2.23,6,62.0,222.9,12.97,1,18.8,0
CUST104695,Female,42,Single,2,28,Mobile Phone,UPI,Fashion,4,1,2,0,2.65,0,66.0,178.81,27.95,0,17.7,0
CUST104863,Female,51,Divorced,1,49,Computer,Debit Card,Mobile Phone,2,1,4,0,1.46,2,11.0,111.78,13.97,1,18.7,1
CUST101171,Female,67,Single,2,58,Computer,UPI,Laptop & Accessory,5,4,6,0,1.55,2,15.0,150.59,15.34,1,15.0,0
CUST103615,Female,67,Single,1,66,Computer,Cash on Delivery,Fashion,3,2,6,1,5.76,5,71.0,153.6,6.86,3,17.3,0
CUST104193,Female,42,Married,3,13,Computer,UPI,Grocery,2,5,7,0,5.65,2,,218.37,0.0,3,20.8,0
CUST101422,Male,64,Married,2,9,Mobile Phone,Debit Card,Grocery,4,2,7,0,3.21,4,44.0,253.57,0.0,1,7.9,0
CUST103027,Female,57,,2,21,Computer,Credit Card,Grocery,2,1,6,0,,4,24.0,183.83,14.55,0,22.5,0
CUST102669,Male,56,Married,3,28,Mobile Phone,Credit Card,Mobile Phone,5,5,3,0,2.85,4,21.0,161.6,13.73,0,20.0,0
CUST104168,Female,66,Married,2,71,Mobile Phone,UPI,Laptop & Accessory,2,1,6,0,1.11,5,67.0,175.53,22.5,2,1.6,1
CUST101464,Female,25,Single,3,44,Mobile Phone,UPI,Fashion,5,3,6,1,2.52,2,66.0,157.76,7.92,0,18.5,0
CUST100874,Female,42,Divorced,3,55,Mobile Phone,Debit Card,Fashion,3,2,6,0,1.92,3,74.0,110.68,20.14,0,17.3,0
CUST102341,Male,69,Single,3,4,Computer,UPI,Laptop & Accessory,1,1,6,1,0.02,5,53.0,135.22,15.83,1,6.1,1
CUST104354,Female,63,Divorced,3,17,Computer,Credit Card,Others,3,4,2,0,1.52,1,44.0,161.31,24.01,1,4.2,0
CUST101251,Male,49,Married,3,25,Mobile Phone,Credit Card,Mobile Phone,4,5,3,0,3.22,6,47.0,147.45,8.72,1,3.4,0
CUST104538,Male,53,Single,3,28,Mobile Phone,Credit Card,Fashion,5,4,5,1,3.0,6,8.0,235.89,7.54,0,18.7,0
CUST100840,Male,69,Married,3,41,Mobile Phone,UPI,Grocery,5,1,4,1,6.05,1,47.0,115.87,0.0,1,32.7,0
CUST104037,Female,19,Single,1,21,Computer,Credit Card,Laptop & Accessory,2,2,2,0,0.64,4,89.0,80.94,4.72,1,7.6,1
CUST100581,Female,35,Single,2,51,Mobile Phone,Credit Card,Fashion,4,3,3,0,2.28,1,18.0,218.39,0.0,0,17.9,0
CUST100204,Male,53,Single,2,2,Mobile Phone,UPI,Mobile Phone,4,3,4,1,4.64,4,47.0,189.26,13.11,0,14.0,0
CUST101641,Male,54,Single,1,2,Mobile Phone,Cash on Delivery,Fashion,3,5,5,1,0.05,6,53.0,135.44,4.83,0,1.4,0
CUST102014,Male,69,Married,1,43,Mobile Phone,UPI,Laptop & Accessory,1,3,4,1,6.83,1,65.0,201.05,3.18,3,23.9,0
CUST100905,Female,56,Single,1,63,Mobile Phone,UPI,Laptop & Accessory,2,5,5,0,0.98,2,64.0,137.7,29.75,4,23.9,0
CUST100631,Female,38,Married,1,22,Mobile Phone,Cash on Delivery,Others,1,3,5,0,,2,78.0,142.2,2.07,3,5.4,0
CUST103114,Male,54,Single,1,14,Mobile Phone,Credit Card,Laptop & Accessory,2,5,5,0,3.24,0,69.0,150.56,13.78,1,25.0,0
CUST101974,Male,38,Divorced,1,55,Computer,Credit Card,Laptop & Accessory,1,5,6,0,0.46,3,88.0,234.89,9.42,0,9.8,1
CUST100162,Male,39,Married,1,49,Mobile Phone,Cash on Delivery,Laptop & Accessory,5,5,1,0,3.56,8,54.0,159.76,20.13,2,12.3,0
CUST103193,Female,30,Single,1,33,Mobile Phone,Debit Card,Laptop & Accessory,1,2,6,0,2.1,4,78.0,173.22,0.12,1,7.1,0
CUST103849,Male,35,Single,1,43,Mobile Phone,Debit Card,Laptop & Accessory,3,2,6,1,3.27,5,13.0,210.21,28.82,0,19.5,1
CUST104509,Male,45,Married,3,43,Mobile Phone,Debit Card,Laptop & Accessory,5,4,1,0,2.66,3,29.0,150.04,6.04,5,23.1,0
CUST100617,Male,27,Single,2,68,Computer,E-wallet,Mobile Phone,2,4,3,0,1.95,5,30.0,171.1,17.02,2,14.8,1
CUST104092,Female,26,Single,3,21,Computer,Credit Card,Fashion,3,3,1,0,3.14,7,27.0,173.22,22.64,0,14.6,0
CUST101431,Female,28,Single,1,4,Computer,E-wallet,Fashion,1,1,3,0,0.57,2,83.0,155.37,0.0,0,23.9,1
CUST100547,Male,62,Single,1,68,Mobile Phone,Cash on Delivery,Fashion,1,2,6,1,1.16,2,35.0,143.49,10.26,2,16.6,0
CUST103355,Male,64,Single,2,35,Mobile Phone,Debit Card,Others,2,4,4,0,1.39,4,63.0,0.0,9.17,3,2.8,1
CUST104560,Female,26,Single,2,29,Mobile Phone,Debit Card,Grocery,2,2,1,1,2.13,2,9.0,69.09,7.28,1,2.8,0
CUST104236,Male,64,Married,3,10,Mobile Phone,Credit Card,Fashion,2,1,4,0,2.1,2,15.0,189.76,5.39,4,4.6,0
CUST102404,Female,34,Single,3,35,Mobile Phone,Credit Card,Mobile Phone,5,1,7,0,1.35,2,13.0,263.68,11.88,1,12.6,0
CUST102683,Female,65,Married,1,9,Mobile Phone,Debit Card,Fashion,4,4,5,0,2.29,3,49.0,146.85,13.36,0,24.1,1
CUST103836,Female,22,Single,3,45,Mobile Phone,UPI,Laptop & Accessory,1,4,7,0,1.46,6,62.0,86.8,17.15,3,17.7,0
CUST104089,Male,68,Single,1,43,Mobile Phone,E-wallet,Mobile Phone,2,2,6,1,0.43,4,54.0,0.0,26.48,2,7.4,0
CUST101861,Female,69,Married,3,0,Computer,Cash on Delivery,Fashion,4,1,1,1,3.05,3,70.0,84.61,10.1,2,41.7,0
CUST100640,Female,43,Single,2,50,Computer,UPI,Others,4,4,5,1,2.0,3,75.0,154.23,14.19,0,26.9,0
CUST103007,Male,63,Single,2,2,Mobile Phone,Debit Card,Laptop & Accessory,3,2,7,0,2.93,1,16.0,81.8,21.34,1,11.7,0
CUST100637,Female,39,Single,3,70,Mobile Phone,Debit Card,Laptop & Accessory,5,3,6,0,2.22,3,51.0,198.01,14.46,1,10.9,0
CUST103539,Male,38,Single,3,62,Computer,Credit Card,Laptop & Accessory,4,3,3,1,0.39,2,24.0,18.78,22.84,2,1.0,0
CUST103934,Male,62,Married,3,59,Mobile Phone,E-wallet,Fashion,2,5,4,0,2.2,2,19.0,144.24,22.74,1,20.3,0
CUST103006,Female,45,Divorced,2,35,Computer,UPI,Grocery,3,5,5,0,4.25,3,81.0,142.42,13.97,1,24.8,1
CUST102096,Male,34,Single,1,66,Mobile Phone,UPI,Mobile Phone,4,3,5,1,1.2,7,53.0,180.1,26.97,2,5.8,0
CUST102567,Male,22,Married,1,18,Mobile Phone,Credit Card,Fashion,1,2,6,0,2.79,1,37.0,155.12,24.93,1,19.8,0
CUST103096,Male,20,Single,1,32,Computer,UPI,Mobile Phone,1,2,3,0,5.4,2,51.0,245.83,21.81,3,24.8,0
CUST103698,Male,38,Single,1,52,Computer,Credit Card,Mobile Phone,3,3,5,1,1.23,3,3.0,178.57,24.41,1,20.8,0
CUST104578,Male,63,Single,1,48,Mobile Phone,Credit Card,Mobile Phone,4,1,3,0,3.88,3,5.0,234.62,17.39,2,8.6,0
CUST100921,Female,53,Married,2,10,Mobile Phone,Debit Card,Laptop & Accessory,4,1,2,0,3.2,2,33.0,181.53,17.42,1,23.8,1
CUST100546,Male,62,Married,2,48,Mobile Phone,Debit Card,Fashion,2,4,1,0,4.64,1,24.0,132.95,2.37,2,19.2,0
CUST103690,Male,58,Single,1,1,Mobile Phone,UPI,Mobile Phone,5,3,3,1,0.44,1,48.0,80.78,22.29,1,13.7,0
CUST101900,Female,65,Single,1,71,Mobile Phone,Debit Card,Mobile Phone,5,3,3,0,1.88,3,38.0,131.72,14.81,1,6.8,0
CUST102028,Female,46,Married,1,41,Computer,UPI,Mobile Phone,2,3,2,1,1.25,0,46.0,140.27,29.48,1,23.9,0
CUST102301,Female,59,Single,2,23,Mobile Phone,UPI,Laptop & Accessory,1,1,6,0,2.88,1,61.0,89.78,27.65,1,16.9,0
CUST101885,Male,25,Single,1,23,Mobile Phone,Cash on Delivery,Grocery,5,3,2,0,2.3,7,51.0,202.02,11.35,2,11.7,0
CUST101642,Male,33,Married,2,2,Mobile Phone,Credit Card,Grocery,5,4,3,0,4.0,4,88.0,201.32,12.12,0,14.4,1
CUST104559,Female,56,Single,1,58,Mobile Phone,E-wallet,Others,2,4,1,1,2.1,3,40.0,254.52,30.14,3,17.0,0
CUST104824,Male,55,Single,2,67,Computer,UPI,Mobile Phone,2,5,7,0,1.47,6,37.0,136.0,11.55,1,24.5,0
CUST102097,Male,31,Married,1,53,Computer,UPI,Laptop & Accessory,1,3,5,0,0.56,2,42.0,155.32,8.74,2,18.3,0
CUST104371,Male,38,Divorced,1,0,Mobile Phone,Debit Card,Mobile Phone,4,3,3,1,1.09,2,83.0,175.97,16.43,2,20.1,1
CUST103585,Female,55,Single,3,50,Mobile Phone,Debit Card,Laptop & Accessory,5,3,5,0,5.08,1,7.0,174.99,13.96,1,21.6,0
CUST104508,Female,52,Single,2,64,Computer,UPI,Laptop & Accessory,5,3,6,0,2.15,0,2.0,225.93,9.04,2,15.4,0
CUST104982,Male,41,Married,3,35,Mobile Phone,Credit Card,Others,4,5,6,1,0.62,2,41.0,114.4,13.41,1,22.3,1
CUST100836,Female,41,Single,1,58,Computer,UPI,Fashion,5,4,5,0,0.58,1,86.0,237.16,31.86,0,12.0,0
CUST100601,Female,46,Single,3,14,Computer,Credit Card,Grocery,4,5,2,0,1.28,4,40.0,162.45,0.23,0,7.6,1
CUST102184,Female,20,Married,2,27,Computer,Credit Card,Mobile Phone,2,2,5,0,5.09,4,71.0,,0.0,1,23.6,0
CUST103889,Male,37,Married,1,51,Mobile Phone,Debit Card,Laptop & Accessory,3,2,1,0,0.22,3,1.0,188.03,15.76,3,8.7,0
CUST102498,Female,30,Single,1,57,Mobile Phone,UPI,Grocery,2,5,6,0,6.71,2,18.0,163.47,1.14,0,4.8,0
CUST104321,Female,48,Single,2,25,Mobile Phone,E-wallet,Grocery,3,5,1,0,0.24,8,2.0,108.73,27.07,2,13.8,0
CUST101582,Male,24,Single,1,68,Computer,Credit Card,Laptop & Accessory,3,3,5,0,0.69,5,65.0,99.79,20.45,1,10.4,0
CUST104280,Male,49,Married,2,59,Mobile Phone,Credit Card,Others,5,5,1,0,0.56,7,27.0,125.9,2.1,2,7.7,0
CUST104259,Male,33,Single,3,47,Mobile Phone,Credit Card,Fashion,2,4,4,0,3.45,4,,188.76,21.81,3,4.7,0
CUST104894,Female,37,Married,2,46,Mobile Phone,Debit Card,Laptop & Accessory,5,5,2,1,2.05,3,63.0,146.09,20.99,5,18.1,0
CUST101070,Female,37,Single,3,50,Computer,Cash on Delivery,Others,5,1,4,0,2.87,4,60.0,257.21,17.39,1,25.9,0
CUST101775,Female,26,Married,1,41,Mobile Phone,Credit Card,Grocery,1,1,4,1,4.31,3,17.0,144.21,3.19,2,20.9,0
CUST104823,Female,56,Married,3,45,Mobile Phone,Cash on Delivery,Fashion,1,2,6,0,1.49,6,64.0,177.55,13.3,3,20.7,0
CUST101283,Female,59,Married,1,18,Mobile Phone,UPI,Mobile Phone,5,3,2,1,3.49,3,18.0,178.35,20.75,2,2.2,0
CUST103941,Male,58,Single,1,48,Computer,Credit Card,Mobile Phone,3,2,2,0,3.58,5,36.0,166.0,12.92,0,10.7,0
CUST104768,Male,45,Married,1,25,Mobile Phone,Credit Card,Grocery,4,4,7,0,1.32,1,11.0,102.63,17.41,1,14.1,0
CUST101836,Male,59,Married,2,12,Mobile Phone,Debit Card,Mobile Phone,1,2,4,0,1.4,6,20.0,159.84,,1,29.3,0
CUST104256,Male,61,Single,1,19,Mobile Phone,Credit Card,Laptop & Accessory,1,3,4,0,1.96,6,80.0,187.63,26.68,1,18.2,0
CUST101019,Male,48,Divorced,2,42,Mobile Phone,Credit Card,Laptop & Accessory,3,3,6,0,0.51,3,77.0,255.92,18.27,2,17.1,0
CUST103226,Female,26,Single,2,57,Mobile Phone,E-wallet,Others,5,4,4,1,1.54,6,70.0,154.16,20.9,0,11.3,0
CUST101326,Male,24,Married,2,22,Mobile Phone,Credit Card,Fashion,4,3,3,0,2.67,3,87.0,194.47,24.02,3,16.4,0
CUST100475,Male,23,Married,1,31,Computer,Credit Card,Fashion,5,4,7,1,1.13,6,33.0,263.8,15.25,5,26.9,0
CUST103469,Female,23,Single,1,8,Mobile Phone,Credit Card,Grocery,4,2,1,0,1.36,1,69.0,111.54,7.26,0,15.9,0
CUST101651,Male,26,Married,2,15,Mobile Phone,Debit Card,Grocery,1,2,6,1,0.96,3,37.0,167.94,29.29,1,10.4,0
CUST104022,Male,65,Married,2,17,Mobile Phone,UPI,Fashion,4,5,4,0,2.29,1,87.0,109.73,20.44,1,17.8,0
CUST104299,Female,49,Married,2,32,Computer,Cash on Delivery,Laptop & Accessory,4,5,1,1,0.43,4,69.0,202.07,21.07,1,19.8,0
CUST102628,Male,25,Divorced,1,42,Mobile Phone,UPI,Grocery,1,2,3,0,2.03,1,74.0,218.76,19.42,1,12.9,0
CUST102780,Male,39,Single,1,21,Mobile Phone,Credit Card,Fashion,1,5,6,0,0.82,4,26.0,161.45,12.81,4,26.2,0
CUST103001,Female,65,Married,2,62,Mobile Phone,Cash on Delivery,Mobile Phone,3,5,3,1,1.42,1,72.0,101.0,7.89,1,23.7,1
CUST101373,Female,21,Married,3,26,Mobile Phone,E-wallet,Laptop & Accessory,1,5,1,1,1.51,3,38.0,153.56,14.27,0,6.6,0
CUST100739,Male,34,Married,1,49,Mobile Phone,Credit Card,Mobile Phone,5,1,6,0,5.52,5,85.0,159.82,10.44,1,12.3,0
CUST103752,Male,66,Divorced,3,40,Computer,Debit Card,Grocery,1,4,1,0,3.68,1,,212.4,11.91,3,8.3,0
CUST102457,Male,41,Married,2,9,Mobile Phone,Cash on Delivery,Fashion,3,2,6,1,0.78,3,56.0,241.72,8.81,1,4.6,0
CUST100867,Female,40,Single,1,12,Mobile Phone,Cash on Delivery,Mobile Phone,2,1,3,0,1.24,4,1.0,180.68,10.25,0,4.5,0
CUST101140,Male,21,Married,1,2,Mobile Phone,Credit Card,Laptop & Accessory,4,5,6,0,3.3,5,40.0,124.98,2.45,2,10.6,0
CUST100997,Male,19,Single,3,16,Computer,Credit Card,Mobile Phone,3,4,6,0,3.38,9,20.0,129.26,9.7,0,9.1,0
CUST101337,Female,52,Married,2,14,Mobile Phone,Debit Card,Laptop & Accessory,3,2,3,0,1.71,2,68.0,169.02,19.31,2,21.9,0
CUST100541,Female,67,Married,2,3,Mobile Phone,Cash on Delivery,Mobile Phone,1,5,1,0,2.16,2,62.0,120.41,17.07,1,8.0,0
CUST101099,Male,41,Divorced,2,49,Computer,Credit Card,Fashion,1,1,6,0,3.45,2,59.0,93.92,8.88,1,11.2,1
CUST101132,Male,50,Single,1,2,Mobile Phone,Cash on Delivery,Mobile Phone,5,1,6,1,1.27,1,51.0,39.65,,1,13.3,1
CUST104088,Male,23,Single,2,1,Mobile Phone,UPI,Mobile Phone,2,1,3,0,1.67,3,2.0,88.72,5.8,1,24.6,1
CUST102860,Male,66,Married,2,62,Computer,UPI,Grocery,2,2,1,1,2.41,3,47.0,163.71,10.39,3,10.6,1
CUST102258,Male,19,Single,1,59,Mobile Phone,UPI,Fashion,5,2,4,0,2.84,3,11.0,70.53,2.99,0,10.3,0
CUST104011,Male,41,Married,2,45,Mobile Phone,Credit Card,Mobile Phone,1,2,1,0,1.0,6,15.0,71.0,0.0,2,18.1,0
CUST100059,Male,19,Single,3,12,Computer,Credit Card,Mobile Phone,1,5,6,1,2.3,6,28.0,164.03,18.91,1,15.1,0
CUST104956,Female,36,Single,1,4,Mobile Phone,Debit Card,Mobile Phone,4,3,4,0,0.68,2,14.0,193.28,17.3,2,9.0,0
CUST101938,Male,49,Married,1,54,Mobile Phone,UPI,Others,4,5,5,1,,4,43.0,63.95,0.0,2,11.7,0
CUST102594,Male,66,Divorced,2,42,Mobile Phone,E-wallet,Others,1,4,6,1,3.02,4,81.0,215.18,9.6,1,32.2,1
CUST104951,Female,45,Married,2,7,Computer,Credit Card,Grocery,2,1,3,1,4.17,1,37.0,67.35,9.71,1,11.9,1
CUST101078,Female,56,Single,1,15,Computer,Debit Card,Fashion,2,3,4,0,0.43,5,40.0,92.41,7.85,1,19.6,1
CUST103129,Female,40,Married,1,14,Mobile Phone,UPI,Fashion,1,4,5,0,0.75,2,50.0,119.32,13.55,3,21.0,0
CUST103148,Female,36,Married,2,13,Computer,Credit Card,Laptop & Accessory,4,5,2,0,2.31,1,29.0,181.82,19.22,2,25.3,0
CUST102505,Male,40,Married,1,56,Computer,E-wallet,Grocery,1,5,1,0,1.35,1,46.0,151.42,32.52,2,14.7,0
CUST100940,Male,37,Single,2,27,Computer,UPI,Fashion,2,4,1,0,,4,,160.73,16.33,0,23.4,0
CUST101080,Male,22,Single,2,40,Mobile Phone,Credit Card,Fashion,3,3,6,0,0.36,3,34.0,152.34,0.0,0,22.0,1
CUST100187,Male,36,Married,1,58,Mobile Phone,UPI,Mobile Phone,4,5,1,0,2.18,1,79.0,136.36,7.96,2,18.3,0
CUST102978,Female,32,Married,1,8,Mobile Phone,Debit Card,Laptop & Accessory,5,2,2,1,,4,60.0,145.49,8.23,3,5.8,0
CUST102085,Male,58,Single,3,22,Mobile Phone,UPI,Mobile Phone,5,4,7,0,2.44,1,79.0,91.81,24.15,1,15.8,0
CUST102249,Male,21,Married,2,24,Computer,UPI,Grocery,5,1,1,0,4.36,7,88.0,60.59,13.23,3,21.4,0
CUST104905,Female,39,Divorced,2,58,Computer,Credit Card,Grocery,3,4,3,0,2.24,5,79.0,149.15,15.81,2,31.4,0
CUST102023,Male,54,Married,1,38,Computer,Cash on Delivery,Grocery,3,4,1,1,2.7,5,44.0,218.66,17.31,1,31.6,0
CUST102700,Female,65,Married,2,19,Mobile Phone,Cash on Delivery,Mobile Phone,4,2,5,0,0.39,5,,218.2,17.56,1,10.7,0
CUST104072,Male,27,Divorced,2,33,Mobile Phone,Cash on Delivery,Mobile Phone,5,2,3,0,3.39,2,59.0,86.64,19.91,3,8.2,0
CUST103630,Male,38,Single,1,15,Mobile Phone,Credit Card,Grocery,5,2,5,1,0.79,5,,136.3,14.02,0,22.8,0
CUST100226,Male,35,Single,2,27,Computer,Debit Card,Mobile Phone,2,5,6,1,2.87,4,30.0,109.57,7.87,4,17.4,0
CUST104149,Male,59,Single,3,3,Computer,Debit Card,Fashion,4,3,4,0,3.6,3,11.0,163.79,21.14,2,24.4,0
CUST101929,Male,54,Single,3,47,Computer,E-wallet,Others,1,2,4,0,3.19,2,89.0,110.33,9.29,2,16.5,0
CUST103076,Male,19,Single,2,63,Computer,UPI,Grocery,4,1,2,0,2.46,5,8.0,74.53,7.24,5,10.5,0
CUST104503,Male,44,Divorced,3,64,Computer,Debit Card,Mobile Phone,1,1,5,1,6.75,5,40.0,50.99,12.78,3,9.5,0
CUST101404,Male,61,Married,2,61,Mobile Phone,Cash on Delivery,Grocery,1,5,4,0,3.34,2,51.0,124.01,8.64,2,32.2,0
CUST102179,Female,55,Single,1,45,Mobile Phone,Debit Card,Others,2,4,4,0,1.27,4,77.0,152.1,7.94,3,1.3,0
CUST100697,Female,52,Single,2,15,Mobile Phone,UPI,Grocery,1,5,7,0,0.98,3,34.0,111.88,8.29,1,16.2,0
CUST101124,Male,50,Married,3,13,Computer,UPI,Fashion,4,2,1,0,2.15,2,75.0,276.83,10.58,1,10.1,0
CUST104836,Male,54,Divorced,2,25,Mobile Phone,UPI,Fashion,3,2,5,0,1.97,1,,37.52,25.56,2,10.2,0
CUST102939,Male,63,Married,1,38,Mobile Phone,Debit Card,Grocery,5,4,6,0,1.56,3,23.0,195.92,19.56,1,8.1,0
CUST101778,Male,67,Married,1,42,Computer,Credit Card,Grocery,3,5,2,0,0.38,6,16.0,133.41,12.6,2,21.4,0
CUST104332,Male,35,Married,1,19,Computer,Debit Card,Fashion,3,5,6,0,2.25,2,42.0,316.7,23.45,1,16.5,0
CUST101037,Male,25,Single,2,23,Computer,Debit Card,Laptop & Accessory,5,3,6,0,,3,20.0,157.09,23.61,2,11.7,0
CUST104348,Male,61,Married,3,5,Mobile Phone,Debit Card,Laptop & Accessory,5,5,7,0,2.52,5,41.0,216.52,20.72,1,25.9,0
CUST102256,Female,67,Married,2,18,Mobile Phone,Debit Card,Mobile Phone,2,5,6,0,3.13,2,80.0,317.46,13.31,1,17.4,1
CUST100313,Male,34,Married,3,57,Mobile Phone,Credit Card,Fashion,3,3,3,1,1.22,4,83.0,186.42,15.1,1,8.1,1
CUST102281,Male,27,Divorced,3,20,Computer,UPI,Grocery,3,3,5,1,4.15,3,74.0,138.75,26.14,2,10.9,0
CUST101416,Female,58,Married,3,60,Computer,Debit Card,Others,5,3,2,0,5.87,8,82.0,134.22,19.54,3,25.0,0
CUST101036,Male,41,Single,2,21,Mobile Phone,Debit Card,Laptop & Accessory,5,2,4,1,0.62,6,38.0,160.02,22.01,4,11.3,0
CUST102159,Male,62,Married,3,11,Computer,Debit Card,Laptop & Accessory,3,4,5,1,,2,63.0,156.96,29.09,1,21.0,0
CUST104176,Female,24,Married,2,64,Mobile Phone,Credit Card,Fashion,2,2,4,1,6.61,2,77.0,111.25,19.91,2,23.6,1
CUST101754,Male,40,Married,2,13,Computer,Credit Card,Laptop & Accessory,1,5,5,0,0.79,4,88.0,197.83,16.12,2,18.0,1
CUST103133,Male,47,Single,2,25,Computer,Debit Card,Grocery,3,2,2,0,2.86,4,66.0,180.22,14.87,3,26.1,1
CUST104232,Female,48,Married,3,10,Mobile Phone,UPI,Grocery,1,3,7,0,3.42,3,33.0,99.79,12.58,0,17.5,0
CUST103706,Male,42,Married,1,49,Mobile Phone,Cash on Delivery,Mobile Phone,4,2,2,0,0.44,3,68.0,154.92,36.36,0,11.3,0
CUST104160,Female,57,Married,2,16,Mobile Phone,Debit Card,Mobile Phone,4,5,4,1,6.6,1,24.0,74.94,23.58,6,12.3,0
CUST103366,Female,20,Divorced,2,53,Computer,UPI,Fashion,1,3,7,0,2.5,3,70.0,203.91,29.46,0,9.2,0
CUST103954,Male,63,Married,3,64,Mobile Phone,Credit Card,Laptop & Accessory,4,1,2,0,1.55,2,36.0,172.36,16.4,0,19.7,0
CUST101506,Female,35,Single,2,43,Mobile Phone,UPI,Mobile Phone,5,2,3,0,3.43,3,3.0,86.54,22.88,0,20.1,0
CUST101923,Male,26,Married,3,47,Computer,Cash on Delivery,Mobile Phone,2,5,6,1,4.12,2,85.0,180.8,14.98,0,8.2,0
CUST100448,Male,40,Divorced,1,57,Computer,Credit Card,Mobile Phone,4,4,5,0,1.35,2,56.0,225.44,24.46,0,25.4,0
CUST102460,Female,41,Married,3,7,Mobile Phone,UPI,Grocery,2,2,3,0,0.76,0,3.0,149.25,14.0,1,13.4,0
CUST104355,Female,68,Single,3,50,Mobile Phone,Credit Card,Mobile Phone,3,5,2,0,5.33,3,3.0,128.36,7.55,3,21.2,0
CUST104984,Male,31,Married,3,45,Computer,UPI,Grocery,2,1,5,1,1.62,1,50.0,46.92,6.41,1,20.2,1
CUST103676,Male,36,Married,2,0,Computer,E-wallet,Others,1,4,7,0,1.02,1,88.0,124.61,9.99,2,4.6,0
CUST100361,Male,52,Married,2,71,Mobile Phone,Debit Card,Laptop & Accessory,2,1,5,0,1.27,2,69.0,214.2,20.01,2,14.4,0
CUST102183,Male,24,Single,2,3,Mobile Phone,E-wallet,Mobile Phone,1,2,5,0,0.86,8,18.0,168.67,15.6,3,32.9,0
CUST101134,Female,63,Single,3,32,Computer,Debit Card,Fashion,1,2,6,0,1.18,6,35.0,203.97,14.0,0,14.0,0
CUST103904,Male,37,Single,1,43,Computer,UPI,Laptop & Accessory,1,3,2,0,1.22,8,,93.22,15.17,0,27.8,0
CUST102155,Female,36,Married,1,18,Mobile Phone,Cash on Delivery,Fashion,4,1,4,0,1.3,3,78.0,117.04,16.17,0,19.2,1
CUST101830,Male,47,Single,1,21,Mobile Phone,UPI,Fashion,1,2,1,0,2.47,3,67.0,249.48,17.71,5,3.8,0
CUST101053,Male,33,Married,2,27,Mobile Phone,Credit Card,Mobile Phone,4,5,5,0,2.68,6,45.0,196.02,24.69,1,11.3,0
CUST100022,Female,49,Married,1,50,Mobile Phone,Cash on Delivery,Laptop & Accessory,4,3,1,1,5.53,3,35.0,219.97,15.35,0,6.5,0
CUST102066,Male,32,Single,1,70,Computer,Cash on Delivery,Grocery,1,5,5,0,1.06,1,80.0,130.64,,4,10.3,0
CUST101653,Male,53,Married,2,50,Computer,Credit Card,Laptop & Accessory,5,3,1,0,1.66,4,35.0,246.43,29.78,2,22.8,0
CUST102605,Male,45,Married,3,9,Mobile Phone,Credit Card,Laptop & Accessory,4,4,7,0,2.85,2,65.0,136.92,33.76,1,15.8,1
CUST103231,Male,24,Single,2,60,Computer,E-wallet,Others,4,5,3,0,1.44,7,,147.31,14.69,2,24.0,0
CUST104616,Male,58,Married,1,2,Mobile Phone,Credit Card,Laptop & Accessory,2,5,5,0,0.96,2,12.0,118.72,30.39,1,16.8,0
CUST104060,Female,60,Single,1,28,Mobile Phone,Cash on Delivery,Others,4,4,4,0,0.73,1,51.0,,18.54,0,19.3,0
CUST102325,Female,35,Married,1,71,Computer,Debit Card,Others,5,1,3,0,5.79,3,45.0,153.78,13.6,3,16.8,0
CUST100460,Female,68,Married,3,56,Computer,Credit Card,Grocery,4,1,6,1,1.11,6,10.0,48.28,26.0,0,2.1,0
CUST101067,Female,36,Married,2,22,Mobile Phone,Cash on Delivery,Others,3,3,6,0,0.49,3,78.0,101.29,33.43,3,6.2,1
CUST100087,Male,38,Married,3,70,Mobile Phone,E-wallet,Fashion,1,4,1,1,1.82,3,64.0,213.94,15.78,2,1.0,1
CUST101430,Female,38,Married,1,5,Computer,UPI,Mobile Phone,5,5,4,0,0.66,4,23.0,125.43,20.71,0,13.5,0
CUST103336,Female,21,Single,1,65,Computer,Debit Card,Others,3,3,7,0,0.94,2,77.0,118.42,6.38,2,24.4,0
CUST100282,Male,20,Divorced,2,52,Computer,Credit Card,Grocery,2,5,1,0,5.78,1,83.0,207.46,13.04,0,10.0,0
CUST100462,Female,18,Married,1,61,Computer,Credit Card,Laptop & Accessory,3,5,5,0,1.25,3,68.0,166.66,32.65,1,10.3,0
CUST100212,Male,62,Married,1,49,Mobile Phone,Debit Card,Fashion,2,4,4,0,2.05,1,79.0,113.8,21.67,2,15.4,0
CUST103968,Male,69,Married,1,43,Mobile Phone,Cash on Delivery,Fashion,4,2,5,0,3.04,0,45.0,124.02,26.59,2,9.9,0
CUST101368,Male,62,Single,2,38,Mobile Phone,Credit Card,Mobile Phone,3,3,3,1,1.05,5,71.0,59.39,15.7,2,9.9,0
CUST100234,Female,60,Single,3,36,Mobile Phone,Credit Card,Others,2,1,2,0,1.25,2,61.0,141.19,18.21,1,8.8,0
CUST102789,Male,49,Single,1,28,Mobile Phone,Debit Card,Grocery,1,3,2,0,2.89,1,79.0,135.87,25.98,2,21.8,0
CUST100597,Female,31,Single,2,27,Mobile Phone,Cash on Delivery,Laptop & Accessory,5,4,1,0,4.28,1,39.0,105.68,20.8,1,19.0,0
CUST104434,Female,64,Married,1,45,Mobile Phone,Debit Card,Grocery,4,2,5,0,0.51,5,78.0,175.56,7.9,2,16.0,0
CUST102250,Female,30,Married,1,59,Mobile Phone,UPI,Laptop & Accessory,4,5,6,0,1.59,5,27.0,190.92,13.24,2,16.7,0
CUST104055,Female,31,,1,5,Mobile Phone,Debit Card,Grocery,5,5,1,0,0.93,0,24.0,143.54,9.35,2,9.6,0
CUST102283,Female,26,Single,1,71,Mobile Phone,Credit Card,Mobile Phone,5,1,5,0,3.3,4,78.0,48.92,16.38,3,10.6,0
CUST100662,Male,31,Divorced,3,32,Mobile Phone,UPI,Others,1,2,2,0,0.89,2,68.0,151.94,19.5,1,25.2,0
CUST104978,Female,24,Married,3,40,Mobile Phone,Credit Card,Mobile Phone,5,4,5,0,1.18,3,79.0,135.72,8.03,3,19.6,0
CUST102285,Male,22,Single,1,4,Mobile Phone,UPI,Laptop & Accessory,3,3,3,1,,2,45.0,147.87,16.69,1,14.0,0
CUST104731,Female,22,Single,1,30,Computer,Credit Card,Fashion,4,5,7,0,1.69,4,69.0,201.5,13.4,0,9.6,0
CUST103214,Male,23,Married,3,38,Mobile Phone,UPI,Mobile Phone,1,4,3,1,1.69,2,48.0,105.09,11.32,1,28.7,0
CUST102520,Male,22,Married,2,65,Mobile Phone,Debit Card,Grocery,3,1,2,1,2.94,3,85.0,56.66,16.72,3,15.2,1
CUST103453,Male,19,Married,2,71,Computer,Credit Card,Laptop & Accessory,4,3,5,0,5.12,3,49.0,182.22,16.49,2,11.6,0
CUST100779,Female,66,Single,2,47,Computer,E-wallet,Laptop & Accessory,3,4,5,1,1.7,6,33.0,181.05,18.97,0,18.9,0
CUST104826,Male,26,Divorced,3,16,Mobile Phone,Debit Card,Mobile Phone,1,4,1,0,1.26,2,11.0,174.85,3.79,1,17.5,0
CUST103447,Female,24,Single,1,49,Mobile Phone,Credit Card,Fashion,5,4,7,0,4.59,1,1.0,219.32,5.35,3,15.0,0
CUST103308,Female,33,Single,1,52,Computer,Credit Card,Others,2,3,1,1,0.48,3,17.0,259.68,19.85,0,5.0,0
CUST103887,Female,49,Single,3,21,Mobile Phone,Credit Card,Mobile Phone,2,4,6,1,1.18,1,88.0,198.76,15.02,1,13.9,0
CUST104850,Male,43,Married,2,11,Computer,Credit Card,Laptop & Accessory,4,4,4,0,2.46,3,89.0,50.04,18.22,0,18.9,1
CUST100685,Male,63,Single,2,5,Mobile Phone,Debit Card,Mobile Phone,4,4,1,0,0.12,5,27.0,166.3,,1,24.2,0
CUST103937,Female,49,Married,1,40,Mobile Phone,UPI,Fashion,3,1,7,0,4.73,9,45.0,70.82,20.2,0,11.5,0
CUST104327,Female,59,Single,1,60,Computer,Cash on Delivery,Laptop & Accessory,4,1,3,0,0.28,4,28.0,188.18,8.76,2,8.5,0
CUST103455,Female,32,Divorced,2,55,Mobile Phone,Credit Card,Fashion,5,2,5,1,1.13,2,71.0,214.62,9.82,1,18.2,0
CUST102171,Male,59,Married,3,26,Mobile Phone,Credit Card,Mobile Phone,1,3,5,0,0.65,5,28.0,78.28,2.53,4,7.6,0
CUST102685,Female,63,Single,2,10,Computer,Cash on Delivery,Fashion,4,2,3,0,1.96,4,10.0,255.14,21.37,4,22.6,0
CUST101850,Male,42,Married,1,22,Computer,Debit Card,Laptop & Accessory,2,4,4,0,0.69,3,86.0,158.31,14.06,2,16.4,1
CUST100487,Male,31,Married,1,65,Mobile Phone,Credit Card,Others,1,3,2,1,,3,31.0,151.45,23.48,0,28.1,0
CUST101688,Female,25,Married,2,39,Computer,Debit Card,Fashion,2,4,7,1,2.9,3,61.0,210.83,28.02,3,27.5,1
CUST102230,Male,21,Single,2,68,Computer,Credit Card,Laptop & Accessory,4,4,4,0,2.46,3,67.0,194.85,19.63,1,15.1,0
CUST103285,Female,28,Married,2,16,Mobile Phone,Debit Card,Mobile Phone,2,4,3,1,,1,14.0,158.31,21.33,1,10.9,0
CUST102320,Male,25,Single,2,22,Computer,Cash on Delivery,Mobile Phone,5,2,3,0,2.26,2,84.0,249.01,4.79,2,22.9,1
CUST100782,Male,40,Married,1,33,Computer,Credit Card,Fashion,3,5,2,0,1.91,1,18.0,153.91,18.74,1,17.1,0
CUST100521,Male,51,Married,2,25,Mobile Phone,UPI,Grocery,2,5,6,0,3.5,2,61.0,170.61,7.04,2,25.0,0
CUST100522,Male,35,Single,1,52,Mobile Phone,UPI,Fashion,4,4,6,1,1.32,1,68.0,,27.52,2,10.0,0
CUST102857,Male,42,Married,1,27,Computer,Debit Card,Grocery,5,1,6,0,1.81,1,36.0,121.92,23.43,1,7.3,0
CUST103976,Male,22,Single,1,9,Computer,Cash on Delivery,Fashion,2,3,6,1,1.6,5,85.0,141.35,17.59,1,15.8,1
CUST102398,Male,68,Married,1,16,Mobile Phone,UPI,Grocery,2,1,7,1,4.09,2,34.0,154.92,19.48,2,11.3,0
CUST102207,Male,61,Single,1,71,Computer,Debit Card,Laptop & Accessory,3,3,5,1,3.65,4,12.0,119.94,17.03,1,15.8,0
CUST103499,Female,53,Married,2,59,Computer,UPI,Mobile Phone,2,4,7,0,0.96,3,75.0,232.22,25.16,0,11.8,1
CUST103574,Male,51,Married,2,5,Mobile Phone,Debit Card,Fashion,3,3,5,1,0.2,5,8.0,202.67,18.11,0,9.2,0
CUST103761,Male,21,Single,2,33,Mobile Phone,UPI,Grocery,1,4,7,0,1.62,4,20.0,44.38,13.76,0,14.6,0
CUST102841,Male,35,Single,2,29,Computer,Cash on Delivery,Fashion,1,2,7,0,0.34,5,30.0,86.07,16.36,0,11.3,0
CUST101511,Male,49,Single,3,14,Mobile Phone,Debit Card,Mobile Phone,5,3,3,0,4.88,4,64.0,110.49,15.92,3,21.6,0
CUST101882,Male,50,,2,48,Computer,Cash on Delivery,Fashion,4,3,2,0,3.86,5,,107.41,17.3,1,4.1,0
CUST100651,Female,25,Married,2,14,Mobile Phone,Cash on Delivery,Fashion,3,4,2,0,4.07,1,23.0,157.79,1.12,0,7.6,0
CUST102805,Male,18,Divorced,1,56,Mobile Phone,UPI,Mobile Phone,1,2,7,1,1.82,5,41.0,230.79,8.56,1,18.3,0
CUST103673,Male,20,Married,1,30,Computer,Cash on Delivery,Others,2,4,6,0,,0,,64.95,16.41,4,14.6,0
CUST100369,Female,20,Single,3,1,Mobile Phone,E-wallet,Fashion,5,3,1,0,3.95,3,,156.23,27.88,2,15.3,0
CUST103892,Male,62,Married,3,10,Mobile Phone,Credit Card,Grocery,1,2,3,0,1.48,1,64.0,134.48,14.82,2,16.2,1
CUST100118,Male,44,Single,2,18,Mobile Phone,Credit Card,Laptop & Accessory,2,5,6,0,1.54,5,39.0,165.32,12.37,2,21.9,1
CUST103424,Male,63,Married,2,50,Computer,Debit Card,Mobile Phone,5,3,7,0,0.13,3,87.0,57.65,0.0,0,1.0,1
CUST103983,Male,31,Single,2,68,Computer,Debit Card,Grocery,5,4,5,1,1.04,3,43.0,132.91,20.63,2,16.5,0
CUST102216,Male,20,Single,2,47,Computer,UPI,Grocery,5,4,7,0,1.33,2,51.0,88.25,22.83,3,7.1,0
CUST103757,Male,53,Single,2,24,Mobile Phone,Credit Card,Fashion,2,4,1,0,0.46,2,47.0,169.05,26.23,1,12.5,0
CUST101613,Male,54,Married,3,49,Mobile Phone,Credit Card,Mobile Phone,1,3,3,0,1.19,3,31.0,296.45,10.96,2,1.0,0
CUST104921,Male,43,Married,3,33,Mobile Phone,UPI,Fashion,4,4,1,0,0.62,4,87.0,169.43,28.07,2,13.2,0
CUST100962,Male,22,Married,3,10,Mobile Phone,E-wallet,Fashion,5,3,5,0,5.47,0,22.0,65.62,10.83,2,4.4,0
CUST102510,Male,48,Married,1,63,Mobile Phone,E-wallet,Grocery,2,4,2,1,3.41,2,68.0,187.21,18.31,1,6.2,0
CUST103789,Female,26,Married,2,53,Mobile Phone,Credit Card,Fashion,4,3,2,0,0.72,3,10.0,181.19,30.57,3,14.1,0
CUST102842,Male,50,Married,3,47,Computer,UPI,Fashion,1,5,2,0,3.84,5,86.0,118.71,0.0,1,29.8,0
CUST103466,Female,28,Single,1,55,Mobile Phone,Debit Card,Fashion,2,2,4,1,4.12,1,57.0,143.12,18.65,3,8.6,1
CUST103142,Female,19,Divorced,1,5,Mobile Phone,UPI,Fashion,4,2,6,0,2.42,4,29.0,187.23,44.39,0,23.0,0
CUST102415,Male,33,Single,3,2,Computer,Cash on Delivery,Fashion,2,3,6,0,1.78,2,50.0,268.2,19.3,0,28.9,1
CUST104669,Male,38,Single,1,61,Mobile Phone,E-wallet,Fashion,2,5,1,0,3.64,2,23.0,9.59,25.99,1,21.0,0
CUST104250,Male,68,Single,2,10,Mobile Phone,Debit Card,Mobile Phone,1,1,1,0,1.96,2,16.0,161.62,7.21,0,25.0,0
CUST102185,Male,50,Married,1,62,Mobile Phone,Cash on Delivery,Others,3,2,3,0,2.27,4,5.0,149.39,15.58,2,23.4,0
CUST102934,Female,62,Single,3,30,Mobile Phone,UPI,Fashion,2,4,6,0,4.87,2,44.0,207.49,15.04,1,1.7,0
CUST102037,Male,56,Single,2,39,Computer,Debit Card,Mobile Phone,3,5,5,0,0.84,4,2.0,222.22,15.04,2,21.0,0
CUST104275,Male,30,Single,2,58,Computer,Debit Card,Mobile Phone,5,1,1,0,1.22,4,51.0,158.79,22.35,3,27.1,0
CUST100772,Female,52,Married,2,57,Computer,Credit Card,Laptop & Accessory,4,1,6,0,0.74,3,16.0,116.48,7.84,0,9.7,0
CUST101284,Female,50,Married,3,24,Computer,Credit Card,Others,5,1,2,0,0.44,5,79.0,150.19,23.5,1,21.4,0
CUST104618,Male,26,Single,2,23,Mobile Phone,Cash on Delivery,Mobile Phone,2,4,1,1,1.79,3,85.0,180.04,19.87,1,18.9,1
CUST104751,Female,25,Married,1,25,Mobile Phone,Credit Card,Grocery,2,4,4,0,2.56,4,22.0,94.14,8.42,2,6.2,0
CUST104590,Male,50,Single,3,15,Mobile Phone,Cash on Delivery,Fashion,4,5,2,0,2.16,3,79.0,219.51,14.46,1,6.3,0
CUST101414,Male,41,Married,3,48,Computer,Debit Card,Fashion,5,1,5,1,,4,17.0,202.95,25.16,3,14.5,0
CUST101234,Male,22,Divorced,2,57,Mobile Phone,Credit Card,Mobile Phone,1,5,4,1,9.67,2,86.0,108.71,16.76,2,5.8,0
CUST103182,Male,56,Married,1,2,Mobile Phone,Debit Card,Laptop & Accessory,4,2,7,0,3.57,3,,243.18,19.86,4,14.4,0
CUST100435,Male,19,Single,3,59,Mobile Phone,E-wallet,Mobile Phone,2,4,2,1,3.46,3,60.0,204.53,12.12,2,10.4,0
CUST101674,Female,64,Married,1,26,Mobile Phone,Cash on Delivery,Mobile Phone,2,2,1,0,0.42,4,16.0,17.63,4.85,4,19.5,0
CUST100365,Male,18,Married,1,32,Computer,UPI,Mobile Phone,4,4,7,1,9.41,5,36.0,135.52,20.97,1,29.2,0
CUST104237,Female,29,Single,2,42,Computer,Cash on Delivery,Mobile Phone,1,1,1,0,2.37,4,80.0,166.03,22.77,2,32.6,1
CUST100231,Male,66,Married,3,58,Computer,Debit Card,Fashion,5,1,7,0,1.88,2,31.0,152.33,12.46,0,28.6,0
CUST104281,Male,39,Married,1,52,Mobile Phone,Debit Card,Mobile Phone,1,4,4,0,1.98,2,53.0,76.02,8.34,1,24.0,0
CUST104065,Female,28,Married,2,69,Computer,Debit Card,Laptop & Accessory,3,5,6,0,0.38,2,45.0,222.77,8.83,0,23.6,0
CUST104870,Male,40,Single,2,8,Mobile Phone,UPI,Grocery,5,2,2,0,1.63,3,22.0,114.62,0.0,2,12.6,0
CUST100407,Female,41,Single,2,46,Computer,E-wallet,Grocery,4,5,4,1,1.69,3,29.0,144.88,8.73,3,26.0,0
CUST102090,Male,42,Single,2,37,Computer,UPI,Others,4,5,2,0,1.21,1,40.0,200.74,23.6,1,5.4,1
CUST100086,Female,46,Single,2,18,Computer,Credit Card,Laptop & Accessory,5,3,5,0,4.52,6,5.0,196.42,18.15,1,21.9,0
CUST100844,Male,57,Divorced,1,61,Mobile Phone,Cash on Delivery,Others,4,4,7,1,3.97,3,39.0,94.95,0.0,5,14.0,0
CUST101031,Female,69,Married,1,17,Computer,Debit Card,Grocery,3,5,4,1,1.72,9,61.0,262.74,12.47,1,18.8,0
CUST102649,Female,49,Married,2,63,Mobile Phone,UPI,Mobile Phone,1,2,4,0,0.38,2,88.0,178.09,27.69,1,14.5,0
CUST104534,Male,35,Divorced,3,69,Mobile Phone,E-wallet,Others,1,3,6,0,0.74,1,52.0,200.51,10.62,1,7.8,0
CUST102743,Female,20,Married,2,62,Computer,Cash on Delivery,Others,5,3,7,0,1.61,4,38.0,142.97,23.67,1,14.0,0
CUST103250,Female,28,Single,3,34,Mobile Phone,Credit Card,Fashion,1,3,1,0,1.8,1,67.0,114.53,12.29,1,12.3,0
CUST104628,Male,34,Single,2,24,Mobile Phone,Debit Card,Mobile Phone,2,5,4,1,2.47,4,86.0,202.15,15.14,0,15.8,1
CUST100855,Male,60,Divorced,1,31,Mobile Phone,Credit Card,Grocery,3,2,7,0,2.93,3,75.0,85.66,27.02,0,7.6,1
CUST100078,Female,67,Married,2,14,Mobile Phone,Cash on Delivery,Fashion,5,3,2,0,1.04,4,0.0,47.4,0.0,2,20.3,0
CUST102247,Female,35,Single,2,48,Mobile Phone,Debit Card,Laptop & Accessory,2,3,7,0,0.81,6,39.0,170.17,24.65,1,22.6,0
CUST104584,Female,24,Single,3,20,Mobile Phone,Cash on Delivery,Mobile Phone,2,1,5,1,1.34,7,83.0,238.9,17.64,0,20.3,0
CUST103985,Male,65,Married,1,63,Mobile Phone,Debit Card,Mobile Phone,2,2,6,0,1.13,3,76.0,127.76,12.53,1,19.0,0
CUST102932,Female,36,Single,2,67,Computer,Credit Card,Mobile Phone,1,4,4,1,3.84,1,19.0,161.23,16.02,5,18.7,0
CUST102929,Female,46,Married,2,26,Mobile Phone,UPI,Mobile Phone,1,3,7,0,2.69,2,33.0,94.52,3.19,3,10.3,0
CUST102279,Female,41,Single,2,1,Computer,UPI,Grocery,1,1,6,0,0.84,1,69.0,95.05,17.67,1,16.3,0
CUST104532,Female,68,Married,2,70,Mobile Phone,Debit Card,Laptop & Accessory,4,3,4,0,2.09,2,66.0,200.37,19.45,3,16.1,0
CUST104172,Female,26,Single,2,0,Mobile Phone,Debit Card,Laptop & Accessory,1,5,4,1,4.66,3,18.0,185.93,4.04,3,8.2,1
CUST103894,Female,65,Divorced,1,48,Mobile Phone,UPI,Fashion,1,5,3,1,1.95,4,63.0,110.95,21.6,1,9.2,0
CUST104125,Male,32,Married,3,4,Mobile Phone,Debit Card,Mobile Phone,5,1,6,0,3.25,3,67.0,156.0,12.77,1,1.6,0
CUST102176,Male,62,Married,2,42,Computer,Credit Card,Others,3,1,4,0,5.16,1,21.0,179.45,28.96,0,11.4,0
CUST100424,Female,25,Married,2,52,Computer,Credit Card,Laptop & Accessory,4,5,4,0,2.82,1,47.0,42.05,13.63,1,24.1,0
CUST100392,Female,52,Married,2,22,Mobile Phone,Credit Card,Laptop & Accessory,2,2,5,0,4.62,2,41.0,107.91,10.41,2,1.6,0
CUST104741,Male,33,Married,2,3,Mobile Phone,UPI,Mobile Phone,2,1,6,0,5.08,5,56.0,228.22,17.93,1,30.4,0
CUST104752,Male,21,Single,1,10,Computer,UPI,Laptop & Accessory,4,5,6,1,1.51,5,6.0,170.78,18.75,0,12.9,0
CUST100104,Female,43,Single,2,48,Computer,Debit Card,Grocery,4,1,5,0,0.58,7,42.0,192.34,23.03,3,7.9,0
CUST102992,Male,52,Married,1,8,Computer,Credit Card,Grocery,4,1,1,0,4.49,3,29.0,75.15,13.17,0,18.9,0
CUST103741,Male,53,Single,2,63,Computer,Credit Card,Laptop & Accessory,1,3,3,0,7.43,5,20.0,263.64,25.11,0,16.8,0
CUST101948,Male,27,Single,2,11,Mobile Phone,Debit Card,Fashion,4,2,5,0,4.43,2,49.0,365.82,24.36,1,17.1,0
CUST101459,Male,33,Single,1,47,Mobile Phone,Cash on Delivery,Fashion,4,2,6,0,3.25,5,89.0,253.66,37.9,2,14.9,0
CUST104387,Male,43,Married,2,4,Computer,Credit Card,Laptop & Accessory,2,5,6,0,2.24,6,27.0,139.95,20.05,3,21.5,0
CUST102822,Male,38,Single,1,19,Mobile Phone,Cash on Delivery,Fashion,4,2,6,0,2.44,5,59.0,60.67,5.2,0,11.1,0
CUST104410,Male,69,Married,1,23,Mobile Phone,Credit Card,Mobile Phone,2,5,3,0,1.48,5,7.0,190.39,15.09,2,31.5,0
CUST104804,Female,26,Single,2,42,Mobile Phone,Debit Card,Grocery,3,1,1,1,7.15,4,20.0,,20.45,0,11.2,0
CUST101587,Female,23,Divorced,1,0,Mobile Phone,Credit Card,Mobile Phone,2,4,7,0,1.19,2,86.0,166.42,24.42,1,5.8,0
CUST103683,Male,69,Married,2,0,Mobile Phone,Credit Card,Laptop & Accessory,4,5,5,0,1.1,1,50.0,199.0,18.56,2,13.6,0
CUST101731,Male,35,Married,1,70,Computer,UPI,Others,2,4,1,0,2.48,2,22.0,173.85,2.49,0,10.2,0
CUST104868,Male,63,Divorced,2,17,Mobile Phone,Cash on Delivery,Mobile Phone,5,4,1,0,0.85,5,37.0,137.29,22.22,3,7.1,0
CUST103737,Female,51,Married,1,55,Mobile Phone,Debit Card,Fashion,4,3,2,0,5.46,3,14.0,237.86,31.0,1,18.0,0
CUST103705,Male,54,Single,3,24,Computer,Cash on Delivery,Laptop & Accessory,4,1,3,0,1.4,3,75.0,190.03,0.53,4,16.9,0
CUST101791,Male,58,Married,2,38,Mobile Phone,Cash on Delivery,Mobile Phone,1,4,1,0,3.33,7,34.0,43.71,11.0,0,16.4,0
CUST102355,Female,36,Divorced,2,48,Mobile Phone,Debit Card,Grocery,4,3,1,0,0.93,2,84.0,212.77,15.38,4,16.5,1
CUST101940,Male,33,Married,2,22,Mobile Phone,Credit Card,Mobile Phone,3,1,2,0,3.93,5,3.0,139.58,14.48,1,15.6,0
CUST100702,Male,39,Single,1,49,Mobile Phone,UPI,Laptop & Accessory,2,4,6,0,1.34,1,72.0,142.27,0.64,1,12.4,0
CUST102442,Male,65,Married,2,20,Mobile Phone,Credit Card,Laptop & Accessory,4,3,5,1,2.1,2,54.0,246.49,4.01,2,18.8,1
CUST102833,Female,41,Single,1,38,Mobile Phone,UPI,Fashion,4,1,4,1,3.92,1,35.0,210.16,14.7,1,14.7,0
CUST100496,Male,46,Married,1,0,Computer,Credit Card,Mobile Phone,4,2,4,0,2.44,5,36.0,155.88,27.08,4,8.3,0
CUST100464,Female,28,Married,1,10,Mobile Phone,Credit Card,Mobile Phone,2,4,6,1,4.41,6,7.0,170.48,10.79,2,25.4,0
CUST102705,Male,57,Single,3,9,Computer,UPI,Fashion,3,1,7,1,4.72,4,84.0,157.62,4.15,1,5.9,0
CUST104347,Female,51,Single,3,38,Computer,Debit Card,Grocery,4,3,2,0,2.52,2,14.0,78.45,0.14,1,18.9,0
CUST100172,Male,44,Single,3,1,Computer,Debit Card,Fashion,5,3,2,1,1.9,5,7.0,89.59,21.87,1,10.0,0
CUST103094,Male,20,Single,1,6,Mobile Phone,Debit Card,Laptop & Accessory,4,4,6,0,4.58,4,55.0,127.85,,2,14.0,0
CUST104811,Female,18,Divorced,1,51,Mobile Phone,Debit Card,Fashion,3,2,7,0,1.88,5,83.0,,13.85,2,33.0,1
CUST102540,Male,60,Divorced,1,68,Mobile Phone,Cash on Delivery,Fashion,1,3,6,1,7.95,1,46.0,144.52,7.53,0,21.1,0
CUST104304,Male,19,Divorced,3,21,Mobile Phone,Credit Card,Fashion,4,1,2,1,1.46,2,64.0,193.87,13.9,4,6.4,0
CUST102970,Male,56,Married,1,70,Mobile Phone,Credit Card,Grocery,4,5,5,0,1.95,7,34.0,150.62,11.38,7,19.6,0
CUST102260,Female,23,Married,2,16,Mobile Phone,UPI,Fashion,2,5,6,1,,4,55.0,156.26,9.36,0,15.1,0
CUST102112,Male,66,Single,2,25,Mobile Phone,Debit Card,Laptop & Accessory,1,4,6,0,,4,50.0,172.59,11.76,2,5.9,0
CUST100900,Male,21,Single,1,69,Mobile Phone,UPI,Mobile Phone,5,2,6,0,5.55,5,58.0,93.13,8.73,4,21.5,1
CUST101446,Female,52,Married,3,7,Mobile Phone,E-wallet,Fashion,4,4,2,1,0.7,2,4.0,184.53,7.16,0,30.6,0
CUST103717,Female,29,Single,1,43,Computer,UPI,Grocery,1,1,5,0,0.57,3,9.0,207.43,1.18,1,19.3,0
CUST100741,Male,25,Married,3,2,Computer,Credit Card,Laptop & Accessory,2,5,6,0,1.34,2,13.0,212.49,9.68,0,11.6,0
CUST102293,Male,58,Single,2,49,Mobile Phone,Debit Card,Mobile Phone,4,5,2,0,0.72,4,56.0,156.99,20.62,3,33.2,0
CUST102452,Female,62,Divorced,2,62,Mobile Phone,Debit Card,Laptop & Accessory,2,3,5,0,0.71,3,62.0,191.06,13.58,1,7.9,0
CUST102640,Female,69,Married,2,4,Computer,Debit Card,Laptop & Accessory,5,3,7,0,0.96,1,72.0,195.56,2.52,2,26.3,1
CUST104100,Male,68,Single,1,68,Mobile Phone,UPI,Mobile Phone,2,4,6,1,0.48,2,79.0,162.05,13.29,0,15.9,1
CUST101206,Female,41,Divorced,2,2,Mobile Phone,Debit Card,Laptop & Accessory,2,1,5,0,1.78,3,13.0,145.98,17.83,1,18.0,0
CUST100509,Male,57,Single,3,30,Mobile Phone,Debit Card,Fashion,1,2,2,0,3.12,4,57.0,264.21,23.18,1,18.1,0
CUST102638,Female,51,Divorced,2,52,Mobile Phone,UPI,Mobile Phone,4,2,1,0,1.47,7,88.0,256.56,15.81,0,7.3,0
CUST103253,Male,51,Single,1,18,Mobile Phone,Credit Card,Mobile Phone,1,3,4,0,1.73,1,19.0,240.22,17.7,1,16.7,1
CUST103334,Male,67,Single,2,31,Mobile Phone,UPI,Grocery,1,2,1,0,2.02,4,68.0,74.14,16.07,1,29.7,1
CUST101549,Male,29,Married,2,19,Mobile Phone,Cash on Delivery,Mobile Phone,1,5,2,1,2.75,5,72.0,226.77,15.23,0,23.3,1
CUST103288,Male,56,Single,2,39,Mobile Phone,UPI,Fashion,1,4,7,0,2.54,4,49.0,264.79,6.05,1,12.4,0
CUST102202,Female,56,Married,2,54,Mobile Phone,Debit Card,Laptop & Accessory,5,2,7,0,0.69,2,15.0,155.22,0.0,1,11.2,0
CUST102566,Male,41,Single,2,9,Mobile Phone,UPI,Fashion,1,1,6,0,,6,16.0,106.84,4.06,1,16.1,0
CUST102697,Male,43,Married,3,57,Mobile Phone,Debit Card,Fashion,5,4,1,0,1.42,2,26.0,149.95,11.02,1,20.3,0
CUST102044,Female,56,Married,1,53,Computer,UPI,Grocery,2,5,3,0,5.43,1,26.0,76.4,9.0,1,13.1,1
CUST100767,Male,27,Married,2,51,Mobile Phone,Debit Card,Others,5,1,7,0,0.8,3,54.0,204.97,17.13,0,13.0,0
CUST104938,Female,32,Single,3,13,Computer,Cash on Delivery,Mobile Phone,5,5,2,0,0.64,3,71.0,138.16,6.01,2,17.8,0
CUST104196,Male,22,Single,1,49,Computer,Debit Card,Laptop & Accessory,1,2,1,0,1.35,2,36.0,190.66,15.69,3,26.7,0
CUST100421,Male,41,Single,1,31,Mobile Phone,UPI,Grocery,4,5,3,0,1.06,4,33.0,,25.2,1,14.0,0
CUST100123,Male,26,Married,1,21,Computer,E-wallet,Grocery,2,5,7,0,4.93,7,73.0,101.71,11.92,5,21.8,0
CUST104470,Female,48,Single,1,45,Mobile Phone,E-wallet,Fashion,5,1,5,0,5.19,4,70.0,181.91,17.05,3,7.9,0
CUST102646,Female,32,Married,1,54,Computer,UPI,Laptop & Accessory,3,3,7,0,0.95,5,89.0,135.38,9.11,3,30.2,0
CUST100819,Male,60,Married,1,26,Computer,UPI,Grocery,5,1,3,0,2.73,1,48.0,142.44,9.38,0,15.2,0
CUST101403,Male,23,Married,1,70,Mobile Phone,Debit Card,Laptop & Accessory,5,5,6,0,3.36,7,32.0,95.51,9.21,3,13.0,0
CUST101382,Female,22,Married,2,70,Mobile Phone,Debit Card,Laptop & Accessory,2,5,5,0,0.16,4,42.0,193.5,23.76,0,26.3,0
CUST102148,Female,23,Single,1,31,Mobile Phone,E-wallet,Fashion,3,2,3,0,0.77,3,6.0,111.5,16.84,1,19.0,0
CUST101575,Male,60,Single,1,65,Mobile Phone,Cash on Delivery,Grocery,5,3,2,0,2.28,5,81.0,55.82,29.5,0,16.5,0
CUST101638,Male,34,Single,3,55,Computer,UPI,Fashion,3,1,3,1,0.36,3,15.0,142.89,15.35,0,12.3,0
CUST101795,Male,61,Married,2,54,Mobile Phone,E-wallet,Others,5,4,1,0,4.2,3,68.0,,23.6,0,7.3,0
CUST104830,Female,37,Married,2,33,Mobile Phone,Credit Card,Laptop & Accessory,2,5,3,0,1.7,5,25.0,93.45,11.2,1,19.1,0
CUST100399,Male,46,Single,3,41,Mobile Phone,UPI,Fashion,4,1,4,0,3.07,5,77.0,277.21,15.04,2,18.8,1
CUST102310,Female,28,Married,3,21,Computer,UPI,Fashion,3,4,2,1,2.38,4,29.0,211.93,16.69,2,11.3,0
CUST100882,Female,37,Single,3,52,Computer,Credit Card,Laptop & Accessory,5,5,1,1,1.47,1,45.0,69.12,3.18,5,22.1,0
CUST104988,Female,18,Married,2,27,Mobile Phone,E-wallet,Mobile Phone,3,2,4,1,1.58,4,60.0,182.42,8.63,2,13.8,0
CUST102917,Female,44,Single,3,0,Mobile Phone,Credit Card,Laptop & Accessory,1,4,3,0,0.31,3,45.0,90.78,0.0,2,23.5,0
CUST101352,Male,48,Single,1,49,Mobile Phone,Credit Card,Mobile Phone,2,2,5,0,0.52,3,67.0,161.7,12.93,4,6.0,0
CUST103918,Female,30,Single,1,27,Mobile Phone,Cash on Delivery,Grocery,3,4,7,1,1.03,2,57.0,288.31,32.78,1,27.4,0
CUST104564,Male,55,Single,2,26,Computer,Credit Card,Mobile Phone,5,5,6,0,2.76,2,31.0,93.18,6.42,1,13.9,0
CUST102130,Male,67,Divorced,2,33,Computer,Cash on Delivery,Laptop & Accessory,2,1,6,1,2.15,2,11.0,277.11,19.29,1,25.2,0
CUST100982,Female,65,Married,1,58,Computer,Cash on Delivery,Fashion,5,5,1,1,5.81,1,77.0,231.64,20.08,1,17.1,0
CUST100456,Female,36,Married,2,66,Computer,Cash on Delivery,Grocery,4,2,1,0,4.33,2,88.0,154.55,15.57,2,3.5,0
CUST103553,Male,38,Married,3,61,Mobile Phone,UPI,Laptop & Accessory,5,3,6,0,0.64,2,37.0,219.19,9.6,2,13.5,0
CUST101079,Male,18,Single,3,60,Mobile Phone,Credit Card,Mobile Phone,4,4,6,0,1.06,0,89.0,229.45,9.52,1,16.9,1
CUST101950,Female,53,Married,3,27,Mobile Phone,E-wallet,Laptop & Accessory,5,3,3,1,3.97,3,39.0,202.8,,2,12.5,0
CUST104328,Female,19,Single,3,38,Mobile Phone,Debit Card,Grocery,1,1,5,1,7.46,4,13.0,197.16,10.85,1,17.6,0
CUST100689,Female,33,Divorced,3,7,Mobile Phone,E-wallet,Others,3,2,2,1,2.56,2,28.0,180.69,16.17,2,14.4,0
CUST102429,Female,30,Single,2,0,Computer,UPI,Others,4,5,5,0,0.72,2,34.0,141.6,14.45,2,19.7,0
CUST100641,Female,22,Single,3,46,Computer,UPI,Laptop & Accessory,2,5,1,1,,6,64.0,137.42,14.7,4,10.2,0
CUST102392,Male,42,Married,3,15,Mobile Phone,Credit Card,Grocery,2,1,4,1,1.38,4,8.0,228.64,16.57,1,15.1,0
CUST101953,Female,57,Married,3,57,Mobile Phone,Credit Card,Laptop & Accessory,5,1,1,1,1.72,0,41.0,134.77,21.75,3,4.7,0
CUST102767,Female,57,Married,1,1,Computer,UPI,Grocery,3,1,6,0,0.56,4,32.0,143.47,5.42,1,15.6,1
CUST103557,Female,36,Single,3,22,Mobile Phone,Debit Card,Fashion,4,1,3,0,0.62,4,33.0,56.5,11.15,1,22.5,0
CUST103456,Female,25,Married,1,56,Mobile Phone,Cash on Delivery,Laptop & Accessory,4,5,7,0,3.4,3,38.0,200.85,7.02,3,15.1,0
CUST103357,Male,19,Single,1,55,Mobile Phone,Credit Card,Others,4,4,6,1,3.08,1,46.0,131.91,17.76,0,37.4,1
CUST104781,Female,31,Married,2,41,Mobile Phone,Debit Card,Others,4,3,4,0,2.75,3,64.0,135.87,5.58,1,19.9,0
CUST102951,Female,20,Married,1,5,Computer,Debit Card,Mobile Phone,1,5,4,0,,0,6.0,124.8,16.38,1,17.7,0
CUST101884,Male,59,Married,1,0,Mobile Phone,Credit Card,Others,3,1,5,0,2.66,2,60.0,91.69,25.91,1,11.3,0
CUST100389,Female,63,Single,1,17,Mobile Phone,Cash on Delivery,Laptop & Accessory,3,5,1,0,1.28,2,19.0,99.91,21.35,0,21.2,0
CUST102494,Female,50,Married,2,56,Computer,UPI,Mobile Phone,3,4,1,0,1.5,4,24.0,174.76,13.05,3,28.1,0
CUST103138,Female,57,Married,1,10,Mobile Phone,Debit Card,Fashion,3,2,1,0,0.53,4,81.0,67.46,15.23,4,4.7,1
CUST104817,Male,48,Single,3,22,Mobile Phone,Debit Card,Fashion,1,3,7,0,3.51,1,1.0,193.44,2.41,1,21.4,0
CUST100845,Female,58,Single,3,58,Computer,Debit Card,Laptop & Accessory,2,4,3,0,0.61,4,56.0,96.38,0.0,1,20.9,0
CUST100542,Female,52,Single,1,17,Computer,Credit Card,Grocery,3,4,1,1,0.61,5,1.0,39.45,4.85,4,7.0,0
CUST100091,Female,69,Married,1,21,Computer,Credit Card,Fashion,5,5,1,0,4.53,2,58.0,144.74,6.58,1,9.9,0
CUST104597,Male,65,Single,1,4,Computer,E-wallet,Laptop & Accessory,5,5,6,0,3.41,2,53.0,227.58,12.39,0,12.4,0
CUST101979,Male,43,Divorced,3,51,Mobile Phone,UPI,Mobile Phone,1,4,5,0,0.95,1,58.0,242.97,16.82,1,3.2,1
CUST104623,Female,32,Single,2,27,Mobile Phone,UPI,Mobile Phone,4,4,3,0,1.15,5,52.0,,17.96,2,47.4,1
CUST104103,Male,29,Married,3,8,Mobile Phone,UPI,Laptop & Accessory,2,4,7,0,0.56,3,65.0,33.28,13.14,3,11.9,1
CUST102922,Male,26,Divorced,1,70,Computer,Cash on Delivery,Fashion,2,1,1,1,4.82,7,73.0,183.92,22.81,1,15.0,0
CUST102529,Female,41,Single,1,28,Mobile Phone,E-wallet,Mobile Phone,3,1,7,0,1.24,5,20.0,259.97,22.55,1,34.4,0
CUST101676,Female,63,Married,1,6,Computer,Credit Card,Laptop & Accessory,1,4,6,0,3.19,1,50.0,168.08,26.99,2,16.1,0
CUST101048,Female,20,Divorced,1,31,Mobile Phone,UPI,Grocery,2,5,7,0,3.08,1,73.0,188.45,19.19,3,12.7,1
CUST101960,Female,65,Divorced,2,7,Mobile Phone,UPI,Others,3,5,6,0,3.2,4,64.0,81.58,21.62,2,25.8,1
CUST102530,Female,37,Married,1,53,Computer,UPI,Fashion,2,3,3,0,,1,68.0,25.51,6.91,0,13.4,0
CUST102801,Male,26,Married,2,13,Computer,UPI,Mobile Phone,3,4,5,0,4.41,1,25.0,153.24,9.82,1,21.1,0
CUST100237,Female,20,Married,1,52,Computer,Credit Card,Others,4,4,4,0,1.23,4,43.0,102.2,8.75,0,26.0,0
CUST102986,Male,48,Single,3,56,Mobile Phone,UPI,Others,3,2,1,0,5.85,0,41.0,169.72,12.17,6,21.8,0
CUST104842,Male,45,Divorced,1,46,Mobile Phone,Cash on Delivery,Fashion,4,4,5,1,2.43,3,56.0,105.02,5.61,4,27.4,0
CUST101133,Female,52,Single,3,9,Mobile Phone,UPI,Grocery,4,2,6,0,5.66,1,20.0,226.59,8.49,1,21.9,0
CUST101805,Female,25,Divorced,2,42,Computer,Credit Card,Laptop & Accessory,1,2,4,1,0.41,3,87.0,241.01,6.7,4,24.3,1
CUST104345,Female,56,Single,1,66,Mobile Phone,UPI,Fashion,5,2,4,0,2.45,4,4.0,167.79,17.59,1,30.7,0
CUST100163,Male,48,Single,2,60,Computer,Credit Card,Mobile Phone,2,3,4,1,0.95,4,74.0,178.07,31.56,1,5.4,0
CUST104290,Male,47,Single,3,55,Mobile Phone,Debit Card,Mobile Phone,5,2,3,1,0.97,5,76.0,158.01,9.91,1,18.5,0
CUST104724,Male,55,Single,1,21,Mobile Phone,Debit Card,Grocery,2,2,7,0,1.27,5,88.0,43.72,25.81,0,13.2,1
CUST103364,Male,43,Single,1,44,Computer,Cash on Delivery,Mobile Phone,1,4,4,1,0.83,5,68.0,124.24,2.64,0,22.4,1
CUST104846,Male,54,Married,1,51,Computer,Debit Card,Grocery,2,2,7,0,1.96,2,27.0,148.27,21.82,1,14.1,0
CUST103220,Male,43,Married,2,49,Mobile Phone,UPI,Grocery,5,3,6,0,0.95,5,64.0,121.35,12.03,3,16.9,0
CUST103658,Female,22,Single,2,63,Mobile Phone,E-wallet,Fashion,3,5,6,0,6.38,4,29.0,189.64,16.75,3,11.3,0
CUST103963,Male,68,Single,2,25,Computer,Cash on Delivery,Fashion,4,5,7,0,2.39,3,19.0,179.63,23.7,0,12.9,0
CUST101811,Male,63,Divorced,2,59,Mobile Phone,UPI,Fashion,4,5,7,1,2.22,0,83.0,198.66,,1,14.5,0
CUST103131,Female,53,Single,3,43,Computer,Credit Card,Grocery,3,1,7,1,3.95,3,16.0,156.79,13.39,0,10.5,0
CUST103399,Female,46,Single,1,35,Mobile Phone,Debit Card,Laptop & Accessory,4,3,5,0,0.33,5,89.0,120.65,0.0,1,2.2,0
CUST101428,Female,51,Single,1,16,Computer,Debit Card,Grocery,3,3,1,1,0.34,5,,190.77,14.57,0,3.6,0
CUST104458,Male,58,Married,2,53,Computer,Debit Card,Laptop & Accessory,2,4,3,0,0.87,6,19.0,158.41,5.84,2,9.0,0
CUST102818,Male,24,Single,1,50,Computer,Debit Card,Mobile Phone,5,4,4,0,1.88,2,74.0,136.4,21.31,2,23.4,0
CUST104998,Male,42,Married,1,25,Mobile Phone,E-wallet,Mobile Phone,5,1,5,0,3.59,0,31.0,226.62,12.12,1,13.7,1
CUST104924,Male,56,Single,1,40,Computer,Cash on Delivery,Fashion,3,1,3,0,0.77,2,86.0,205.55,10.21,3,20.9,0
CUST104664,Female,40,Single,1,49,Computer,UPI,Mobile Phone,2,2,1,1,0.7,5,43.0,74.03,11.01,2,17.3,0
CUST104613,Male,21,Single,1,49,Mobile Phone,Debit Card,Laptop & Accessory,4,2,3,0,3.2,4,6.0,128.71,24.09,1,20.5,0
CUST101452,Female,58,Single,1,58,Mobile Phone,Credit Card,Fashion,2,5,2,0,0.9,3,66.0,137.13,16.82,2,10.6,0
CUST100593,Female,69,Married,2,17,Computer,Debit Card,Laptop & Accessory,5,5,4,0,4.92,6,45.0,209.02,20.95,2,1.0,0
CUST102725,Female,45,Married,1,61,Mobile Phone,Debit Card,Mobile Phone,5,4,5,1,1.23,6,38.0,275.99,21.92,2,27.7,1
CUST100041,Female,65,Married,2,4,Mobile Phone,Credit Card,Fashion,4,2,2,1,2.55,2,63.0,108.99,10.88,0,12.2,1
CUST100560,Male,57,Single,1,5,Computer,Debit Card,Mobile Phone,1,2,5,0,2.97,3,58.0,62.98,,2,20.4,0
CUST103221,Female,55,Married,2,70,Computer,Credit Card,Others,3,2,3,0,2.15,3,57.0,61.19,20.39,3,25.1,0
CUST103337,Female,27,Married,3,11,Mobile Phone,UPI,Others,4,1,7,0,1.41,3,18.0,81.75,25.9,0,13.1,0
CUST100243,Female,33,Divorced,1,53,Mobile Phone,Debit Card,Grocery,5,4,1,1,5.56,7,47.0,113.67,27.36,2,6.2,0
CUST101339,Male,61,Single,1,28,Mobile Phone,UPI,Fashion,1,1,7,0,3.99,2,35.0,114.92,17.54,0,17.8,0
CUST103764,Male,43,Single,2,69,Mobile Phone,Credit Card,Grocery,1,1,3,0,5.0,1,72.0,164.9,6.44,0,33.5,0
CUST103882,Female,66,Single,2,12,Mobile Phone,Debit Card,Fashion,3,4,5,0,2.23,3,60.0,148.47,11.58,1,20.5,0
CUST104361,Female,31,Divorced,1,41,Computer,UPI,Mobile Phone,3,5,1,1,0.34,3,79.0,217.41,3.18,2,22.4,0
CUST101442,Male,35,Single,1,68,Mobile Phone,Cash on Delivery,Laptop & Accessory,2,3,7,0,0.42,7,6.0,88.2,20.68,1,23.8,0
CUST100261,Female,33,Divorced,3,36,Mobile Phone,Credit Card,Mobile Phone,2,5,2,0,2.87,3,9.0,189.11,7.96,3,14.6,0
CUST104453,Female,19,Single,2,17,Mobile Phone,Credit Card,Mobile Phone,2,4,5,1,4.16,5,47.0,234.66,,1,20.8,1
CUST101689,Male,42,Married,2,59,Mobile Phone,UPI,Fashion,1,5,2,0,2.22,3,18.0,146.67,0.0,3,14.1,0
CUST101725,Male,51,Single,1,34,Mobile Phone,Debit Card,Fashion,3,4,7,0,0.96,4,86.0,133.28,24.25,2,8.5,0
CUST104085,Female,22,Single,1,31,Mobile Phone,Cash on Delivery,Mobile Phone,4,5,4,0,1.08,2,59.0,218.04,30.45,1,12.1,0
CUST100834,Female,24,Single,1,38,Mobile Phone,UPI,Grocery,1,2,1,0,3.68,4,2.0,231.45,5.28,0,11.7,0
CUST101866,Female,49,Single,1,32,Computer,UPI,Mobile Phone,4,5,5,0,3.25,4,79.0,173.71,19.35,3,26.2,0
CUST102496,Female,36,Divorced,2,0,Mobile Phone,Credit Card,Grocery,2,1,7,1,1.9,1,44.0,175.65,16.06,0,8.1,0
CUST102010,Male,25,Single,3,24,Mobile Phone,UPI,Fashion,2,4,3,0,0.71,2,0.0,16.68,7.75,1,11.6,0
CUST100340,Male,51,Single,3,38,Mobile Phone,Cash on Delivery,Others,4,4,5,1,6.27,2,6.0,42.5,17.37,1,17.0,0
CUST103008,Male,65,Single,3,47,Computer,UPI,Laptop & Accessory,2,4,5,1,2.49,1,83.0,29.43,31.01,0,20.6,1
CUST101601,Male,39,Single,1,50,Mobile Phone,UPI,Laptop & Accessory,1,2,4,1,1.0,4,60.0,233.9,10.43,2,16.3,0
CUST103760,Female,68,Married,2,61,Mobile Phone,UPI,Laptop & Accessory,3,5,5,0,5.78,7,16.0,195.69,20.07,1,14.6,0
CUST104709,Male,43,Married,2,7,Mobile Phone,Cash on Delivery,Grocery,4,5,2,0,1.24,2,39.0,172.95,13.63,1,7.7,0
CUST100480,Male,32,Single,3,39,Mobile Phone,Debit Card,Mobile Phone,3,1,3,0,1.93,3,18.0,242.04,24.58,2,35.5,0
CUST103074,Female,67,Married,1,23,Mobile Phone,UPI,Others,1,2,3,0,2.93,3,53.0,106.96,7.54,2,15.0,0
CUST103924,Male,58,Single,2,7,Mobile Phone,Debit Card,Fashion,5,4,2,0,2.13,9,31.0,79.08,15.43,1,8.8,0
CUST103621,Male,26,Married,2,16,Mobile Phone,Credit Card,Fashion,3,4,1,1,1.89,4,22.0,114.11,12.38,1,20.9,1
CUST104653,Male,68,Divorced,2,65,Mobile Phone,Credit Card,Mobile Phone,1,4,1,0,2.04,5,24.0,189.87,18.18,3,7.1,0
CUST103066,Male,57,Single,3,6,Mobile Phone,Debit Card,Fashion,3,2,6,0,2.63,3,52.0,225.74,8.79,1,14.9,0
CUST104711,Male,37,Single,2,6,Computer,E-wallet,Others,3,2,1,0,2.29,2,48.0,197.27,21.66,2,5.2,0
CUST101766,Female,55,Single,2,60,Mobile Phone,UPI,Fashion,5,4,4,0,4.55,6,72.0,149.88,33.13,0,17.2,0
CUST104487,Male,60,Married,3,46,Mobile Phone,E-wallet,Fashion,3,2,2,0,2.96,3,74.0,205.91,7.5,1,11.9,0
CUST102453,Female,43,Single,2,71,Mobile Phone,Credit Card,Fashion,1,2,1,0,,2,38.0,183.05,6.77,0,15.7,0
CUST102897,Male,53,Single,2,32,Mobile Phone,Credit Card,Mobile Phone,3,4,5,0,2.99,1,18.0,90.33,13.58,0,23.0,0
CUST103839,Male,48,Married,2,70,Mobile Phone,UPI,Laptop & Accessory,4,5,6,0,5.75,3,59.0,175.56,12.67,0,19.4,0
CUST104040,Male,44,Married,2,61,Mobile Phone,E-wallet,Laptop & Accessory,1,2,5,0,3.22,1,3.0,109.91,20.77,1,15.6,0
CUST104692,Female,18,Married,2,70,Mobile Phone,Credit Card,Mobile Phone,4,3,4,0,2.46,5,74.0,113.84,24.86,1,15.9,0
CUST103703,Female,37,Single,2,36,Mobile Phone,UPI,Grocery,4,1,1,1,0.86,4,68.0,116.38,2.63,1,31.6,0
CUST101271,Male,52,Divorced,1,30,Computer,Debit Card,Fashion,4,2,5,1,0.45,4,35.0,127.0,9.56,2,9.8,0
CUST103098,Male,67,Married,3,47,Mobile Phone,Cash on Delivery,Fashion,5,1,3,1,1.22,7,44.0,158.88,7.15,3,4.4,0
CUST104515,Male,65,Single,2,37,Mobile Phone,Cash on Delivery,Laptop & Accessory,2,3,2,0,6.01,7,45.0,215.09,29.43,0,5.8,0
CUST103778,Female,40,Single,1,70,Mobile Phone,Credit Card,Grocery,5,5,5,0,1.65,2,6.0,241.35,22.22,0,9.2,0
CUST104155,Male,69,Married,3,49,Mobile Phone,Debit Card,Grocery,2,1,3,0,0.82,6,25.0,52.17,10.19,1,1.0,0
CUST100347,Male,20,Single,2,28,Computer,E-wallet,Others,5,4,4,0,2.53,6,51.0,205.71,26.56,4,19.2,0
CUST103905,Female,24,Married,3,57,Mobile Phone,Cash on Delivery,Fashion,3,5,5,0,0.36,0,55.0,115.48,10.79,2,1.0,0
CUST104638,Male,52,Single,1,6,Computer,Debit Card,Others,5,5,2,0,3.1,1,76.0,150.35,21.56,2,21.4,0
CUST102562,Female,54,Married,2,28,Mobile Phone,UPI,Grocery,4,1,1,0,2.6,4,77.0,160.86,16.79,4,21.2,1
CUST104604,Female,23,Single,3,12,Mobile Phone,Debit Card,Laptop & Accessory,1,3,2,1,5.69,2,44.0,125.35,4.89,1,6.1,1
CUST101423,Male,46,Married,1,70,Computer,Credit Card,Fashion,1,4,2,0,5.03,4,44.0,85.62,13.73,1,9.8,0
CUST100656,Female,58,Single,2,28,Computer,Credit Card,Grocery,4,1,6,0,0.58,5,40.0,81.9,12.09,1,23.5,0
CUST102102,Female,25,Married,2,25,Computer,Cash on Delivery,Fashion,2,3,6,0,2.61,3,35.0,161.19,24.73,1,9.4,0
CUST100632,Male,46,Single,3,0,Mobile Phone,Debit Card,Fashion,1,3,5,0,0.65,3,,161.04,12.01,2,16.6,0
CUST104366,Male,37,Single,3,65,Mobile Phone,UPI,Grocery,4,2,6,0,1.04,1,46.0,129.77,9.55,1,1.0,0
CUST102493,Female,66,Single,3,49,Mobile Phone,Debit Card,Laptop & Accessory,5,2,5,0,8.2,3,52.0,163.63,10.5,1,23.0,0
CUST102665,Female,44,Single,2,6,Computer,E-wallet,Grocery,3,4,2,0,,6,13.0,150.25,22.64,0,29.6,0
CUST104925,Male,19,Married,2,10,Computer,UPI,Laptop & Accessory,3,2,1,0,1.37,2,52.0,82.26,34.06,1,14.6,0
CUST103686,Male,25,Single,2,25,Computer,Debit Card,Fashion,5,5,2,0,3.45,2,46.0,170.44,8.19,1,12.5,0
CUST103372,Female,19,Divorced,1,34,Mobile Phone,Debit Card,Others,3,5,5,0,2.38,3,35.0,151.92,35.28,1,14.0,0
CUST104025,Female,18,Married,1,18,Mobile Phone,Debit Card,Mobile Phone,2,5,4,0,5.81,0,61.0,106.14,0.0,0,13.2,0
CUST103618,Male,62,Married,1,66,Mobile Phone,Cash on Delivery,Fashion,5,1,6,1,1.98,7,55.0,101.13,24.42,0,13.0,0
CUST102500,Male,27,,2,37,Mobile Phone,Debit Card,Grocery,4,4,7,0,0.81,4,69.0,90.06,8.06,1,9.9,0
CUST101465,Female,53,Married,2,66,Mobile Phone,Cash on Delivery,Grocery,2,4,1,1,0.86,2,22.0,187.19,15.0,3,1.1,0
CUST104163,Male,61,Single,2,4,Mobile Phone,Debit Card,Mobile Phone,5,5,4,0,0.19,5,3.0,216.7,3.19,3,11.8,0
CUST100115,Female,46,Married,2,23,Mobile Phone,Credit Card,Laptop & Accessory,2,4,3,1,0.6,4,61.0,264.23,12.08,1,18.8,1
CUST101821,Male,67,Divorced,1,49,Mobile Phone,UPI,Laptop & Accessory,3,4,1,0,3.31,5,10.0,79.84,10.87,3,1.0,0
CUST101494,Male,66,Single,2,56,Mobile Phone,E-wallet,Fashion,3,1,3,0,1.92,3,4.0,47.18,25.89,3,21.0,0
CUST102401,Female,44,Married,3,19,Mobile Phone,Credit Card,Fashion,5,3,6,0,6.05,2,57.0,2.06,22.34,0,23.6,0
CUST101232,Male,25,Single,1,16,Mobile Phone,UPI,Fashion,2,2,3,0,3.08,4,78.0,182.67,4.7,0,4.2,0
CUST102661,Male,40,Single,1,4,Mobile Phone,Debit Card,Laptop & Accessory,4,5,6,0,5.3,3,29.0,175.62,17.07,0,14.2,0
CUST102892,Female,30,Divorced,1,67,Mobile Phone,Debit Card,Laptop & Accessory,5,2,4,0,1.64,5,16.0,99.29,30.64,1,6.7,0
CUST104587,Female,25,Single,1,3,Mobile Phone,Debit Card,Laptop & Accessory,4,3,4,0,3.6,4,69.0,159.07,13.9,0,4.3,0
CUST101153,Male,69,Married,3,0,Mobile Phone,Cash on Delivery,Laptop & Accessory,1,3,3,0,3.31,2,24.0,,14.18,1,13.5,1
CUST103872,Male,19,Married,3,65,Computer,Cash on Delivery,Mobile Phone,5,4,4,0,2.19,3,77.0,148.42,5.22,1,6.4,0
CUST100057,Female,48,Married,1,27,Computer,Cash on Delivery,Fashion,2,4,4,0,4.84,3,79.0,148.34,9.43,1,17.9,1
CUST103650,Male,37,Married,3,53,Mobile Phone,Cash on Delivery,Fashion,4,2,6,0,3.13,4,69.0,211.52,12.99,1,22.8,1
CUST104302,Female,22,Married,2,64,Mobile Phone,UPI,Others,1,2,7,0,1.57,5,68.0,267.0,15.15,1,7.1,0
CUST104960,Male,45,Married,1,30,Mobile Phone,Credit Card,Mobile Phone,3,2,4,1,6.31,0,19.0,131.23,,0,2.8,0
CUST101735,Female,55,Divorced,3,54,Mobile Phone,UPI,Fashion,5,5,7,1,1.64,2,23.0,151.4,17.47,0,24.8,0
CUST102196,Male,19,Married,1,47,Mobile Phone,Debit Card,Fashion,4,3,3,1,0.8,3,49.0,131.0,15.86,2,10.8,0
CUST103575,Male,55,Married,3,40,Computer,UPI,Others,4,4,4,0,2.39,2,38.0,136.78,18.42,2,21.5,0
CUST102475,Male,52,Married,2,24,Mobile Phone,UPI,Grocery,4,4,3,0,1.88,3,71.0,288.71,34.92,0,30.2,0
CUST102564,Female,57,Married,1,41,Mobile Phone,Debit Card,Others,2,3,5,0,6.51,4,31.0,147.08,23.98,3,9.1,0
CUST103179,Male,44,Married,3,30,Computer,Cash on Delivery,Laptop & Accessory,4,4,3,0,2.21,2,32.0,112.68,15.91,4,16.4,0
CUST104058,Male,69,Single,1,7,Mobile Phone,Credit Card,Fashion,1,2,6,0,1.14,4,67.0,267.75,9.35,1,24.2,0
CUST103679,Male,64,Married,1,22,Mobile Phone,Debit Card,Fashion,1,5,1,0,0.17,5,73.0,214.38,22.07,2,25.6,0
CUST100707,Female,51,Divorced,2,34,Mobile Phone,Credit Card,Fashion,5,4,1,0,5.68,4,47.0,106.47,14.53,4,14.2,0
CUST104294,Female,36,Single,2,2,Mobile Phone,E-wallet,Others,1,3,1,1,6.05,4,9.0,113.05,9.69,3,18.6,0
CUST101093,Male,68,Single,1,51,Computer,Debit Card,Grocery,4,3,5,0,6.64,4,32.0,89.51,19.35,2,9.3,0
CUST104460,Male,67,Single,2,50,Computer,Cash on Delivery,Fashion,4,1,7,1,3.76,3,52.0,232.08,0.0,2,14.0,0
CUST101376,Female,68,Single,3,35,Computer,Debit Card,Others,5,5,5,1,4.24,3,52.0,79.27,20.97,1,17.0,0
CUST104928,Female,47,Married,2,44,Mobile Phone,UPI,Mobile Phone,3,3,3,0,,4,25.0,138.62,8.61,0,30.1,0
CUST100072,Female,37,Single,1,44,Mobile Phone,Credit Card,Laptop & Accessory,2,3,6,1,6.9,4,36.0,222.15,18.51,0,24.9,0
CUST101922,Male,22,Married,2,34,Computer,Debit Card,Others,1,3,1,0,3.88,4,67.0,133.87,31.97,1,1.0,1
CUST103194,Female,64,Single,1,8,Mobile Phone,Cash on Delivery,Others,4,4,6,0,2.37,2,28.0,115.2,18.88,0,25.8,0
CUST101764,Male,43,Divorced,3,19,Computer,Credit Card,Others,4,4,1,1,11.4,3,25.0,127.67,17.69,1,11.3,0
CUST100743,Male,69,Married,3,3,Mobile Phone,Debit Card,Laptop & Accessory,3,4,1,0,3.24,2,80.0,74.28,14.05,3,22.9,1
CUST104207,Male,21,Married,3,28,Computer,Debit Card,Mobile Phone,3,2,1,0,0.77,3,20.0,194.27,23.77,2,16.7,1
CUST101005,Male,23,Divorced,1,20,Mobile Phone,Credit Card,Grocery,1,1,4,1,1.82,3,79.0,207.42,4.69,4,22.5,1
CUST102668,Female,61,Married,2,61,Mobile Phone,UPI,Laptop & Accessory,2,5,5,0,0.88,5,23.0,71.37,12.59,4,4.7,1
CUST101190,Male,30,Single,2,0,Computer,Debit Card,Fashion,4,3,7,1,4.86,3,87.0,206.34,28.18,1,11.6,1
CUST103633,Male,50,Single,1,63,Mobile Phone,UPI,Mobile Phone,5,3,3,0,2.51,3,31.0,198.64,15.48,2,1.0,0
CUST102601,Female,28,Single,3,12,Mobile Phone,UPI,Mobile Phone,2,4,1,0,1.11,4,36.0,73.2,14.81,2,8.9,0
CUST101125,Female,23,Married,1,39,Computer,Credit Card,Mobile Phone,5,1,1,0,1.72,1,27.0,83.38,18.5,0,20.4,0
CUST101241,Male,41,Married,1,27,Mobile Phone,E-wallet,Laptop & Accessory,2,5,4,0,1.61,1,50.0,154.61,23.74,2,31.1,0
CUST104773,Male,46,Married,1,53,Mobile Phone,UPI,Grocery,5,1,4,1,2.73,5,44.0,170.56,19.44,0,11.8,0
CUST104331,Female,39,Married,2,53,Computer,UPI,Others,2,1,6,1,0.62,4,72.0,201.46,24.06,1,26.2,0
CUST103463,Male,46,Married,1,57,Computer,UPI,Mobile Phone,5,5,7,1,1.03,4,34.0,174.54,8.74,3,9.4,0
CUST100998,Female,46,Married,2,47,Computer,Debit Card,Fashion,2,2,3,0,3.01,3,87.0,121.47,11.5,1,11.6,0
CUST103407,Male,24,Married,2,25,Mobile Phone,E-wallet,Laptop & Accessory,4,1,2,0,1.17,1,22.0,178.11,18.64,1,7.8,0
CUST102684,Male,22,Married,1,25,Mobile Phone,Debit Card,Laptop & Accessory,4,5,1,1,3.27,5,66.0,50.68,22.4,1,16.1,0
CUST101577,Female,60,Single,1,25,Computer,UPI,Laptop & Accessory,3,3,3,1,3.3,4,39.0,53.89,21.94,2,7.0,1
CUST104805,Female,34,Married,2,51,Computer,Debit Card,Others,2,3,3,0,0.43,4,38.0,161.83,25.55,2,15.5,0
CUST101826,Male,46,Married,2,45,Mobile Phone,Cash on Delivery,Laptop & Accessory,5,2,1,0,,6,20.0,119.39,14.57,1,27.9,0
CUST103313,Female,49,Single,3,33,Mobile Phone,Cash on Delivery,Mobile Phone,3,4,5,1,2.14,1,31.0,195.7,20.22,3,21.4,0
CUST104807,Female,44,Married,1,36,Mobile Phone,Debit Card,Fashion,2,4,3,1,,4,18.0,90.97,17.13,2,16.2,1
CUST103558,Female,44,Single,3,70,Mobile Phone,Cash on Delivery,Mobile Phone,4,4,2,1,3.47,4,63.0,264.62,17.24,1,3.8,0
CUST100440,Female,43,Single,1,30,Computer,Credit Card,Fashion,1,4,5,0,1.71,3,11.0,81.1,12.2,3,19.3,0
CUST104966,Male,26,Married,3,26,Mobile Phone,Debit Card,Others,2,3,3,1,0.81,2,28.0,131.97,16.18,0,9.9,1
CUST101100,Male,64,Married,3,64,Mobile Phone,Credit Card,Others,4,4,5,1,2.84,6,52.0,47.29,18.95,3,22.6,0
CUST104034,Male,45,Divorced,2,29,Mobile Phone,UPI,Mobile Phone,5,5,1,0,3.1,5,5.0,175.04,10.61,3,8.3,0
CUST104001,Male,56,Divorced,2,49,Mobile Phone,Cash on Delivery,Grocery,3,4,2,0,3.36,3,49.0,175.73,15.7,3,12.6,0
CUST100649,Male,25,Single,1,71,Mobile Phone,Debit Card,Mobile Phone,1,4,6,1,4.56,6,68.0,106.95,9.24,2,24.4,0
CUST101546,Male,69,Single,2,51,Computer,Debit Card,Mobile Phone,4,2,7,0,1.96,7,87.0,193.88,14.62,2,4.7,0
CUST103560,Female,32,Single,1,40,Mobile Phone,Debit Card,Fashion,4,5,6,0,1.81,3,6.0,92.61,17.08,1,9.3,0
CUST104831,Male,61,Divorced,2,21,Mobile Phone,E-wallet,Laptop & Accessory,4,2,4,1,2.51,2,53.0,150.52,6.41,3,6.2,0
CUST103184,Male,39,Married,2,27,Computer,Debit Card,Mobile Phone,4,1,1,0,1.83,2,15.0,182.03,6.96,2,23.3,0
CUST103207,Male,26,Divorced,3,51,Computer,E-wallet,Laptop & Accessory,1,5,3,1,3.1,2,28.0,185.78,8.5,6,27.9,0
CUST103765,Female,38,Married,2,35,Computer,Credit Card,Grocery,1,3,3,1,0.3,2,66.0,194.31,6.06,3,10.7,0
CUST100630,Female,24,Married,1,39,Mobile Phone,Credit Card,Grocery,1,4,3,1,4.25,3,29.0,184.13,21.15,1,23.0,0
CUST100672,Female,35,Married,1,18,Computer,Credit Card,Grocery,4,4,5,0,2.83,6,3.0,199.6,7.59,4,10.7,0
CUST101249,Female,18,Married,2,67,Computer,Credit Card,Mobile Phone,1,2,4,0,1.47,2,68.0,250.17,26.66,1,21.1,0
CUST100482,Female,68,Married,3,56,Mobile Phone,Credit Card,Mobile Phone,5,2,4,0,1.54,1,17.0,261.81,18.97,2,7.3,0
CUST101584,Female,35,Divorced,3,7,Mobile Phone,Credit Card,Mobile Phone,1,2,7,0,2.13,6,56.0,168.64,14.04,4,4.6,1
CUST103095,Male,47,Single,2,29,Computer,Debit Card,Mobile Phone,3,3,5,1,1.08,5,48.0,106.64,15.27,1,4.3,0
CUST104743,Male,61,Single,2,59,Mobile Phone,E-wallet,Fashion,3,2,5,0,3.16,8,39.0,147.25,7.88,3,10.7,0
CUST103058,Male,30,Married,2,45,Mobile Phone,UPI,Laptop & Accessory,1,4,4,0,2.17,5,30.0,0.0,22.07,0,15.0,0
CUST101462,Male,48,Single,2,38,Mobile Phone,Credit Card,Fashion,2,1,1,1,3.25,4,46.0,84.08,22.55,0,9.7,0
CUST104073,Male,23,Divorced,2,61,Computer,Credit Card,Fashion,1,4,7,1,0.49,2,84.0,116.94,18.75,2,17.0,0
CUST104915,Female,59,Married,1,9,Mobile Phone,Debit Card,Mobile Phone,1,4,3,0,4.31,2,50.0,156.61,12.88,0,1.0,0
CUST102578,Male,37,Married,1,62,Mobile Phone,UPI,Laptop & Accessory,3,1,1,1,1.54,5,18.0,124.49,24.92,2,2.3,0
CUST103825,Female,52,Married,2,17,Mobile Phone,UPI,Mobile Phone,3,1,3,0,1.16,4,47.0,251.45,9.55,0,12.5,0
CUST100049,Male,51,Divorced,2,13,Mobile Phone,UPI,Grocery,1,2,3,1,5.05,3,84.0,232.61,21.57,0,21.5,1
CUST104303,Male,56,Divorced,1,57,Mobile Phone,Credit Card,Mobile Phone,3,2,2,0,0.62,3,78.0,126.61,20.69,2,20.6,0
CUST103077,Female,44,Married,3,25,Computer,Credit Card,Grocery,3,2,7,0,1.34,3,21.0,112.2,10.81,1,10.0,0
CUST100858,Male,25,Married,2,15,Mobile Phone,Debit Card,Mobile Phone,2,3,4,0,1.17,3,67.0,213.02,10.16,0,2.7,0
CUST101072,Male,41,Married,3,55,Computer,Credit Card,Laptop & Accessory,1,3,5,1,2.06,1,16.0,297.58,0.0,0,15.9,0
CUST100719,Female,60,Married,2,53,Mobile Phone,UPI,Grocery,1,1,2,1,1.55,2,75.0,73.97,20.88,2,20.0,0
CUST103605,Male,43,Single,2,17,Mobile Phone,UPI,Fashion,3,4,1,0,5.31,6,19.0,134.13,20.66,2,15.3,0
CUST102631,Male,44,Married,2,22,Computer,Debit Card,Fashion,4,5,7,0,3.97,3,74.0,230.97,23.79,0,13.3,0
CUST104888,Male,55,Single,3,28,Mobile Phone,UPI,Others,5,5,7,1,1.54,6,25.0,,19.74,1,18.1,1
CUST101660,Male,38,Single,3,21,Mobile Phone,Debit Card,Laptop & Accessory,5,1,7,0,2.22,0,44.0,164.05,14.06,1,16.0,1
CUST101656,Male,35,Single,1,47,Mobile Phone,Cash on Delivery,Laptop & Accessory,2,4,3,1,0.72,5,12.0,0.0,7.7,4,1.0,0
CUST102425,Female,37,Divorced,1,56,Computer,Debit Card,Laptop & Accessory,2,3,6,1,4.18,2,33.0,149.01,12.52,3,1.2,0
CUST104607,Male,42,Divorced,2,52,Mobile Phone,Credit Card,Laptop & Accessory,2,1,6,0,1.88,3,74.0,231.56,2.94,1,15.0,0
CUST104242,Male,51,Married,3,53,Mobile Phone,Credit Card,Mobile Phone,5,3,7,0,1.6,3,44.0,127.21,18.67,2,16.7,0
CUST104989,Male,64,Single,3,25,Mobile Phone,Cash on Delivery,Others,1,1,5,0,3.08,2,86.0,78.9,11.92,1,10.9,0
CUST104457,Female,27,Divorced,1,43,Mobile Phone,E-wallet,Laptop & Accessory,5,5,4,0,2.85,4,40.0,184.29,15.28,2,18.6,0
CUST104490,Female,54,Married,3,2,Mobile Phone,UPI,Mobile Phone,4,3,1,0,2.26,2,54.0,121.28,12.09,2,13.3,0
CUST103326,Male,60,Single,3,71,Computer,E-wallet,Mobile Phone,5,3,4,1,0.51,5,33.0,141.51,11.47,6,1.3,0
CUST104766,Female,28,Single,1,31,Mobile Phone,Debit Card,Mobile Phone,1,4,1,0,2.69,3,27.0,62.65,10.96,2,1.0,0
CUST104139,Female,54,Married,3,45,Computer,Debit Card,Laptop & Accessory,4,1,5,0,1.59,1,31.0,126.13,4.4,2,14.3,0
CUST102606,Female,49,Married,2,70,Mobile Phone,Credit Card,Mobile Phone,3,2,5,0,2.09,3,43.0,152.37,12.13,2,16.7,0
CUST101385,Male,45,Single,1,8,Mobile Phone,Cash on Delivery,Fashion,2,1,3,0,0.55,6,37.0,174.61,11.2,2,21.8,0
CUST103859,Male,68,Married,3,60,Computer,UPI,Mobile Phone,5,1,2,1,2.49,6,72.0,,10.53,1,22.4,0
CUST101399,Male,20,Married,3,14,Mobile Phone,Debit Card,Mobile Phone,3,5,6,1,3.08,1,17.0,113.58,0.52,1,23.4,0
CUST101195,Male,39,Married,2,38,Mobile Phone,Debit Card,Grocery,5,5,7,0,2.73,3,73.0,192.3,17.8,1,19.1,1
CUST101408,Female,52,Married,2,65,Mobile Phone,UPI,Grocery,3,5,2,0,3.21,2,4.0,98.65,15.0,4,8.8,0
CUST103848,Male,46,Divorced,3,20,Mobile Phone,Cash on Delivery,Laptop & Accessory,3,3,6,0,2.32,2,54.0,174.9,29.56,1,17.0,0
CUST101798,Female,67,Single,1,63,Mobile Phone,Credit Card,Fashion,1,3,1,0,1.48,2,26.0,202.83,7.05,2,18.7,0
CUST101475,Male,52,Married,1,37,Mobile Phone,Debit Card,Laptop & Accessory,2,1,7,1,4.17,5,65.0,147.89,12.47,3,8.2,0
CUST103271,Female,31,Divorced,2,50,Computer,UPI,Grocery,1,4,5,0,0.63,3,16.0,46.95,3.92,2,22.8,0
CUST100035,Male,43,Single,3,48,Mobile Phone,UPI,Others,4,3,2,0,0.66,3,33.0,149.11,17.61,0,10.2,0
CUST103563,Male,37,Single,1,71,Mobile Phone,Credit Card,Fashion,5,4,2,1,3.5,4,30.0,186.88,23.25,0,22.1,0
CUST102345,Male,38,Single,2,70,Computer,Cash on Delivery,Mobile Phone,5,5,6,1,0.62,4,14.0,160.95,11.09,1,13.4,0
CUST103230,Male,55,Single,2,29,Mobile Phone,UPI,Laptop & Accessory,5,2,6,0,2.57,1,76.0,123.93,14.68,4,6.9,1
CUST102359,Male,40,Married,3,49,Mobile Phone,Credit Card,Mobile Phone,2,3,1,0,0.74,4,11.0,155.39,36.56,2,9.6,0
CUST102206,Female,32,Married,2,25,Mobile Phone,Credit Card,Laptop & Accessory,4,2,6,0,6.57,6,13.0,138.38,12.0,0,22.5,0
CUST104771,Male,59,Single,2,62,Mobile Phone,Credit Card,Fashion,2,4,1,1,0.48,0,3.0,189.47,14.3,3,10.0,0
CUST101286,Male,20,Married,3,49,Computer,Debit Card,Mobile Phone,3,1,7,0,1.29,3,23.0,189.79,21.03,2,14.8,0
CUST100349,Male,27,Single,3,33,Mobile Phone,Cash on Delivery,Mobile Phone,5,2,3,0,0.86,5,38.0,311.33,14.0,3,24.0,0
CUST102137,Female,33,Single,3,49,Mobile Phone,Credit Card,Fashion,5,2,7,0,2.48,3,88.0,204.73,6.67,0,20.3,0
CUST102691,Male,51,Single,2,42,Computer,Cash on Delivery,Grocery,2,4,1,0,7.13,4,49.0,56.23,17.63,2,13.1,0
CUST104853,Male,69,Married,1,47,Mobile Phone,Cash on Delivery,Mobile Phone,2,5,1,0,0.47,0,61.0,218.71,26.02,2,6.2,0
CUST104574,Female,66,,2,43,Mobile Phone,Cash on Delivery,Fashion,4,3,1,0,2.67,2,56.0,148.46,19.71,1,14.3,0
CUST101681,Female,37,Married,2,11,Computer,Debit Card,Laptop & Accessory,3,3,5,0,2.46,4,52.0,184.83,3.59,0,16.3,0
CUST104634,Female,19,Married,1,56,Mobile Phone,Debit Card,Mobile Phone,4,5,6,0,2.62,4,44.0,178.19,16.04,0,18.2,0
CUST101443,Male,21,Married,1,56,Computer,Credit Card,Mobile Phone,2,4,5,0,2.92,3,3.0,157.15,4.56,1,9.6,0
CUST103264,Male,50,Single,1,2,Mobile Phone,Credit Card,Laptop & Accessory,5,3,3,0,1.24,2,27.0,149.9,20.38,0,23.9,0
CUST101671,Female,23,Divorced,2,49,Mobile Phone,UPI,Mobile Phone,2,4,6,1,3.43,1,29.0,75.1,13.63,3,16.0,0
CUST103657,Male,50,Single,2,3,Mobile Phone,UPI,Laptop & Accessory,5,3,1,0,4.59,1,1.0,98.76,8.12,1,11.9,0
CUST101179,Male,49,Divorced,2,7,Computer,UPI,Laptop & Accessory,4,4,6,0,0.89,6,11.0,266.88,25.0,2,16.2,0
CUST102798,Female,46,Single,2,62,Mobile Phone,UPI,Fashion,2,1,1,0,0.27,3,10.0,103.25,13.04,2,15.3,0
CUST101692,Male,54,Married,1,21,Computer,UPI,Fashion,1,2,6,0,1.09,3,11.0,223.55,7.8,1,28.7,0
CUST103898,Male,61,Divorced,1,27,Mobile Phone,Debit Card,Laptop & Accessory,5,2,3,0,0.5,2,76.0,136.17,14.68,1,20.7,1
CUST100372,Male,35,Divorced,1,53,Mobile Phone,Credit Card,Mobile Phone,1,5,5,0,3.69,3,20.0,186.21,16.88,1,11.6,0
CUST103634,Female,48,Married,3,58,Mobile Phone,Cash on Delivery,Others,5,5,6,1,2.7,1,44.0,258.73,20.44,1,1.0,1
CUST101916,Female,39,Single,3,39,Mobile Phone,Credit Card,Mobile Phone,3,4,6,1,4.86,2,77.0,149.24,17.4,2,29.7,1
CUST101357,Male,57,Single,3,38,Computer,Debit Card,Mobile Phone,4,4,3,0,2.83,5,15.0,260.6,15.38,1,16.0,0
CUST101825,Male,45,Married,1,45,Mobile Phone,Credit Card,Mobile Phone,3,2,7,0,2.96,7,59.0,247.19,18.85,2,16.4,0
CUST100786,Female,18,Divorced,2,50,Mobile Phone,E-wallet,Laptop & Accessory,2,1,7,0,0.23,6,61.0,160.04,1.57,4,12.4,0
CUST100469,Male,55,Single,1,59,Mobile Phone,Cash on Delivery,Laptop & Accessory,2,3,6,0,2.49,1,15.0,143.33,7.17,0,16.9,0
CUST100140,Male,37,Married,1,8,Mobile Phone,Debit Card,Mobile Phone,5,4,6,1,3.49,2,4.0,66.52,17.91,2,12.0,0
CUST100788,Female,24,Married,1,65,Computer,UPI,Others,2,3,3,0,0.25,5,61.0,233.48,10.74,1,3.5,0
CUST100323,Female,66,Single,2,71,Mobile Phone,Credit Card,Laptop & Accessory,5,4,7,0,3.72,4,78.0,102.1,4.44,2,31.3,0
CUST100050,Male,34,Married,1,8,Mobile Phone,Debit Card,Fashion,5,3,2,0,1.93,0,17.0,137.92,20.96,0,22.1,1
CUST100714,Female,35,Married,2,21,Computer,UPI,Laptop & Accessory,1,3,5,1,,1,74.0,246.02,6.98,0,17.6,0
CUST104502,Female,44,Married,2,65,Computer,UPI,Laptop & Accessory,4,4,7,0,5.58,3,13.0,232.99,27.97,1,11.8,0
CUST102840,Female,24,Single,2,34,Mobile Phone,Cash on Delivery,Fashion,5,3,1,1,2.06,3,35.0,163.33,12.08,1,23.9,1
CUST102446,Male,20,Single,2,21,Mobile Phone,Debit Card,Laptop & Accessory,1,3,4,0,1.31,2,11.0,172.2,14.1,2,19.0,0
CUST104828,Female,50,Single,2,71,Mobile Phone,UPI,Laptop & Accessory,1,3,2,1,3.1,5,79.0,163.51,14.6,1,4.4,0
CUST104775,Male,24,Single,1,55,Mobile Phone,Debit Card,Others,3,2,7,0,3.51,7,80.0,161.44,13.99,1,28.8,0
CUST104610,Female,59,Single,1,14,Mobile Phone,Credit Card,Grocery,2,3,4,0,1.26,4,69.0,137.26,5.34,2,25.6,1
CUST103035,Female,51,Single,2,28,Mobile Phone,Credit Card,Fashion,4,1,3,1,2.58,2,10.0,57.05,8.88,1,25.7,0
CUST102666,Female,42,Single,1,41,Mobile Phone,UPI,Fashion,5,3,3,0,4.36,1,67.0,180.07,14.72,3,14.5,0
CUST100406,Male,33,Single,3,66,Mobile Phone,Cash on Delivery,Laptop & Accessory,2,4,3,0,1.33,3,72.0,111.89,12.97,2,10.8,1
CUST103380,Male,48,Single,1,44,Mobile Phone,UPI,Laptop & Accessory,4,2,2,0,,3,22.0,216.31,1.57,2,11.5,0
CUST101004,Female,49,Single,2,68,Computer,UPI,Fashion,5,2,5,0,,4,8.0,112.27,17.67,0,8.4,0
CUST103225,Female,44,Married,1,35,Mobile Phone,Debit Card,Mobile Phone,2,4,7,0,1.39,1,47.0,148.84,8.5,1,12.1,0
CUST100890,Male,42,Single,1,9,Mobile Phone,E-wallet,Grocery,1,1,2,0,2.06,2,10.0,157.05,21.54,0,6.6,0
CUST102411,Female,53,Divorced,3,30,Computer,Credit Card,Laptop & Accessory,1,1,1,0,6.45,8,60.0,165.42,21.74,3,9.6,0
CUST102545,Male,48,Single,3,48,Computer,E-wallet,Grocery,5,1,1,0,0.85,5,21.0,142.0,22.78,1,7.1,0
CUST104856,Male,34,Married,2,15,Computer,Cash on Delivery,Laptop & Accessory,1,3,7,0,1.41,4,26.0,140.48,31.56,2,16.7,0
CUST102390,Female,23,Married,1,41,Mobile Phone,Cash on Delivery,Mobile Phone,1,5,2,0,4.31,5,49.0,251.59,21.34,4,9.9,0
CUST103964,Male,47,Married,3,68,Mobile Phone,UPI,Fashion,5,3,1,1,2.54,3,87.0,225.89,31.23,3,15.7,0
CUST100042,Female,37,Single,2,38,Computer,UPI,Laptop & Accessory,4,1,2,0,0.36,6,73.0,47.35,24.26,2,17.4,1
CUST102830,Male,66,Married,1,69,Computer,Cash on Delivery,Fashion,3,4,1,0,4.16,6,66.0,,20.41,5,9.3,0
CUST103331,Male,55,Married,2,28,Computer,Credit Card,Fashion,2,4,7,1,2.08,2,66.0,148.86,13.57,1,16.7,0
CUST100303,Male,22,Single,2,16,Computer,Credit Card,Fashion,1,4,6,0,2.79,3,47.0,123.34,31.69,0,12.7,0
CUST104527,Female,19,Married,3,21,Mobile Phone,Debit Card,Others,1,5,6,0,1.22,5,46.0,136.06,19.07,0,11.1,1
CUST103771,Female,67,Single,1,37,Mobile Phone,E-wallet,Others,5,5,7,0,0.6,6,20.0,166.64,6.76,2,22.4,0
CUST100664,Male,32,Single,1,25,Computer,E-wallet,Mobile Phone,5,3,3,0,2.36,1,58.0,183.35,22.79,2,23.8,0
CUST101177,Male,43,Married,2,33,Computer,Debit Card,Others,5,5,3,1,,1,55.0,134.9,22.62,0,19.8,0
CUST102676,Male,41,Married,1,67,Mobile Phone,Cash on Delivery,Fashion,3,3,1,1,2.08,3,44.0,134.39,28.47,1,13.5,0
CUST101947,Female,69,Single,2,1,Mobile Phone,UPI,Mobile Phone,2,2,5,0,4.0,2,26.0,104.99,18.8,0,18.9,0
CUST102501,Female,61,Divorced,1,52,Mobile Phone,Credit Card,Others,5,1,5,1,2.55,4,23.0,107.66,17.32,0,19.7,1
CUST101473,Male,49,Divorced,1,66,Mobile Phone,Debit Card,Grocery,1,5,4,0,1.15,2,38.0,214.62,18.67,4,15.6,0
CUST103505,Female,58,Married,2,50,Computer,UPI,Mobile Phone,4,5,7,0,0.81,4,70.0,195.96,15.86,0,25.3,0
CUST103542,Female,22,Married,1,52,Computer,E-wallet,Laptop & Accessory,3,3,4,1,4.04,6,33.0,179.3,16.86,0,2.4,0
CUST102132,Female,34,Divorced,1,48,Mobile Phone,UPI,Laptop & Accessory,4,2,5,1,0.96,5,48.0,268.22,22.46,3,11.0,0
CUST101026,Female,56,Married,1,7,Computer,UPI,Grocery,4,3,1,1,1.49,2,61.0,154.52,14.88,1,3.6,0
CUST100961,Male,19,Married,1,28,Mobile Phone,Cash on Delivery,Laptop & Accessory,5,3,3,0,1.29,6,9.0,142.85,23.44,3,14.8,0
CUST102889,Male,29,Single,2,56,Mobile Phone,Debit Card,Others,3,1,7,1,4.81,5,75.0,111.91,4.44,2,7.5,0
CUST103386,Female,63,Divorced,1,45,Computer,Credit Card,Mobile Phone,1,1,7,0,4.69,5,48.0,0.0,18.14,1,1.0,0
CUST102009,Female,21,Single,2,49,Computer,UPI,Grocery,3,1,1,0,0.85,3,42.0,128.15,26.62,2,17.9,0
CUST102149,Male,60,Single,2,68,Computer,UPI,Grocery,2,5,6,0,1.0,2,38.0,44.45,12.42,0,27.4,0
CUST103344,Male,51,Married,1,29,Mobile Phone,Credit Card,Grocery,3,5,3,0,2.39,4,79.0,133.46,6.36,0,14.5,0
CUST102338,Female,18,Married,2,17,Mobile Phone,Debit Card,Grocery,1,4,2,1,4.21,2,7.0,147.87,8.51,1,15.5,1
CUST103912,Female,31,Divorced,3,42,Computer,Debit Card,Fashion,2,2,4,1,3.29,2,62.0,114.93,,0,5.9,0
CUST100304,Female,69,Single,3,30,Computer,Credit Card,Mobile Phone,3,1,6,1,3.76,6,19.0,92.78,21.5,1,23.6,0
CUST101440,Male,56,Single,1,68,Mobile Phone,Credit Card,Fashion,5,2,3,0,2.8,1,34.0,73.83,0.0,0,26.3,0
CUST101496,Female,39,Married,1,35,Mobile Phone,Cash on Delivery,Laptop & Accessory,3,2,1,0,4.14,6,37.0,133.41,16.03,2,16.4,0
CUST102652,Female,62,Single,1,3,Computer,UPI,Mobile Phone,4,4,5,0,1.92,2,46.0,159.12,17.62,2,35.5,0
CUST102875,Male,34,Single,1,1,Computer,UPI,Mobile Phone,1,2,6,0,1.57,1,67.0,184.58,6.87,6,10.0,0
CUST100916,Male,40,Married,2,30,Computer,UPI,Mobile Phone,3,5,1,0,8.16,1,41.0,106.46,12.44,3,4.3,0
CUST104195,Male,35,Married,3,24,Computer,Cash on Delivery,Others,4,5,5,0,2.11,1,50.0,144.8,18.09,1,19.7,0
CUST103745,Female,40,Divorced,3,50,Computer,Credit Card,Fashion,4,2,6,0,5.42,2,45.0,242.88,8.42,0,5.7,0
CUST102772,Female,45,Married,2,50,Mobile Phone,Credit Card,Fashion,4,2,6,1,0.57,1,5.0,140.79,0.0,2,5.6,0
CUST101624,Male,51,Single,3,23,Computer,Credit Card,Fashion,4,4,4,0,9.06,2,60.0,12.91,32.48,0,11.3,0
CUST103861,Male,30,Single,3,35,Mobile Phone,UPI,Mobile Phone,5,3,6,0,0.89,6,26.0,27.96,24.48,1,16.7,0
CUST100821,Female,31,Single,1,70,Mobile Phone,Debit Card,Others,4,5,2,0,3.12,3,78.0,108.82,2.14,1,12.3,0
CUST103321,Male,35,Married,1,23,Mobile Phone,Debit Card,Laptop & Accessory,1,4,4,1,1.22,2,42.0,124.73,8.82,2,20.5,0
CUST101354,Female,69,Married,2,17,Mobile Phone,Debit Card,Others,1,4,3,1,0.9,3,1.0,114.06,19.41,1,1.7,1
CUST104511,Male,20,Single,3,31,Computer,Debit Card,Fashion,1,5,7,0,4.62,6,32.0,219.97,27.19,2,7.5,0
CUST100850,Male,24,Single,2,5,Mobile Phone,Credit Card,Fashion,5,3,3,0,0.99,1,60.0,48.71,26.64,1,1.0,1
CUST101000,Male,62,Married,3,71,Mobile Phone,Credit Card,Grocery,2,3,7,0,2.02,4,71.0,114.17,6.74,2,22.1,0
CUST103398,Female,47,Divorced,2,53,Mobile Phone,UPI,Laptop & Accessory,5,1,3,1,4.54,2,75.0,146.93,5.68,3,9.7,0
CUST100018,Female,60,Single,1,2,Computer,Credit Card,Fashion,1,4,1,0,1.72,3,62.0,196.57,0.03,3,1.5,1
CUST101637,Female,36,Married,2,22,Computer,E-wallet,Others,4,1,4,0,1.82,4,60.0,108.6,0.0,0,18.4,0
CUST101667,Male,51,Married,3,42,Computer,Cash on Delivery,Grocery,5,4,3,0,1.4,4,83.0,147.73,23.11,1,15.6,0
CUST100493,Male,44,Single,2,38,Computer,Credit Card,Others,1,5,6,1,6.06,1,45.0,26.01,15.65,1,10.7,0
CUST101347,Male,46,Married,1,38,Computer,Credit Card,Grocery,1,5,3,0,2.65,0,28.0,70.69,6.54,3,8.3,0
CUST103751,Male,44,Married,2,15,Mobile Phone,UPI,Laptop & Accessory,3,3,1,1,2.47,3,47.0,113.54,19.47,1,10.0,0
CUST103276,Male,34,Single,2,54,Computer,UPI,Mobile Phone,5,4,2,0,1.63,5,43.0,53.47,19.05,3,23.0,0
CUST103638,Female,19,Married,3,9,Mobile Phone,Credit Card,Laptop & Accessory,4,1,7,0,1.93,3,64.0,63.02,,1,14.6,0
CUST103503,Female,32,Single,1,24,Mobile Phone,UPI,Fashion,3,5,1,0,,5,61.0,141.44,8.45,3,30.7,0
CUST100687,Female,48,Single,3,43,Mobile Phone,Cash on Delivery,Grocery,5,1,5,1,1.43,9,89.0,205.39,34.37,1,4.1,1
CUST103755,Male,35,Married,3,12,Computer,UPI,Grocery,1,5,5,1,2.3,4,29.0,107.18,17.25,3,23.1,0
CUST101608,Male,50,Single,1,54,Mobile Phone,Debit Card,Mobile Phone,5,4,4,0,7.58,2,76.0,76.22,25.77,0,26.2,0
CUST104104,Female,45,Single,3,11,Computer,E-wallet,Mobile Phone,4,4,1,0,0.93,2,4.0,71.82,6.35,3,23.0,0
CUST103423,Male,62,Single,2,27,Mobile Phone,UPI,Others,1,3,4,1,1.59,3,4.0,112.69,9.41,0,13.6,0
CUST101009,Male,63,Married,3,55,Computer,Cash on Delivery,Mobile Phone,2,3,3,0,6.76,0,56.0,198.93,22.59,1,11.8,0
CUST102408,Male,33,Divorced,2,24,Mobile Phone,Debit Card,Mobile Phone,3,2,7,0,3.26,2,75.0,213.11,6.46,0,9.9,0
CUST101092,Male,20,Single,2,49,Mobile Phone,Cash on Delivery,Fashion,1,5,1,0,2.9,7,30.0,68.02,,1,12.2,0
CUST101327,Female,24,Married,1,16,Computer,Debit Card,Others,4,5,3,1,1.12,3,74.0,74.67,23.44,2,15.8,0
CUST101677,Male,42,Single,3,28,Mobile Phone,UPI,Fashion,5,5,6,1,2.94,2,62.0,97.12,0.0,2,9.5,1
CUST101999,Female,60,Married,2,0,Mobile Phone,E-wallet,Fashion,3,5,6,0,,1,18.0,103.42,5.32,2,14.4,0
CUST101310,Male,67,Married,2,22,Computer,Debit Card,Fashion,5,3,1,0,3.52,4,16.0,191.59,23.67,2,14.4,1
CUST103279,Male,38,Single,2,10,Mobile Phone,E-wallet,Fashion,5,4,7,0,4.25,2,82.0,89.55,20.36,1,18.6,0
CUST101987,Female,65,Married,1,63,Mobile Phone,Cash on Delivery,Mobile Phone,2,3,2,0,6.45,3,85.0,202.89,21.38,2,14.5,0
CUST104647,Male,66,Single,3,32,Computer,UPI,Mobile Phone,4,2,5,0,1.47,5,14.0,130.5,6.17,0,9.7,0
CUST100344,Female,54,Married,1,57,Computer,Debit Card,Grocery,3,1,7,1,4.34,3,0.0,137.56,14.16,5,1.0,0
CUST104783,Female,18,Single,3,36,Mobile Phone,Credit Card,Grocery,4,5,2,1,,2,76.0,107.84,6.52,2,17.1,1
CUST100986,Male,61,Married,1,24,Computer,Debit Card,Fashion,5,5,7,0,3.25,4,75.0,149.21,20.92,2,3.0,1
CUST103875,Male,47,Married,1,54,Computer,UPI,Grocery,5,3,5,1,2.03,2,2.0,145.69,16.16,1,17.2,0
CUST103831,Female,64,Married,1,40,Mobile Phone,Cash on Delivery,Mobile Phone,3,1,4,1,1.26,2,73.0,114.22,21.26,1,8.7,0
CUST104326,Male,40,Divorced,1,29,Mobile Phone,Cash on Delivery,Grocery,4,3,6,0,1.61,1,41.0,,15.43,0,13.2,0
CUST104026,Female,38,Single,2,1,Mobile Phone,Cash on Delivery,Mobile Phone,3,2,1,0,2.02,5,71.0,207.13,14.42,1,21.8,0
CUST103112,Female,40,Married,1,37,Computer,Credit Card,Fashion,2,2,5,0,4.47,5,5.0,0.0,3.7,3,30.2,1
CUST103050,Female,25,Divorced,1,14,Mobile Phone,Debit Card,Laptop & Accessory,3,5,1,1,2.09,3,54.0,108.11,14.54,1,1.0,1
CUST101142,Female,60,Single,2,14,Computer,Credit Card,Laptop & Accessory,4,5,6,0,1.58,2,85.0,271.79,10.33,1,15.2,1
CUST102358,Female,69,Married,3,48,Computer,Credit Card,Laptop & Accessory,5,5,3,0,1.28,1,68.0,177.33,24.59,1,17.4,0
CUST101198,Male,44,Single,1,16,Mobile Phone,Cash on Delivery,Mobile Phone,4,2,3,0,3.17,3,10.0,295.5,22.08,0,17.7,0
CUST100085,Male,34,Married,3,46,Mobile Phone,Cash on Delivery,Laptop & Accessory,5,2,4,1,6.41,1,80.0,267.86,17.55,1,17.3,0
CUST101518,Male,18,Married,1,0,Mobile Phone,E-wallet,Fashion,1,2,1,0,4.47,4,54.0,198.36,21.14,0,1.0,0
CUST100516,Male,60,Married,1,20,Mobile Phone,Cash on Delivery,Grocery,1,5,6,0,2.42,4,20.0,155.68,7.65,1,13.2,0
CUST101381,Male,46,Single,1,48,Mobile Phone,Credit Card,Grocery,3,2,2,0,0.59,0,49.0,110.79,11.9,0,12.4,1
CUST102716,Male,23,Married,2,69,Computer,E-wallet,Others,1,3,2,1,,1,15.0,208.0,,2,7.6,0
CUST103105,Female,61,Married,2,66,Mobile Phone,Credit Card,Grocery,1,3,6,0,3.2,1,89.0,131.19,16.71,0,16.9,0
CUST101014,Male,42,Married,3,15,Computer,Debit Card,Fashion,2,1,4,0,4.17,0,69.0,97.76,7.3,1,29.5,0
CUST100128,Male,28,Single,1,6,Mobile Phone,UPI,Mobile Phone,2,5,1,0,1.1,2,62.0,173.04,24.04,4,7.3,1
CUST101364,Male,62,Single,2,64,Mobile Phone,UPI,Grocery,5,1,2,1,0.37,4,80.0,65.18,14.97,2,22.8,0
CUST103647,Male,19,,3,48,Computer,Debit Card,Fashion,2,5,7,1,5.13,4,41.0,196.74,24.57,2,19.7,0
CUST103145,Female,51,Single,1,47,Mobile Phone,Cash on Delivery,Mobile Phone,4,4,4,0,1.78,3,70.0,155.18,0.45,4,26.6,0
CUST100891,Female,32,Married,1,18,Mobile Phone,Debit Card,Mobile Phone,1,3,1,0,0.61,1,38.0,239.14,29.74,0,23.0,0
CUST102793,Female,59,Single,1,17,Mobile Phone,UPI,Mobile Phone,1,4,2,0,2.49,2,83.0,155.28,13.86,2,11.0,0
CUST104221,Male,67,Single,1,67,Computer,E-wallet,Mobile Phone,5,5,1,0,2.53,2,,92.97,17.39,1,18.8,0
CUST101359,Male,37,Divorced,1,28,Mobile Phone,Cash on Delivery,Laptop & Accessory,2,1,3,0,3.15,3,40.0,197.92,0.0,2,18.6,0
CUST100307,Female,29,Married,1,2,Mobile Phone,UPI,Grocery,3,5,5,1,0.67,6,87.0,20.73,19.86,3,14.7,1
CUST101661,Female,52,Divorced,2,13,Computer,Credit Card,Grocery,5,2,7,0,10.79,5,0.0,157.1,35.34,1,17.1,0
CUST102431,Female,26,Single,3,1,Computer,UPI,Laptop & Accessory,1,3,4,0,4.36,5,75.0,106.5,15.75,4,23.1,0
CUST103958,Male,18,Married,3,70,Mobile Phone,Credit Card,Fashion,3,1,2,0,5.55,2,65.0,63.45,5.14,4,20.1,0
CUST101317,Male,24,Married,1,17,Mobile Phone,Credit Card,Mobile Phone,5,4,6,0,,3,66.0,103.04,15.89,1,18.7,0
CUST104317,Female,28,Single,2,67,Mobile Phone,Debit Card,Laptop & Accessory,1,5,7,0,2.74,3,75.0,150.96,18.92,0,7.9,0
CUST102474,Male,60,Married,2,54,Computer,Debit Card,Grocery,1,2,6,0,3.21,2,3.0,246.93,20.24,2,7.9,0
CUST102542,Male,21,Single,1,19,Mobile Phone,UPI,Laptop & Accessory,3,1,7,0,8.89,1,19.0,207.46,27.92,0,1.0,0
CUST101246,Female,26,Married,1,63,Computer,Debit Card,Fashion,2,4,1,0,6.68,4,6.0,94.21,23.28,1,19.4,0
CUST101208,Male,45,Married,3,16,Computer,Debit Card,Laptop & Accessory,1,2,7,0,2.25,2,35.0,224.7,16.01,3,10.7,1
CUST100216,Male,47,Single,2,28,Computer,UPI,Mobile Phone,3,1,1,0,2.96,2,81.0,165.29,15.9,1,21.7,0
CUST104306,Female,61,Single,1,36,Mobile Phone,UPI,Laptop & Accessory,2,2,4,1,2.83,3,24.0,214.55,23.04,0,12.6,0
CUST104110,Male,21,Single,3,4,Mobile Phone,E-wallet,Laptop & Accessory,3,1,5,0,3.33,2,62.0,209.43,9.78,1,20.7,0
CUST101239,Male,21,Divorced,1,52,Computer,UPI,Mobile Phone,3,4,2,0,2.17,3,42.0,150.61,19.02,5,1.0,0
CUST102289,Male,49,Married,1,23,Computer,Credit Card,Others,2,1,1,0,0.69,1,28.0,81.77,13.4,0,19.5,0
CUST102740,Male,41,Single,3,55,Mobile Phone,Debit Card,Laptop & Accessory,1,5,6,0,0.37,5,88.0,214.51,20.25,2,15.0,1
CUST100275,Male,20,Married,1,68,Mobile Phone,UPI,Fashion,1,1,4,0,3.47,4,8.0,161.07,11.95,1,19.1,0
CUST100489,Female,41,Married,2,56,Mobile Phone,UPI,Mobile Phone,3,3,2,0,2.47,6,59.0,200.37,9.01,3,25.5,0
CUST101035,Female,28,Married,3,51,Mobile Phone,Credit Card,Laptop & Accessory,1,4,5,0,1.28,1,33.0,246.37,8.97,2,11.9,0
CUST101229,Male,50,Divorced,2,9,Mobile Phone,Cash on Delivery,Grocery,5,1,7,0,1.96,4,50.0,223.72,24.87,0,13.8,0
CUST104599,Male,51,Married,2,29,Mobile Phone,UPI,Mobile Phone,1,1,5,0,5.96,2,15.0,,19.04,1,27.1,0
CUST101008,Female,35,Married,1,57,Mobile Phone,Debit Card,Others,5,2,4,0,1.76,4,50.0,162.59,15.93,2,11.8,0
CUST104081,Male,52,Single,1,70,Computer,Debit Card,Grocery,1,4,4,1,0.45,5,57.0,23.0,3.46,0,21.1,0
CUST103143,Male,45,Single,3,23,Mobile Phone,Credit Card,Fashion,2,3,4,0,1.95,3,0.0,152.82,25.25,3,20.7,0
CUST103203,Female,23,Single,1,37,Mobile Phone,Credit Card,Grocery,3,5,2,1,2.3,4,57.0,129.52,17.92,0,26.0,0
CUST102532,Female,27,Single,1,7,Computer,UPI,Mobile Phone,4,4,5,0,3.13,4,60.0,182.29,21.82,1,1.0,0
CUST104182,Female,55,Single,2,32,Mobile Phone,Credit Card,Others,2,3,6,0,3.73,3,46.0,203.55,26.01,2,1.0,0
CUST101058,Female,63,Married,3,62,Computer,E-wallet,Mobile Phone,2,5,2,0,1.49,6,43.0,139.04,13.32,0,20.2,0
CUST102166,Female,52,Single,2,21,Mobile Phone,Debit Card,Mobile Phone,5,3,1,1,0.19,5,13.0,90.54,20.67,2,6.6,0
CUST104112,Female,34,Married,2,50,Computer,Cash on Delivery,Laptop & Accessory,4,3,4,1,2.38,4,11.0,151.88,9.98,0,12.8,0
CUST104286,Female,38,Married,2,71,Mobile Phone,Cash on Delivery,Fashion,1,4,1,0,0.19,4,1.0,116.45,5.78,1,11.5,0
CUST100281,Male,50,Single,3,2,Mobile Phone,E-wallet,Fashion,2,5,6,1,2.8,3,23.0,227.73,28.2,5,13.1,0
CUST104305,Male,69,Single,2,11,Mobile Phone,E-wallet,Fashion,5,5,6,1,2.58,1,34.0,150.28,12.14,1,7.7,0
CUST101316,Female,26,Married,1,54,Mobile Phone,Cash on Delivery,Grocery,4,3,4,0,0.89,4,50.0,126.44,22.65,1,17.0,0
CUST104993,Male,35,Single,1,22,Mobile Phone,Debit Card,Mobile Phone,2,5,1,1,1.07,5,76.0,53.44,11.5,0,3.9,1
CUST100968,Female,19,Single,2,43,Mobile Phone,Credit Card,Mobile Phone,3,4,2,0,8.94,2,10.0,196.78,14.94,1,13.4,0
CUST104640,Male,28,Single,2,53,Mobile Phone,Debit Card,Mobile Phone,1,1,1,1,1.35,4,68.0,142.13,14.49,5,38.3,0
CUST103944,Male,54,Single,1,11,Mobile Phone,UPI,Fashion,4,5,5,0,1.31,4,21.0,123.41,19.86,0,18.3,0
CUST103187,Female,59,Married,1,16,Computer,Credit Card,Others,3,5,2,0,1.37,3,63.0,117.08,17.91,4,13.1,1
CUST103541,Female,36,Married,3,4,Mobile Phone,Credit Card,Mobile Phone,3,4,6,1,3.35,2,78.0,166.0,19.67,4,19.8,1
CUST100619,Male,32,Single,3,2,Mobile Phone,Credit Card,Laptop & Accessory,4,1,6,0,5.13,3,76.0,93.11,14.99,1,13.9,1
CUST104840,Female,25,Single,1,35,Mobile Phone,Credit Card,Laptop & Accessory,4,2,6,0,5.03,4,21.0,40.04,13.52,1,18.7,0
CUST101742,Male,47,Married,3,29,Mobile Phone,Credit Card,Mobile Phone,4,1,5,1,1.45,2,57.0,170.83,8.67,0,1.0,1
CUST101390,Female,18,Married,1,10,Mobile Phone,Cash on Delivery,Fashion,4,1,4,0,1.16,3,30.0,192.88,22.45,2,34.3,1
CUST104074,Male,59,Single,2,21,Mobile Phone,Cash on Delivery,Others,2,2,3,1,1.42,3,26.0,123.59,13.43,1,13.7,1
CUST101847,Female,33,Single,2,69,Mobile Phone,E-wallet,Grocery,5,5,5,1,0.4,6,50.0,113.84,12.38,2,16.7,0
CUST101579,Female,42,,2,17,Mobile Phone,Cash on Delivery,Laptop & Accessory,1,5,6,0,0.11,3,43.0,266.34,25.04,2,10.0,0
CUST101655,Male,30,Married,2,40,Mobile Phone,UPI,Laptop & Accessory,4,1,7,0,0.69,1,36.0,189.92,13.6,2,25.5,0
CUST102352,Male,45,Married,2,2,Mobile Phone,Credit Card,Others,1,3,6,1,5.25,2,65.0,159.78,13.32,2,11.9,1
CUST102212,Female,30,Married,2,69,Mobile Phone,Debit Card,Fashion,4,1,7,0,,2,44.0,212.31,24.63,3,22.9,0
CUST102020,Female,38,,1,23,Mobile Phone,Debit Card,Grocery,2,4,6,1,4.11,5,53.0,139.49,11.31,0,14.9,0
CUST104987,Male,23,Married,1,10,Computer,Debit Card,Laptop & Accessory,4,5,4,0,1.69,4,29.0,90.34,10.82,6,8.1,0
CUST101956,Female,61,Single,3,4,Mobile Phone,Cash on Delivery,Laptop & Accessory,5,5,2,1,6.15,3,23.0,242.48,22.9,1,10.6,0
CUST101307,Female,36,Married,3,63,Mobile Phone,UPI,Laptop & Accessory,3,5,2,0,1.48,7,81.0,208.12,7.43,3,16.5,0
CUST102003,Female,24,Divorced,3,55,Mobile Phone,Debit Card,Others,1,5,3,0,1.46,5,24.0,194.74,17.5,0,26.2,0
CUST104469,Male,49,Single,3,5,Computer,Credit Card,Fashion,5,1,1,1,0.86,3,20.0,121.08,10.85,2,4.5,0
CUST100575,Male,46,Single,2,60,Mobile Phone,Credit Card,Fashion,5,4,5,1,3.93,4,68.0,81.08,11.38,1,1.0,0
CUST102360,Female,19,Divorced,1,13,Mobile Phone,UPI,Others,5,1,6,1,1.36,7,3.0,61.84,3.33,2,22.3,0
CUST104215,Male,47,Divorced,1,38,Mobile Phone,Cash on Delivery,Laptop & Accessory,2,5,6,0,3.09,2,64.0,44.23,12.27,2,17.1,0
CUST104450,Female,54,Married,3,65,Computer,E-wallet,Mobile Phone,2,4,5,1,1.43,2,44.0,144.23,24.04,1,19.6,0
CUST101706,Male,67,Single,2,53,Computer,Debit Card,Fashion,2,3,7,0,4.34,4,64.0,193.01,25.95,1,4.1,0
CUST104556,Female,45,Single,1,58,Mobile Phone,Cash on Delivery,Grocery,5,4,5,1,0.34,3,89.0,104.6,5.9,1,16.8,1
CUST103492,Female,37,Single,3,34,Mobile Phone,Credit Card,Mobile Phone,2,2,6,1,3.38,2,53.0,242.81,22.17,1,16.1,1
CUST101280,Male,26,Divorced,1,11,Mobile Phone,Cash on Delivery,Grocery,1,5,6,0,1.37,2,23.0,153.37,16.97,0,1.0,1
CUST100861,Female,36,Married,3,21,Computer,UPI,Mobile Phone,2,4,4,1,1.08,6,48.0,111.46,14.91,1,21.3,0
CUST104423,Male,58,Divorced,3,29,Computer,Cash on Delivery,Grocery,5,4,3,0,3.86,4,30.0,107.98,8.99,4,15.9,0
CUST101801,Female,61,Single,2,36,Computer,Debit Card,Fashion,1,3,7,0,1.4,3,31.0,153.86,19.93,1,3.8,0
CUST101628,Male,43,Single,1,71,Mobile Phone,Credit Card,Laptop & Accessory,4,4,3,1,1.98,2,49.0,5.9,,1,1.3,0
CUST101993,Male,48,Married,1,11,Mobile Phone,Cash on Delivery,Fashion,1,3,3,0,1.46,3,32.0,143.51,5.53,3,28.9,0
CUST102639,Male,49,Married,2,64,Computer,E-wallet,Grocery,1,2,1,0,3.35,6,2.0,93.77,17.29,1,20.2,0
CUST100269,Male,63,Single,1,8,Mobile Phone,UPI,Fashion,3,2,4,1,6.4,3,17.0,143.41,24.68,1,28.6,1
CUST100629,Female,35,Single,2,39,Computer,UPI,Fashion,3,5,7,0,2.0,1,61.0,83.5,4.46,2,15.3,1
CUST103081,Male,64,Married,2,7,Mobile Phone,UPI,Laptop & Accessory,2,3,1,0,0.9,2,58.0,95.97,17.77,0,15.4,0
CUST102334,Male,56,Single,1,35,Mobile Phone,Cash on Delivery,Grocery,5,2,7,0,3.45,4,12.0,37.42,6.26,1,18.1,0
CUST102966,Male,59,Divorced,2,67,Mobile Phone,Credit Card,Mobile Phone,2,3,1,1,3.64,1,80.0,136.72,17.53,0,1.0,0
CUST100300,Female,20,Single,1,49,Computer,UPI,Others,2,1,3,0,4.23,1,35.0,43.19,13.24,0,2.9,0
CUST100459,Female,30,Married,2,10,Computer,E-wallet,Mobile Phone,3,4,6,0,2.69,7,81.0,207.73,14.25,1,6.1,0
CUST101447,Female,64,Single,1,66,Mobile Phone,UPI,Laptop & Accessory,5,3,3,0,1.44,3,3.0,151.62,26.91,4,12.3,0
CUST101472,Male,65,Single,1,71,Computer,Credit Card,Laptop & Accessory,5,4,5,0,3.19,2,72.0,188.81,3.37,2,26.0,1
CUST102046,Male,51,Single,2,35,Mobile Phone,Debit Card,Laptop & Accessory,4,5,6,0,1.91,1,14.0,182.44,15.06,0,11.6,0
CUST104241,Female,38,Married,1,12,Mobile Phone,Cash on Delivery,Fashion,5,4,3,0,1.0,2,37.0,101.5,0.0,1,9.5,0
CUST103788,Male,29,Divorced,1,12,Mobile Phone,Debit Card,Mobile Phone,5,5,5,0,0.7,2,25.0,158.36,25.08,0,6.7,0
CUST102113,Female,24,Married,1,48,Mobile Phone,UPI,Mobile Phone,2,5,7,0,3.05,1,16.0,151.58,4.4,2,12.8,0
CUST100027,Male,55,,1,50,Mobile Phone,Cash on Delivery,Fashion,4,1,1,1,0.67,2,44.0,144.6,18.03,5,17.0,0
CUST104712,Female,60,Married,3,67,Mobile Phone,Cash on Delivery,Mobile Phone,3,4,7,0,0.46,3,64.0,185.41,8.09,2,17.4,0
CUST104536,Female,36,Married,1,28,Mobile Phone,UPI,Fashion,4,4,5,1,2.98,2,81.0,161.01,24.07,1,33.6,0
CUST100837,Female,25,Married,2,66,Mobile Phone,UPI,Laptop & Accessory,5,5,7,0,2.13,4,27.0,190.48,22.11,3,14.7,0
CUST104211,Male,20,Single,2,67,Computer,UPI,Laptop & Accessory,2,5,3,0,6.01,3,39.0,177.21,11.86,3,9.7,0
CUST102008,Male,44,Married,3,28,Mobile Phone,UPI,Laptop & Accessory,3,3,3,1,0.88,2,13.0,222.15,14.65,1,21.8,0
CUST104922,Male,27,Married,1,55,Mobile Phone,UPI,Mobile Phone,3,5,1,0,4.26,5,6.0,174.46,11.23,2,8.2,0
CUST100503,Male,21,Divorced,2,19,Computer,Cash on Delivery,Mobile Phone,3,4,5,0,0.37,1,35.0,27.69,18.05,3,29.1,1
CUST103227,Male,23,Single,2,34,Mobile Phone,Credit Card,Grocery,3,2,4,0,2.3,3,51.0,186.51,12.29,0,4.1,0
CUST104318,Female,24,Married,2,38,Computer,Cash on Delivery,Mobile Phone,4,1,7,0,8.36,3,16.0,82.08,14.24,2,30.4,0
CUST100380,Female,56,Single,2,3,Mobile Phone,E-wallet,Mobile Phone,3,1,7,0,2.36,4,,84.62,10.96,1,15.8,1
CUST101851,Female,26,Married,1,39,Computer,Credit Card,Mobile Phone,2,1,4,0,0.31,5,20.0,219.47,5.43,3,12.2,0
CUST101525,Male,56,Married,3,59,Computer,Credit Card,Fashion,2,4,2,0,4.82,3,81.0,78.37,19.5,0,9.3,0
CUST102365,Female,60,Single,3,55,Mobile Phone,UPI,Laptop & Accessory,1,4,6,0,1.83,2,62.0,24.4,6.56,1,10.7,0
CUST103249,Male,18,Single,1,61,Computer,Credit Card,Others,3,5,2,0,1.96,3,86.0,170.87,28.65,2,12.1,0
CUST103052,Female,27,Divorced,1,15,Computer,Credit Card,Mobile Phone,3,5,2,0,5.88,1,51.0,288.6,10.13,3,16.2,0
CUST102884,Female,50,Single,3,21,Mobile Phone,UPI,Fashion,1,1,2,0,4.67,1,52.0,140.53,22.86,1,15.2,1
CUST102340,Male,52,Married,2,6,Mobile Phone,UPI,Fashion,2,1,3,0,6.62,4,56.0,194.26,20.96,1,6.5,0
CUST100374,Male,55,Married,2,24,Computer,Credit Card,Laptop & Accessory,2,1,7,0,0.88,2,12.0,128.53,11.11,1,26.5,1
CUST104099,Female,33,Single,2,10,Computer,Debit Card,Mobile Phone,1,3,4,0,3.49,2,71.0,181.6,23.92,1,16.4,0
CUST102381,Male,61,Married,2,36,Mobile Phone,Cash on Delivery,Mobile Phone,2,2,1,0,0.84,3,31.0,182.74,16.27,2,13.2,0
CUST104323,Male,41,Single,1,54,Mobile Phone,Credit Card,Fashion,1,5,7,1,1.94,2,49.0,129.52,11.72,6,24.8,0
CUST100939,Male,23,Single,3,3,Mobile Phone,Debit Card,Laptop & Accessory,3,1,7,0,2.73,4,52.0,86.28,0.01,5,13.0,0
CUST103980,Male,66,Single,2,43,Mobile Phone,Debit Card,Laptop & Accessory,4,1,4,1,3.63,2,55.0,81.65,17.39,0,17.4,1
CUST104409,Male,49,Married,2,22,Computer,UPI,Mobile Phone,2,2,6,0,0.97,1,51.0,189.58,13.14,0,8.4,0
CUST102799,Female,60,Married,2,12,Mobile Phone,UPI,Fashion,1,3,7,0,3.94,2,68.0,101.46,9.59,1,10.7,0
CUST102147,Female,27,Single,3,28,Mobile Phone,UPI,Mobile Phone,4,4,5,1,0.95,3,83.0,170.24,21.73,3,18.8,1
CUST103841,Female,57,Single,2,3,Mobile Phone,Debit Card,Fashion,1,3,7,1,2.85,2,75.0,223.11,6.79,2,7.2,1
CUST104554,Male,36,Single,2,17,Computer,Cash on Delivery,Mobile Phone,3,2,6,0,0.27,4,33.0,134.3,5.84,1,14.9,0
CUST104229,Male,59,Single,1,3,Computer,UPI,Fashion,5,4,6,1,1.48,8,22.0,235.57,20.19,0,4.8,0
CUST102068,Male,65,Single,1,1,Mobile Phone,Debit Card,Laptop & Accessory,1,3,4,1,0.94,2,60.0,111.85,6.61,0,1.7,0
CUST100529,Male,37,Single,2,45,Computer,Credit Card,Laptop & Accessory,4,2,6,0,1.11,5,0.0,163.77,11.85,1,24.3,0
CUST103754,Male,64,Single,1,1,Computer,Cash on Delivery,Grocery,2,5,3,1,3.86,3,49.0,154.78,6.8,0,30.0,0
CUST100636,Female,19,Married,3,26,Mobile Phone,Debit Card,Mobile Phone,4,2,2,1,3.67,5,25.0,113.13,4.82,1,16.2,0
CUST101269,Male,23,Married,1,18,Mobile Phone,Credit Card,Mobile Phone,5,1,7,0,6.23,6,44.0,161.25,9.88,3,21.0,0
CUST100185,Female,35,Married,1,59,Computer,Cash on Delivery,Mobile Phone,2,3,7,0,1.07,2,31.0,170.53,14.26,5,13.2,0
CUST103842,Female,26,Single,2,34,Mobile Phone,Credit Card,Laptop & Accessory,1,5,3,0,0.7,5,56.0,187.26,10.62,0,8.4,0
CUST103200,Female,46,Married,3,27,Mobile Phone,Debit Card,Mobile Phone,3,4,3,0,1.75,2,29.0,115.5,16.13,2,26.7,0
CUST103475,Male,49,Single,2,49,Mobile Phone,Debit Card,Mobile Phone,2,3,7,0,2.87,6,49.0,191.19,14.45,3,19.0,1
CUST101797,Male,45,Single,1,70,Computer,Credit Card,Laptop & Accessory,5,5,1,0,8.54,8,84.0,,20.63,0,11.0,0
CUST102979,Female,69,Single,3,27,Mobile Phone,E-wallet,Laptop & Accessory,5,1,7,0,4.94,2,6.0,120.56,7.99,1,15.6,0
CUST101441,Male,57,Divorced,1,22,Mobile Phone,UPI,Others,1,5,5,1,3.47,7,80.0,18.5,20.36,2,18.0,0
CUST104481,Female,47,Single,2,36,Mobile Phone,E-wallet,Fashion,1,5,6,0,3.94,3,4.0,185.08,9.54,2,25.1,0
CUST104889,Female,20,Single,2,22,Mobile Phone,Cash on Delivery,Fashion,4,1,7,0,4.7,1,20.0,197.33,15.31,1,24.4,0
CUST101535,Male,50,Single,1,14,Mobile Phone,Credit Card,Mobile Phone,1,1,3,0,4.42,2,23.0,177.51,20.53,2,13.7,0
CUST103464,Female,57,Married,2,57,Mobile Phone,Debit Card,Laptop & Accessory,5,2,2,0,2.1,1,42.0,220.18,16.22,2,21.3,0
CUST101273,Female,31,Married,1,39,Mobile Phone,E-wallet,Mobile Phone,1,5,4,1,2.24,4,4.0,167.44,22.0,1,15.7,0
CUST102467,Female,29,Single,1,34,Mobile Phone,Credit Card,Laptop & Accessory,3,4,5,0,2.53,5,,265.46,9.55,1,26.4,0
CUST100607,Male,35,Married,3,34,Mobile Phone,E-wallet,Fashion,3,3,1,0,3.7,5,85.0,140.78,26.55,1,18.8,0
CUST103408,Male,35,Single,1,1,Mobile Phone,E-wallet,Grocery,5,4,5,0,0.45,3,71.0,164.78,0.0,1,1.3,0
CUST101712,Female,61,Married,1,8,Mobile Phone,Debit Card,Grocery,3,3,3,0,1.27,4,34.0,133.68,19.79,1,18.2,0
CUST102199,Female,25,Divorced,3,29,Computer,Credit Card,Mobile Phone,5,4,5,0,4.15,3,48.0,130.47,27.12,1,31.8,0
CUST100955,Female,41,Married,3,69,Computer,E-wallet,Mobile Phone,2,2,5,0,1.73,4,47.0,142.8,19.44,0,13.6,1
CUST102579,Female,64,Single,2,58,Computer,UPI,Fashion,4,2,1,0,3.93,4,33.0,184.67,12.33,0,25.7,0
CUST103921,Female,36,Single,2,63,Computer,Debit Card,Grocery,2,2,5,0,4.97,1,45.0,194.49,16.25,4,6.3,0
CUST104439,Male,28,Single,2,0,Mobile Phone,Debit Card,Mobile Phone,2,1,7,0,3.04,4,71.0,120.92,20.15,1,24.3,0
CUST103606,Male,61,Married,1,60,Mobile Phone,Debit Card,Grocery,2,2,6,1,3.2,4,55.0,227.76,5.2,1,13.0,0
CUST104489,Female,42,Divorced,1,57,Mobile Phone,Credit Card,Mobile Phone,2,1,3,1,3.69,1,55.0,163.74,7.72,0,19.1,1
CUST100403,Male,26,Married,2,38,Mobile Phone,UPI,Fashion,4,2,3,0,3.6,1,23.0,94.52,17.71,1,19.9,0
CUST102071,Male,63,Single,1,16,Mobile Phone,E-wallet,Grocery,4,3,5,0,3.32,2,71.0,127.35,21.19,0,23.9,0
CUST104770,Female,30,,1,43,Computer,Cash on Delivery,Fashion,2,3,3,0,0.11,1,44.0,173.5,19.37,2,14.2,0
CUST101977,Female,67,Married,2,57,Mobile Phone,UPI,Others,2,5,3,1,4.22,1,29.0,118.84,12.48,3,1.0,0
CUST100158,Female,65,Married,1,58,Mobile Phone,Credit Card,Fashion,3,4,5,0,1.8,3,76.0,182.24,0.61,3,20.3,0
CUST101748,Male,21,Married,1,18,Mobile Phone,Credit Card,Fashion,2,2,6,0,1.59,3,1.0,204.41,29.88,1,24.5,0
CUST102909,Female,52,Divorced,1,34,Mobile Phone,Debit Card,Others,3,3,7,0,7.6,2,32.0,281.87,6.38,4,34.1,0
CUST104980,Female,27,Single,1,28,Mobile Phone,Debit Card,Mobile Phone,4,4,6,1,1.01,2,9.0,165.49,10.1,1,4.0,0
CUST100902,Male,20,Married,2,49,Mobile Phone,UPI,Grocery,4,3,5,1,10.53,7,0.0,175.3,12.94,3,2.5,0
CUST100352,Female,30,,2,19,Mobile Phone,Cash on Delivery,Fashion,4,5,1,0,3.14,2,21.0,199.52,0.75,3,8.3,0
CUST101230,Male,63,Single,1,53,Mobile Phone,Credit Card,Grocery,2,2,1,0,0.27,4,36.0,82.62,0.0,1,12.9,0
CUST104685,Male,63,Single,3,13,Mobile Phone,Credit Card,Laptop & Accessory,5,5,2,0,3.74,6,2.0,0.0,22.17,2,21.4,0
CUST102140,Female,35,Married,1,25,Mobile Phone,Cash on Delivery,Mobile Phone,5,1,7,1,5.42,4,85.0,218.36,13.31,0,21.2,0
CUST100444,Male,63,Divorced,2,18,Mobile Phone,UPI,Others,5,4,6,0,5.36,6,58.0,55.94,13.16,0,21.5,0
CUST104963,Male,65,Divorced,3,0,Mobile Phone,Credit Card,Laptop & Accessory,1,3,4,0,0.34,3,79.0,75.35,11.12,0,20.5,1
CUST100754,Female,56,Married,2,3,Mobile Phone,UPI,Laptop & Accessory,4,2,4,0,1.87,6,39.0,156.71,24.42,2,14.6,1
CUST101737,Male,24,Divorced,3,24,Mobile Phone,Cash on Delivery,Mobile Phone,3,1,4,0,1.49,5,61.0,124.53,28.66,6,19.6,0
CUST102971,Female,64,Married,1,53,Mobile Phone,UPI,Fashion,5,3,6,0,3.41,3,36.0,113.83,7.76,2,35.5,1
CUST104994,Female,55,Married,3,52,Mobile Phone,E-wallet,Mobile Phone,1,2,2,0,3.71,3,74.0,118.4,1.63,1,16.4,1
CUST102920,Female,65,Single,2,29,Computer,Debit Card,Fashion,3,1,4,1,0.51,7,10.0,47.26,8.81,0,1.0,0
CUST100311,Male,18,Married,2,54,Mobile Phone,UPI,Grocery,4,2,6,0,2.68,4,77.0,44.54,7.58,1,2.9,0
CUST100548,Female,39,Married,2,22,Computer,Credit Card,Grocery,1,5,2,0,7.7,7,68.0,215.04,12.2,1,9.2,0
CUST104076,Female,31,,1,17,Computer,Credit Card,Mobile Phone,4,5,5,0,0.94,6,21.0,150.69,5.49,1,34.2,0
CUST104776,Male,42,Single,3,55,Mobile Phone,Cash on Delivery,Fashion,4,4,1,0,1.24,1,,,5.65,1,17.0,0
CUST101989,Male,47,Married,2,43,Mobile Phone,UPI,Mobile Phone,1,1,2,0,2.02,2,57.0,216.43,21.07,3,8.8,0
CUST100306,Male,51,Single,2,70,Mobile Phone,Cash on Delivery,Others,1,5,6,0,0.84,5,52.0,141.18,15.52,1,8.5,0
CUST102335,Female,41,Married,2,49,Mobile Phone,Debit Card,Grocery,2,5,5,0,5.77,1,15.0,120.0,16.38,1,18.4,0
CUST100694,Female,57,Married,3,66,Computer,Credit Card,Mobile Phone,1,1,2,0,6.98,6,80.0,97.05,8.47,0,23.9,0
CUST102356,Male,68,Married,3,58,Computer,Cash on Delivery,Laptop & Accessory,1,1,2,0,1.26,1,44.0,146.92,17.2,2,12.6,0
CUST101927,Female,34,Single,2,60,Mobile Phone,Credit Card,Fashion,4,5,5,0,2.79,1,43.0,174.11,18.37,1,1.3,0
CUST100684,Female,49,Single,2,51,Mobile Phone,Credit Card,Mobile Phone,5,4,5,0,3.98,2,68.0,87.86,18.2,1,4.5,1
CUST100749,Female,51,Single,1,39,Computer,Debit Card,Mobile Phone,1,5,5,0,1.05,3,49.0,184.85,20.59,0,26.5,0
CUST104577,Male,47,Married,1,15,Mobile Phone,E-wallet,Mobile Phone,5,2,7,0,0.19,4,57.0,127.35,11.29,2,15.6,1
CUST101266,Male,25,Married,2,13,Computer,Cash on Delivery,Mobile Phone,2,1,2,1,1.38,1,75.0,87.11,16.88,0,11.0,1
CUST103899,Male,64,Married,2,25,Mobile Phone,UPI,Others,3,4,1,0,2.14,0,58.0,156.73,4.14,0,19.7,1
CUST103551,Female,38,Single,3,3,Computer,Credit Card,Fashion,1,3,6,0,5.75,2,19.0,232.61,31.41,2,17.3,1
CUST104437,Male,32,Married,2,60,Mobile Phone,UPI,Mobile Phone,1,1,4,0,1.78,2,84.0,115.74,10.67,2,9.5,0
CUST104008,Male,18,Single,3,67,Mobile Phone,UPI,Mobile Phone,3,3,1,0,1.06,8,85.0,84.47,21.73,1,2.9,0
CUST103083,Female,30,Married,2,10,Mobile Phone,UPI,Mobile Phone,4,1,6,0,3.22,0,10.0,268.77,16.24,1,9.0,0
CUST103061,Male,32,Single,3,24,Mobile Phone,UPI,Grocery,3,2,5,0,2.21,2,88.0,193.88,14.83,0,4.2,0
CUST103025,Male,27,Divorced,1,64,Mobile Phone,UPI,Mobile Phone,3,2,6,0,4.36,2,26.0,217.54,0.0,1,12.0,0
CUST100970,Male,31,Single,2,54,Computer,Credit Card,Grocery,2,2,1,0,0.18,2,17.0,177.08,12.73,1,17.2,0
CUST100013,Female,58,Married,1,69,Mobile Phone,Credit Card,Laptop & Accessory,5,2,3,0,2.0,5,40.0,131.3,16.68,1,10.2,0
CUST100873,Male,61,Married,1,15,Mobile Phone,E-wallet,Mobile Phone,3,4,5,0,4.77,5,72.0,186.11,18.37,0,17.9,0
CUST100808,Male,24,Single,1,36,Mobile Phone,UPI,Others,4,1,1,0,,7,51.0,179.81,11.94,0,23.0,0
CUST103198,Male,22,Married,1,19,Computer,E-wallet,Fashion,5,4,5,0,1.68,1,18.0,184.8,12.92,3,7.0,0
CUST100514,Male,36,Single,3,38,Computer,Credit Card,Fashion,4,3,4,0,0.47,5,16.0,173.51,4.11,3,24.8,0
CUST104486,Female,52,Married,1,71,Computer,Debit Card,Mobile Phone,1,4,1,0,1.34,4,39.0,141.7,22.0,1,24.0,0
CUST100409,Female,26,Single,1,30,Mobile Phone,E-wallet,Laptop & Accessory,1,5,6,0,5.95,2,23.0,194.09,8.86,1,13.0,0
CUST103429,Female,50,Married,3,0,Mobile Phone,Credit Card,Laptop & Accessory,4,5,2,1,1.91,6,60.0,123.28,8.74,4,2.2,1
CUST104356,Female,68,Single,1,33,Computer,Cash on Delivery,Laptop & Accessory,5,4,5,0,3.34,6,41.0,70.94,5.56,2,10.3,0
CUST100207,Female,49,Married,1,41,Mobile Phone,Cash on Delivery,Mobile Phone,5,1,2,1,8.49,6,23.0,126.78,11.1,0,12.6,0
CUST103244,Male,30,Single,1,56,Mobile Phone,Debit Card,Fashion,4,2,5,0,6.26,3,32.0,192.93,21.25,0,12.9,0
CUST100458,Female,22,Single,1,26,Computer,UPI,Laptop & Accessory,3,5,4,0,0.69,1,19.0,150.98,17.57,1,27.4,0
CUST103493,Female,49,Divorced,2,33,Computer,Cash on Delivery,Fashion,1,1,3,0,0.73,2,63.0,196.14,10.68,1,22.0,0
CUST102430,Female,32,Single,1,50,Mobile Phone,Debit Card,Fashion,1,2,1,0,2.37,5,66.0,102.44,19.68,1,30.2,0
CUST103681,Male,54,Married,1,3,Mobile Phone,Debit Card,Laptop & Accessory,1,1,7,0,1.2,6,65.0,93.88,30.27,1,8.7,0
CUST100110,Male,46,Single,1,63,Computer,Cash on Delivery,Mobile Phone,5,4,6,0,0.44,5,55.0,197.15,12.48,2,17.6,0
CUST103770,Female,55,Married,3,53,Mobile Phone,Debit Card,Fashion,5,5,2,1,,3,45.0,134.08,24.23,0,13.3,0
CUST104068,Female,45,Married,2,5,Mobile Phone,E-wallet,Fashion,5,5,3,1,2.59,3,66.0,157.67,1.49,0,25.5,1
CUST101883,Female,48,Single,3,22,Computer,Cash on Delivery,Laptop & Accessory,4,3,3,0,2.37,2,24.0,176.52,8.67,0,16.2,0
CUST101713,Female,48,Married,1,48,Mobile Phone,Cash on Delivery,Laptop & Accessory,4,1,1,0,1.24,6,54.0,132.28,10.19,0,20.6,0
CUST103982,Female,21,Single,3,30,Mobile Phone,Debit Card,Grocery,4,4,5,1,2.4,0,81.0,111.49,17.49,2,10.2,1
CUST104002,Female,22,Divorced,2,52,Mobile Phone,Debit Card,Mobile Phone,5,5,1,1,1.62,3,62.0,94.61,12.53,1,15.8,0
CUST100552,Male,65,Married,3,32,Mobile Phone,UPI,Others,2,2,4,0,0.18,3,85.0,101.96,7.39,1,14.8,0
CUST101439,Female,23,Single,3,58,Mobile Phone,Credit Card,Others,2,4,6,0,1.75,2,5.0,205.77,18.09,2,9.7,0
CUST102270,Female,61,Single,3,5,Mobile Phone,Debit Card,Others,2,3,4,0,2.95,3,60.0,123.93,8.53,1,13.1,0
CUST103144,Female,64,Married,2,48,Computer,Credit Card,Grocery,2,4,7,0,4.17,4,64.0,168.86,20.48,3,17.1,1
CUST102821,Female,18,Single,1,26,Computer,E-wallet,Mobile Phone,2,2,5,0,1.3,3,16.0,107.59,17.79,3,14.5,0
CUST104796,Male,49,Married,2,29,Mobile Phone,UPI,Fashion,3,5,6,0,2.66,3,48.0,136.67,1.12,0,13.4,0
CUST101925,Male,43,Divorced,1,47,Mobile Phone,UPI,Mobile Phone,1,5,5,0,4.68,2,54.0,162.65,0.0,1,11.2,0
CUST100634,Male,22,Married,2,24,Mobile Phone,UPI,Mobile Phone,5,4,7,0,2.06,4,8.0,241.42,28.84,0,19.8,0
CUST104820,Female,60,Divorced,1,26,Computer,Credit Card,Laptop & Accessory,3,5,6,0,5.45,3,72.0,135.04,15.65,2,9.0,0
CUST100316,Male,34,Married,1,12,Computer,Credit Card,Laptop & Accessory,2,4,5,1,5.04,3,17.0,98.82,5.68,3,17.1,0
CUST104230,Female,48,Married,3,10,Mobile Phone,UPI,Mobile Phone,1,5,2,0,0.99,4,33.0,128.01,18.74,1,28.3,0
CUST104714,Female,31,Single,2,17,Computer,UPI,Laptop & Accessory,2,3,6,1,0.49,5,77.0,194.88,27.16,0,17.8,0
CUST101328,Male,20,Single,3,66,Mobile Phone,UPI,Fashion,5,3,7,0,2.11,4,54.0,117.67,15.36,4,15.7,0
CUST100427,Female,65,Married,3,16,Computer,Debit Card,Fashion,1,3,7,0,0.91,3,88.0,221.99,22.95,1,27.3,0
CUST103438,Male,36,Single,1,52,Mobile Phone,E-wallet,Fashion,4,1,2,0,1.42,3,5.0,98.76,21.88,1,11.6,0
CUST100105,Female,47,Married,1,21,Mobile Phone,UPI,Mobile Phone,1,4,4,1,1.64,2,80.0,187.83,16.61,2,4.7,0
CUST103041,Female,68,Divorced,2,21,Mobile Phone,Cash on Delivery,Fashion,5,5,6,0,3.89,5,42.0,212.64,10.03,1,21.3,0
CUST100142,Female,39,Single,1,9,Mobile Phone,Cash on Delivery,Mobile Phone,4,1,5,0,5.73,1,6.0,147.59,10.84,0,7.3,0
CUST102169,Male,22,Single,2,61,Mobile Phone,Debit Card,Mobile Phone,4,5,6,0,1.7,1,58.0,166.52,23.01,1,25.2,0
CUST103350,Male,20,Single,2,69,Computer,Debit Card,Laptop & Accessory,4,2,3,0,1.24,4,56.0,161.8,16.47,3,22.0,0
CUST100089,Male,30,Married,2,39,Mobile Phone,Credit Card,Fashion,3,3,4,0,0.22,3,35.0,145.59,9.87,2,23.3,1
CUST102918,Male,22,Married,1,45,Mobile Phone,UPI,Grocery,4,1,2,0,0.88,7,12.0,186.79,22.68,3,29.3,0
CUST103237,Male,30,Married,2,44,Computer,E-wallet,Fashion,4,4,3,0,1.7,3,54.0,172.46,21.9,2,7.7,0
CUST102241,Male,20,Married,1,67,Mobile Phone,Credit Card,Mobile Phone,3,3,2,0,2.8,2,69.0,65.1,27.44,1,21.6,0
CUST103174,Female,19,Single,1,43,Mobile Phone,Credit Card,Mobile Phone,2,1,6,0,1.12,2,19.0,121.28,25.73,3,1.0,0
CUST103433,Male,56,Married,2,70,Mobile Phone,E-wallet,Mobile Phone,3,5,3,0,1.38,3,75.0,201.2,14.11,2,19.8,0
CUST102163,Male,19,Single,2,26,Computer,UPI,Fashion,1,1,7,0,1.73,3,17.0,101.06,14.82,1,14.3,0
CUST102636,Male,63,Single,1,15,Mobile Phone,Credit Card,Grocery,2,4,3,1,4.93,4,74.0,114.17,0.0,3,13.5,0
CUST101949,Female,68,Single,2,20,Computer,Debit Card,Others,1,3,5,0,2.75,3,75.0,159.15,18.84,3,1.0,0
CUST101768,Male,36,Single,1,42,Computer,Credit Card,Mobile Phone,1,3,3,0,1.45,2,29.0,137.1,19.82,1,3.7,0
CUST104862,Male,47,Married,1,57,Computer,UPI,Laptop & Accessory,3,4,1,0,2.63,2,36.0,110.38,11.41,3,30.2,0
CUST102272,Female,32,Single,1,46,Mobile Phone,Debit Card,Grocery,5,2,7,0,1.92,4,33.0,155.46,7.69,0,16.6,0
CUST100001,Male,29,Single,2,36,Computer,E-wallet,Mobile Phone,1,2,3,0,0.57,4,40.0,124.73,18.27,5,30.8,0
CUST103303,Female,69,Married,3,25,Mobile Phone,Credit Card,Others,5,4,5,1,0.24,3,44.0,257.66,17.16,4,12.3,0
CUST104972,Male,38,Divorced,2,44,Computer,Credit Card,Mobile Phone,4,2,4,0,4.4,4,15.0,110.37,17.24,2,21.6,0
CUST101951,Male,29,Married,2,16,Mobile Phone,Credit Card,Mobile Phone,3,2,6,0,3.18,0,18.0,81.09,31.27,1,11.8,0
CUST100935,Male,25,Single,1,61,Computer,Credit Card,Fashion,2,1,4,0,2.2,3,55.0,110.1,30.29,1,21.6,1
CUST104310,Female,25,Single,1,31,Computer,Cash on Delivery,Fashion,1,2,4,0,2.07,1,41.0,134.7,2.34,0,13.0,0
CUST102720,Male,47,Married,1,40,Mobile Phone,Cash on Delivery,Mobile Phone,1,3,2,0,1.59,2,54.0,154.32,19.25,0,6.3,1
CUST103508,Female,42,Single,1,23,Mobile Phone,E-wallet,Fashion,5,4,7,0,1.77,5,36.0,198.12,26.46,1,19.3,0
CUST101109,Male,52,Divorced,1,67,Mobile Phone,Credit Card,Laptop & Accessory,5,5,2,1,3.12,4,65.0,193.5,10.05,2,10.5,1
CUST103611,Male,58,Married,2,33,Mobile Phone,UPI,Mobile Phone,1,3,5,0,3.67,3,61.0,205.4,29.1,1,11.8,0
CUST100591,Male,48,Single,3,52,Mobile Phone,UPI,Mobile Phone,1,5,7,1,1.85,6,3.0,178.86,26.87,6,16.3,0
CUST101695,Female,29,Single,3,10,Computer,E-wallet,Fashion,2,3,3,0,7.73,1,43.0,166.98,27.11,4,20.7,0
CUST103471,Male,68,Married,2,21,Mobile Phone,UPI,Fashion,3,1,3,1,3.28,1,73.0,103.68,19.23,0,18.2,0
CUST102936,Male,50,Single,1,51,Mobile Phone,Credit Card,Laptop & Accessory,3,3,7,0,3.83,3,47.0,142.14,22.54,2,5.4,0
CUST104217,Male,35,Married,2,70,Mobile Phone,Credit Card,Mobile Phone,4,2,6,0,,1,60.0,223.38,9.89,2,13.0,0
CUST104769,Female,24,Single,1,16,Mobile Phone,Debit Card,Fashion,3,3,1,0,1.39,4,81.0,204.38,13.94,0,7.8,0
CUST101576,Female,58,Single,1,4,Mobile Phone,Debit Card,Fashion,2,4,2,1,1.23,3,6.0,175.37,1.61,1,21.0,0
CUST103978,Male,47,Single,3,54,Mobile Phone,Debit Card,Grocery,3,4,6,0,2.66,4,3.0,209.79,7.01,3,16.7,0
CUST100213,Female,26,Married,2,56,Computer,Debit Card,Fashion,4,2,4,0,0.54,3,,77.72,9.84,2,33.6,0
CUST100778,Female,33,Married,2,33,Mobile Phone,Cash on Delivery,Fashion,2,5,3,0,2.35,4,41.0,98.22,16.14,3,11.3,0
CUST101415,Female,61,Married,2,24,Mobile Phone,E-wallet,Laptop & Accessory,1,1,5,1,1.3,3,64.0,65.78,25.81,1,1.0,1
CUST103783,Male,34,Single,1,60,Computer,Debit Card,Grocery,1,1,1,0,3.0,4,78.0,313.5,15.04,1,28.5,0
CUST102043,Female,64,Single,1,26,Mobile Phone,Debit Card,Others,4,5,4,0,1.7,8,58.0,97.17,8.05,0,3.9,0
CUST102848,Female,31,Single,1,49,Computer,E-wallet,Laptop & Accessory,4,3,6,0,1.75,3,49.0,104.27,13.08,1,21.6,0
CUST104945,Female,36,Married,2,70,Mobile Phone,Cash on Delivery,Fashion,4,3,4,0,2.23,3,43.0,149.21,1.96,2,25.7,0
CUST103527,Male,53,Single,1,61,Mobile Phone,UPI,Fashion,4,5,2,1,2.18,5,68.0,270.18,16.2,0,9.6,0
CUST103837,Male,32,Married,1,37,Computer,Credit Card,Laptop & Accessory,4,5,7,0,3.22,5,21.0,104.49,24.28,2,15.3,0
CUST101567,Male,63,Married,2,36,Computer,E-wallet,Mobile Phone,2,1,7,0,2.42,2,73.0,68.6,26.81,1,1.0,0
CUST100165,Male,39,Single,3,11,Computer,Debit Card,Mobile Phone,4,5,2,0,2.44,2,52.0,124.48,8.36,5,14.2,1
CUST104729,Male,27,Married,2,4,Mobile Phone,Debit Card,Laptop & Accessory,4,2,4,0,0.87,1,87.0,21.4,17.55,0,10.9,0
CUST103607,Male,37,Married,3,41,Mobile Phone,UPI,Fashion,3,2,3,0,0.44,5,62.0,171.65,32.3,4,12.0,0
CUST104941,Male,27,Married,3,52,Mobile Phone,Credit Card,Laptop & Accessory,2,5,1,0,2.04,3,34.0,123.34,18.33,3,18.9,0
CUST101343,Female,63,Single,1,49,Mobile Phone,UPI,Mobile Phone,3,2,5,1,0.79,3,45.0,246.34,0.0,1,7.9,0
CUST102013,Male,52,Married,1,40,Mobile Phone,UPI,Mobile Phone,5,5,4,0,0.46,3,73.0,123.96,5.66,2,18.4,0
CUST100273,Female,20,Married,1,35,Mobile Phone,Debit Card,Fashion,4,5,3,1,,3,82.0,138.04,24.65,1,10.4,0
CUST100071,Male,28,Married,3,69,Computer,Debit Card,Laptop & Accessory,2,5,1,0,1.69,3,45.0,220.87,34.65,1,2.9,0
CUST103911,Male,42,Single,1,9,Computer,Credit Card,Mobile Phone,4,3,7,0,0.46,4,3.0,219.15,7.83,2,32.0,0
CUST101087,Female,49,Single,2,32,Mobile Phone,Credit Card,Fashion,3,5,1,1,0.64,3,58.0,147.2,18.43,2,13.8,0
CUST100394,Male,31,Single,2,48,Computer,Debit Card,Mobile Phone,5,3,3,0,2.29,8,36.0,264.3,9.92,1,1.0,1
CUST100583,Male,41,Single,2,36,Mobile Phone,Credit Card,Fashion,4,1,5,1,2.2,2,44.0,19.34,26.51,3,6.4,0
CUST101367,Male,48,Married,3,2,Mobile Phone,Debit Card,Laptop & Accessory,2,1,2,0,2.7,2,21.0,109.96,20.2,0,24.0,0
CUST100649,Male,25,Single,1,71,Mobile Phone,Debit Card,Mobile Phone,1,4,6,1,4.56,6,68.0,106.95,9.24,2,24.4,0
CUST104657,Male,32,Single,1,32,Computer,Debit Card,Others,3,1,5,1,2.14,0,41.0,93.45,18.95,2,14.1,0
CUST102548,Male,21,Married,1,5,Computer,Debit Card,Fashion,2,2,4,1,1.78,2,48.0,,30.43,0,27.5,1
CUST101013,Female,26,Single,1,39,Mobile Phone,E-wallet,Laptop & Accessory,2,3,2,0,1.19,1,72.0,276.22,21.26,1,17.1,0
CUST104912,Male,44,Single,2,13,Mobile Phone,Credit Card,Mobile Phone,1,5,5,0,3.48,5,4.0,150.76,40.02,0,22.7,0
CUST103003,Female,35,Single,2,17,Mobile Phone,Debit Card,Mobile Phone,3,4,5,0,1.17,0,41.0,123.87,5.59,0,24.4,0
CUST104803,Male,31,Married,1,14,Mobile Phone,UPI,Grocery,4,5,7,0,0.8,0,69.0,155.0,24.85,2,37.5,0
CUST104024,Female,48,Married,2,9,Mobile Phone,Credit Card,Laptop & Accessory,2,2,2,0,5.16,2,81.0,70.16,2.46,2,23.7,0
CUST103554,Male,20,Married,3,12,Mobile Phone,Credit Card,Grocery,4,3,1,0,1.02,3,42.0,0.0,22.59,0,23.1,0
CUST101763,Male,29,Single,1,40,Mobile Phone,UPI,Grocery,1,3,3,0,1.79,5,61.0,222.49,17.77,0,13.4,0
CUST101875,Female,38,Single,1,57,Computer,UPI,Laptop & Accessory,4,5,3,0,0.4,1,58.0,126.47,14.33,3,25.9,0
CUST101259,Female,33,Married,1,31,Mobile Phone,Debit Card,Mobile Phone,5,5,5,0,1.31,4,72.0,132.07,13.0,2,3.3,0
CUST104544,Male,35,Single,1,5,Mobile Phone,E-wallet,Mobile Phone,1,1,6,1,0.35,2,72.0,181.43,19.71,0,5.5,0
CUST102253,Female,30,Single,1,21,Computer,E-wallet,Fashion,1,1,2,0,4.15,0,68.0,,10.22,2,7.8,1
CUST102781,Male,25,Married,2,56,Mobile Phone,UPI,Laptop & Accessory,2,2,2,0,1.92,1,11.0,205.62,22.49,0,2.8,0
CUST103616,Male,53,Single,1,40,Mobile Phone,Credit Card,Laptop & Accessory,5,2,4,0,5.74,4,27.0,230.93,4.62,2,13.6,0
CUST100526,Female,63,Single,3,48,Computer,E-wallet,Fashion,2,4,6,0,2.44,1,69.0,164.11,12.48,0,10.9,0
CUST103442,Male,19,Single,1,63,Computer,Cash on Delivery,Fashion,2,2,4,1,2.42,4,46.0,192.11,11.61,1,19.1,0
CUST102946,Male,53,Single,1,60,Mobile Phone,UPI,Others,5,2,3,0,0.54,1,25.0,334.81,13.67,3,14.2,0
CUST100377,Male,64,Single,1,26,Computer,E-wallet,Others,2,1,4,0,0.63,5,14.0,252.64,19.37,3,3.0,0
CUST101559,Female,22,Single,2,23,Mobile Phone,UPI,Laptop & Accessory,2,2,5,0,2.43,0,22.0,0.0,6.52,1,13.4,0
CUST103844,Female,48,Single,2,24,Mobile Phone,Credit Card,Fashion,3,2,4,1,1.0,6,69.0,176.95,25.67,1,21.8,0
CUST101963,Male,46,Married,1,12,Mobile Phone,UPI,Fashion,3,5,4,0,1.01,0,14.0,213.17,29.45,1,13.1,0
CUST104747,Female,60,Single,2,17,Mobile Phone,Credit Card,Mobile Phone,5,2,3,0,1.19,3,7.0,196.25,26.51,2,11.5,0
CUST100348,Female,56,Married,1,25,Mobile Phone,Debit Card,Mobile Phone,2,3,7,1,4.55,1,69.0,100.46,9.93,2,11.0,1
CUST102434,Female,36,Single,2,42,Mobile Phone,Debit Card,Grocery,5,5,5,1,2.94,6,55.0,241.19,13.72,2,12.8,0
CUST102246,Male,27,Single,2,46,Mobile Phone,Credit Card,Mobile Phone,5,2,4,0,5.65,3,74.0,104.75,6.32,2,15.6,0
CUST104179,Female,35,Single,1,9,Computer,Debit Card,Others,5,4,7,0,1.77,2,44.0,144.83,11.88,2,6.2,0
CUST101709,Male,20,Married,2,37,Computer,UPI,Mobile Phone,3,5,7,1,1.38,4,4.0,140.8,14.13,2,2.8,0
CUST101050,Female,62,,1,56,Mobile Phone,Debit Card,Laptop & Accessory,3,3,3,0,1.96,4,62.0,94.55,17.15,1,8.1,0
CUST100590,Female,69,Married,1,11,Mobile Phone,Cash on Delivery,Others,4,3,2,0,1.62,1,12.0,183.83,31.33,1,11.6,0
CUST100519,Female,28,Married,3,40,Computer,Credit Card,Fashion,1,4,4,0,0.18,1,17.0,218.46,17.96,1,20.8,0
CUST104507,Male,49,Married,1,1,Mobile Phone,Debit Card,Mobile Phone,4,1,6,1,4.51,2,33.0,147.14,,2,19.3,0
CUST104442,Female,40,Single,1,61,Mobile Phone,UPI,Laptop & Accessory,5,2,3,0,7.46,4,77.0,186.08,15.45,0,15.5,0
CUST102477,Male,61,Married,2,56,Mobile Phone,Debit Card,Mobile Phone,2,2,2,0,1.66,4,79.0,177.36,0.0,0,18.9,0
CUST101083,Female,46,Married,2,29,Computer,Credit Card,Laptop & Accessory,3,1,2,0,,7,84.0,174.77,13.19,1,2.3,0
CUST103612,Female,57,Single,2,39,Computer,Debit Card,Fashion,2,5,3,0,0.8,3,44.0,257.32,18.22,1,20.6,0
CUST104793,Female,38,Single,3,47,Computer,UPI,Fashion,2,4,3,0,3.73,6,16.0,261.6,23.99,1,9.9,0
CUST104523,Female,60,Married,3,2,Computer,Debit Card,Grocery,3,2,2,1,2.96,2,78.0,212.25,10.7,1,4.8,1
CUST101294,Male,60,Single,2,70,Mobile Phone,Cash on Delivery,Fashion,5,4,5,0,,1,71.0,246.11,14.13,1,26.7,0
CUST101809,Male,42,Single,3,67,Mobile Phone,UPI,Others,4,4,7,1,0.98,2,28.0,177.87,9.61,1,16.8,0
CUST100791,Male,39,Married,3,47,Mobile Phone,Cash on Delivery,Mobile Phone,2,1,1,1,0.49,3,52.0,107.68,4.55,4,10.3,0
CUST100792,Male,34,Divorced,2,33,Computer,Debit Card,Fashion,2,5,7,0,0.91,6,26.0,117.24,8.81,1,14.2,1
CUST104127,Male,21,Single,2,45,Mobile Phone,Cash on Delivery,Fashion,2,3,5,0,6.98,2,71.0,198.46,12.86,0,1.0,0
CUST101855,Female,60,Single,1,16,Computer,Credit Card,Laptop & Accessory,4,5,3,0,2.89,4,4.0,144.45,13.01,0,15.0,0
CUST104772,Male,39,Married,2,17,Mobile Phone,Debit Card,Mobile Phone,2,2,7,0,1.62,5,10.0,93.32,16.35,3,17.7,0
CUST101980,Female,51,Married,2,24,Mobile Phone,Credit Card,Grocery,1,3,2,1,4.66,3,3.0,147.9,13.89,1,26.1,0
CUST103233,Male,39,Married,2,11,Mobile Phone,Cash on Delivery,Mobile Phone,4,2,4,0,7.47,4,34.0,208.89,24.63,1,4.7,1
CUST103932,Male,29,Married,2,71,Mobile Phone,UPI,Fashion,3,4,4,0,3.52,6,55.0,207.09,14.63,1,14.6,0
CUST103406,Male,21,Single,1,22,Computer,Cash on Delivery,Grocery,5,5,7,0,2.94,2,70.0,134.25,12.56,0,18.5,1
CUST103328,Male,66,Single,1,28,Mobile Phone,E-wallet,Grocery,3,2,7,1,2.03,2,47.0,123.86,14.46,1,18.9,1
CUST101530,Male,53,Married,2,41,Computer,Cash on Delivery,Fashion,5,1,2,0,1.17,4,59.0,225.76,8.66,0,12.2,0
CUST101410,Female,22,Single,1,71,Computer,Debit Card,Fashion,4,2,2,0,0.65,5,80.0,99.14,14.66,1,13.3,0
CUST104308,Female,65,Married,2,1,Computer,Debit Card,Grocery,1,4,3,1,5.29,1,73.0,147.09,14.69,3,10.8,1
CUST104663,Male,64,Married,2,16,Mobile Phone,Credit Card,Grocery,2,2,5,0,7.94,3,86.0,139.92,8.41,0,5.6,0
CUST100083,Male,25,Married,3,27,Mobile Phone,Cash on Delivery,Fashion,3,5,3,0,2.68,2,40.0,265.02,2.67,0,10.7,0
CUST100868,Male,37,Single,2,18,Mobile Phone,Debit Card,Laptop & Accessory,2,2,2,0,3.6,1,77.0,146.12,14.64,1,21.6,0
CUST102350,Male,29,Single,3,33,Mobile Phone,UPI,Grocery,1,4,2,1,5.87,3,42.0,160.44,8.17,1,26.1,0
CUST100020,Female,28,Married,1,9,Computer,E-wallet,Fashion,1,5,5,1,0.2,1,8.0,197.58,9.82,2,12.2,0
CUST104357,Male,65,Single,3,29,Mobile Phone,UPI,Others,1,3,7,1,2.9,2,56.0,203.37,12.85,0,3.5,0
CUST102795,Female,26,Married,2,21,Mobile Phone,Cash on Delivery,Laptop & Accessory,1,5,5,0,2.39,2,31.0,78.49,12.88,2,4.9,0
CUST104586,Male,59,Single,2,61,Mobile Phone,Debit Card,Fashion,4,1,1,1,,2,67.0,73.35,2.38,2,2.5,0
CUST101562,Female,62,Single,2,4,Mobile Phone,Credit Card,Fashion,3,3,6,0,0.51,3,51.0,106.68,5.34,2,15.0,0
CUST103093,Female,19,Single,3,19,Mobile Phone,Debit Card,Grocery,4,5,6,0,1.92,6,71.0,137.77,15.44,1,15.4,0
CUST103155,Male,57,Single,3,49,Computer,Cash on Delivery,Laptop & Accessory,1,4,3,0,1.57,1,12.0,195.39,24.39,4,16.1,0
CUST100973,Female,63,Married,2,68,Mobile Phone,UPI,Fashion,2,4,5,0,3.28,2,16.0,142.73,17.57,1,21.5,0
CUST101710,Female,50,Single,2,46,Computer,Credit Card,Mobile Phone,2,4,5,1,1.76,3,9.0,229.75,20.43,1,16.6,0
CUST103201,Female,18,Single,1,22,Computer,Credit Card,Mobile Phone,2,5,3,0,4.59,3,80.0,137.03,19.38,2,15.6,0
CUST104005,Male,49,Married,3,45,Mobile Phone,Cash on Delivery,Fashion,5,4,2,0,1.85,2,20.0,137.76,11.62,2,17.4,0
CUST104834,Male,23,Married,3,21,Mobile Phone,Cash on Delivery,Grocery,4,5,2,0,2.9,4,47.0,213.38,16.41,1,20.9,0
CUST101098,Female,24,Single,1,35,Computer,UPI,Mobile Phone,3,4,1,0,2.34,3,53.0,238.42,20.28,1,12.1,0
CUST104174,Female,29,Married,1,14,Mobile Phone,E-wallet,Grocery,2,2,3,1,0.62,4,50.0,161.89,11.92,1,24.8,0
CUST102844,Male,54,Married,1,19,Computer,Debit Card,Laptop & Accessory,3,5,3,0,1.63,3,82.0,103.47,13.11,2,20.1,0
CUST100886,Male,18,Divorced,2,15,Mobile Phone,Debit Card,Others,5,2,6,0,3.11,2,62.0,120.25,7.25,2,31.9,0
CUST104946,Female,60,Married,1,41,Mobile Phone,Cash on Delivery,Fashion,4,2,6,0,0.56,4,72.0,171.26,29.37,0,18.4,0
CUST103702,Female,61,Divorced,1,30,Mobile Phone,Debit Card,Mobile Phone,4,5,3,1,0.66,4,66.0,237.28,15.4,2,18.0,0
CUST104594,Male,19,Married,1,11,Computer,Debit Card,Mobile Phone,2,2,5,1,2.2,5,8.0,134.69,15.1,0,13.8,0
CUST103589,Male,50,Single,2,11,Mobile Phone,Cash on Delivery,Mobile Phone,5,3,5,1,4.08,4,71.0,199.0,20.54,2,23.7,0
CUST104415,Female,20,Married,2,66,Mobile Phone,UPI,Grocery,3,1,7,1,6.96,5,60.0,146.09,15.11,1,22.0,0
CUST100515,Male,39,Single,1,2,Mobile Phone,Debit Card,Fashion,2,3,7,0,1.77,5,68.0,61.52,2.65,1,9.7,1
CUST104635,Male,68,Married,2,0,Mobile Phone,Debit Card,Grocery,3,1,3,1,4.21,2,58.0,38.39,2.59,1,29.6,1
CUST100737,Male,61,Divorced,1,42,Mobile Phone,Debit Card,Fashion,2,2,5,1,2.12,0,58.0,197.1,,1,30.0,0
CUST101453,Female,51,Married,1,50,Mobile Phone,Credit Card,Others,4,3,5,0,1.53,0,36.0,166.44,16.93,1,23.9,0
CUST103995,Male,38,Married,1,7,Mobile Phone,UPI,Mobile Phone,3,1,5,0,0.76,3,22.0,109.26,16.24,5,7.8,0
CUST104715,Male,25,Single,1,44,Mobile Phone,Debit Card,Fashion,3,4,6,0,0.89,3,13.0,64.37,15.62,1,8.7,0
CUST102506,Female,34,Married,2,14,Mobile Phone,UPI,Others,1,3,6,0,1.9,1,0.0,225.59,,0,21.9,0
CUST102994,Female,31,Single,3,21,Computer,Cash on Delivery,Mobile Phone,3,4,7,1,3.06,2,72.0,170.2,0.0,2,20.2,0
CUST102126,Male,66,Single,1,12,Mobile Phone,UPI,Fashion,5,1,3,0,3.05,7,0.0,79.45,8.29,1,6.4,0
CUST102926,Female,54,Single,2,34,Mobile Phone,Credit Card,Mobile Phone,1,4,2,0,3.82,6,43.0,115.83,16.64,1,11.3,0
CUST104760,Male,46,Married,1,67,Mobile Phone,Credit Card,Grocery,5,3,5,0,3.3,4,46.0,27.34,13.05,2,33.1,0
CUST100906,Male,64,Married,2,2,Computer,Credit Card,Laptop & Accessory,2,4,7,1,5.22,4,15.0,125.02,20.58,1,27.6,0
CUST103671,Female,26,Married,3,59,Mobile Phone,Debit Card,Grocery,4,1,5,0,3.22,5,23.0,115.87,23.32,2,17.7,0
CUST101030,Female,28,Divorced,1,42,Computer,UPI,Grocery,3,3,3,0,2.72,4,5.0,298.23,22.58,1,10.0,1
CUST102507,Female,36,Single,2,59,Computer,Cash on Delivery,Fashion,1,3,1,0,0.44,2,80.0,109.58,18.09,1,11.1,0
CUST102428,Female,64,Married,3,27,Mobile Phone,Cash on Delivery,Mobile Phone,2,5,1,0,1.35,5,22.0,296.63,6.76,3,22.3,1
CUST100947,Female,28,Single,3,1,Computer,UPI,Mobile Phone,3,1,1,0,,3,53.0,177.95,13.69,1,8.0,1
CUST103830,Male,60,Married,1,56,Mobile Phone,E-wallet,Others,4,1,1,0,4.74,3,41.0,52.62,14.79,1,20.7,0
CUST104091,Female,68,Married,2,19,Computer,Credit Card,Fashion,2,1,4,0,2.95,5,50.0,142.09,3.2,3,15.7,0
CUST100715,Male,39,Single,1,17,Mobile Phone,Credit Card,Laptop & Accessory,5,1,2,0,1.42,2,86.0,154.66,,2,9.5,1
CUST104563,Female,22,Married,3,37,Computer,Credit Card,Laptop & Accessory,5,4,5,1,6.05,5,34.0,187.11,21.91,1,24.0,0
CUST100686,Male,54,Divorced,3,32,Computer,E-wallet,Laptop & Accessory,2,2,1,0,3.7,4,61.0,71.57,5.39,1,9.2,0
CUST100703,Female,57,Married,2,60,Mobile Phone,Credit Card,Mobile Phone,2,3,3,0,3.74,4,3.0,65.95,13.4,5,1.0,0
CUST103341,Female,37,Married,1,12,Mobile Phone,UPI,Laptop & Accessory,4,5,5,1,1.15,1,2.0,145.61,29.54,0,13.9,0
CUST102353,Female,54,Single,2,55,Computer,Debit Card,Grocery,1,2,3,0,1.57,5,47.0,125.19,20.12,3,5.0,0
CUST102257,Female,45,Single,1,29,Mobile Phone,Debit Card,Fashion,5,1,3,0,1.09,3,49.0,127.65,23.02,1,5.5,0
CUST103573,Male,41,Married,2,62,Computer,Cash on Delivery,Fashion,5,1,6,1,1.15,0,32.0,167.25,7.62,3,11.9,0
CUST100473,Male,27,Married,3,53,Computer,Credit Card,Laptop & Accessory,3,5,6,0,0.81,1,85.0,242.48,16.59,0,1.0,0
CUST100021,Male,30,Divorced,1,43,Computer,Debit Card,Laptop & Accessory,1,5,3,0,0.81,6,11.0,194.9,14.46,2,19.8,0
CUST102752,Female,36,Divorced,2,70,Mobile Phone,Credit Card,Mobile Phone,1,5,6,0,1.1,3,3.0,128.52,6.97,0,12.9,0
CUST100885,Male,60,Married,1,49,Mobile Phone,Credit Card,Fashion,5,1,4,1,1.34,5,29.0,166.96,19.14,1,27.0,0
CUST102448,Female,47,Married,3,48,Mobile Phone,Credit Card,Fashion,3,1,4,0,7.64,1,25.0,104.87,22.94,1,14.1,0
CUST100917,Male,27,Single,2,7,Mobile Phone,Credit Card,Mobile Phone,2,3,6,0,1.03,3,22.0,231.93,23.85,1,23.4,0
CUST103781,Female,50,Divorced,3,45,Mobile Phone,Credit Card,Mobile Phone,4,3,3,0,2.7,0,60.0,78.62,25.13,0,12.9,0
CUST104441,Male,29,Single,2,52,Mobile Phone,Debit Card,Others,2,3,5,0,1.7,2,59.0,196.89,18.28,0,11.9,0
CUST102239,Female,18,Single,3,52,Mobile Phone,Debit Card,Laptop & Accessory,5,4,5,0,4.2,4,82.0,131.36,9.55,3,19.9,0
CUST103868,Female,53,Single,1,67,Mobile Phone,Credit Card,Fashion,5,4,7,0,0.49,2,8.0,104.6,12.65,0,7.6,0
CUST103395,Female,24,Married,3,17,Mobile Phone,UPI,Laptop & Accessory,3,3,7,0,1.55,4,68.0,165.16,8.11,1,16.0,1
CUST101265,Female,39,Single,1,57,Mobile Phone,E-wallet,Grocery,1,4,3,1,2.4,2,17.0,126.52,32.71,0,14.5,0
CUST100483,Male,33,Single,2,32,Mobile Phone,Credit Card,Fashion,3,2,5,0,1.93,1,4.0,159.94,0.64,2,8.0,0
CUST104351,Male,18,Single,3,7,Mobile Phone,Credit Card,Fashion,2,2,3,1,3.27,3,82.0,121.42,18.08,2,23.5,0
CUST102963,Female,42,Divorced,3,41,Mobile Phone,Debit Card,Grocery,3,1,1,1,4.12,3,29.0,93.11,16.84,2,26.0,1
CUST101219,Male,54,Married,3,43,Mobile Phone,E-wallet,Others,4,2,3,1,3.03,1,13.0,224.9,14.91,5,10.2,0
CUST100277,Male,29,Married,2,41,Mobile Phone,Cash on Delivery,Mobile Phone,5,4,1,0,0.71,3,83.0,152.3,12.19,0,17.6,0
CUST100988,Male,41,Single,1,37,Mobile Phone,Debit Card,Mobile Phone,1,5,7,1,3.77,1,30.0,176.11,26.1,4,13.6,0
CUST102084,Female,57,Married,3,20,Mobile Phone,Debit Card,Grocery,2,5,7,0,1.32,8,51.0,212.07,16.75,1,23.0,0
CUST101245,Male,51,Single,2,51,Computer,Debit Card,Others,5,4,3,0,2.16,7,34.0,160.65,15.89,0,26.0,0
CUST102382,Male,29,Divorced,3,41,Mobile Phone,UPI,Mobile Phone,2,1,6,1,0.16,2,20.0,78.11,12.04,3,16.7,1
CUST100571,Female,23,Divorced,2,69,Mobile Phone,Credit Card,Grocery,1,4,6,0,,6,,115.89,30.07,2,19.4,0
CUST101435,Female,69,Married,2,41,Computer,Debit Card,Fashion,4,2,5,0,0.84,1,49.0,246.58,22.17,2,15.3,1
CUST100993,Male,68,Married,1,9,Computer,Cash on Delivery,Mobile Phone,2,1,5,1,0.85,3,56.0,206.65,18.83,1,11.2,0
CUST103473,Male,18,Married,1,25,Computer,Credit Card,Fashion,1,3,7,1,1.35,6,63.0,123.92,10.63,1,1.0,0
CUST103955,Female,28,Married,2,54,Mobile Phone,Credit Card,Fashion,1,5,7,0,0.76,4,17.0,201.38,29.98,1,28.1,0
CUST100585,Female,62,Married,2,12,Mobile Phone,E-wallet,Laptop & Accessory,5,3,1,0,1.27,3,51.0,231.62,14.89,0,24.2,0
CUST103682,Male,44,Single,1,60,Mobile Phone,Credit Card,Fashion,3,1,3,0,1.62,4,68.0,179.74,14.18,2,19.2,0
CUST102514,Male,60,Married,2,35,Mobile Phone,Debit Card,Mobile Phone,1,4,7,0,2.36,4,1.0,161.42,31.46,3,20.8,0
CUST101349,Male,44,Single,3,5,Mobile Phone,Credit Card,Laptop & Accessory,5,4,1,0,2.12,1,61.0,125.33,24.01,2,24.0,0
CUST101007,Male,50,Single,2,1,Computer,Credit Card,Grocery,5,5,5,1,1.04,2,54.0,52.11,13.49,2,12.4,0
CUST100674,Female,55,Single,3,18,Mobile Phone,Credit Card,Mobile Phone,1,1,3,0,1.11,3,37.0,0.0,14.91,0,28.6,0
CUST102412,Male,38,Single,3,41,Computer,E-wallet,Grocery,4,2,3,1,4.68,8,7.0,137.63,11.87,1,17.6,0
CUST102903,Female,32,Single,3,36,Computer,Cash on Delivery,Mobile Phone,4,2,4,1,1.26,5,30.0,238.75,7.12,0,5.8,0
CUST100447,Female,23,Married,1,28,Mobile Phone,Debit Card,Others,2,2,3,0,2.59,2,71.0,140.87,31.67,0,4.1,0
CUST103494,Male,22,Single,2,68,Mobile Phone,Credit Card,Mobile Phone,1,1,2,1,3.05,2,0.0,167.57,8.6,1,17.4,1
CUST103782,Female,42,Single,2,29,Mobile Phone,UPI,Laptop & Accessory,4,5,6,1,3.21,5,46.0,255.54,13.53,0,12.3,0
CUST103727,Male,34,Single,2,36,Mobile Phone,Debit Card,Mobile Phone,1,3,3,0,3.89,3,26.0,187.6,28.13,0,8.3,0
CUST100359,Female,45,Single,2,70,Computer,Credit Card,Grocery,1,1,6,0,3.94,5,73.0,66.7,19.0,2,7.7,0
CUST102064,Male,31,Married,1,65,Computer,Cash on Delivery,Mobile Phone,3,4,1,0,1.63,2,10.0,,25.12,2,7.2,0
CUST104463,Female,29,Single,1,27,Mobile Phone,Credit Card,Grocery,3,2,7,1,0.78,3,82.0,99.99,8.89,2,10.2,0
CUST103834,Male,20,Single,2,31,Mobile Phone,Cash on Delivery,Laptop & Accessory,4,4,5,0,3.85,0,13.0,88.97,9.92,0,9.2,1
CUST101690,Female,23,Single,1,15,Mobile Phone,Debit Card,Mobile Phone,1,4,7,1,1.94,2,5.0,72.08,24.1,0,22.2,1
CUST104340,Male,27,Married,2,39,Computer,Debit Card,Mobile Phone,1,5,1,1,0.73,2,41.0,124.35,22.75,3,16.7,1
CUST101548,Male,34,Single,1,64,Mobile Phone,Debit Card,Laptop & Accessory,2,4,1,1,3.17,3,9.0,49.61,12.78,0,10.0,0
CUST101247,Male,49,Single,2,14,Mobile Phone,Debit Card,Mobile Phone,5,4,2,1,0.49,3,40.0,207.06,28.6,1,13.4,0
CUST101985,Female,68,,1,29,Mobile Phone,Credit Card,Laptop & Accessory,3,5,6,1,4.03,3,89.0,165.15,25.03,2,5.6,0
CUST100294,Female,58,Divorced,1,24,Mobile Phone,Cash on Delivery,Others,5,3,2,0,1.4,6,65.0,49.11,35.33,0,35.3,0
CUST101547,Female,45,Married,1,52,Mobile Phone,UPI,Mobile Phone,5,5,3,0,4.48,5,44.0,110.13,0.0,0,1.7,0
CUST102012,Male,50,Divorced,3,20,Mobile Phone,Debit Card,Laptop & Accessory,2,5,7,0,1.75,3,68.0,0.0,6.36,4,22.5,0
CUST100588,Male,66,Single,1,61,Mobile Phone,UPI,Laptop & Accessory,1,2,7,0,3.06,3,31.0,159.98,22.89,4,17.3,0
CUST103329,Male,31,Single,2,35,Computer,Debit Card,Grocery,4,3,4,1,0.61,1,25.0,98.87,7.94,3,13.3,0
CUST102403,Female,43,Single,1,39,Mobile Phone,UPI,Mobile Phone,1,4,3,1,3.88,6,5.0,99.07,3.98,0,17.0,0
CUST102129,Male,35,Single,3,29,Computer,Credit Card,Mobile Phone,2,2,6,0,5.05,2,49.0,162.98,18.7,1,31.3,0
CUST104402,Male,36,Married,3,43,Mobile Phone,UPI,Laptop & Accessory,5,2,7,0,2.29,3,24.0,96.32,7.79,0,18.2,0
CUST102410,Female,61,Married,2,10,Mobile Phone,Debit Card,Others,3,5,1,0,4.84,4,77.0,101.37,0.5,1,26.2,0
CUST102719,Female,42,Single,1,14,Mobile Phone,UPI,Others,2,1,4,0,1.05,4,45.0,91.52,12.28,1,6.6,0
CUST104568,Female,25,Divorced,1,8,Mobile Phone,Cash on Delivery,Mobile Phone,1,5,5,0,5.24,1,30.0,98.99,15.05,1,10.7,0
CUST100425,Female,68,Single,2,30,Mobile Phone,Credit Card,Mobile Phone,3,1,2,0,1.88,3,58.0,117.26,18.3,2,12.8,1
CUST102582,Male,64,Single,2,16,Computer,Debit Card,Others,3,2,3,0,2.18,3,66.0,202.0,17.79,1,23.2,0
CUST101054,Male,25,Single,1,64,Mobile Phone,Debit Card,Fashion,2,2,7,0,4.56,2,43.0,152.93,11.04,0,20.7,0
CUST103990,Female,25,Married,2,10,Computer,Debit Card,Fashion,3,3,1,0,2.21,5,64.0,122.31,19.37,3,21.7,0
CUST104576,Female,35,Married,2,27,Mobile Phone,E-wallet,Mobile Phone,4,5,4,0,0.56,2,43.0,71.42,10.31,3,26.5,0
CUST100556,Male,56,Married,1,47,Mobile Phone,UPI,Laptop & Accessory,5,4,2,0,3.48,2,,172.21,17.44,3,9.4,0
CUST104372,Male,69,Married,3,33,Mobile Phone,UPI,Mobile Phone,2,2,1,0,2.16,3,41.0,162.25,13.55,1,18.2,0
CUST104050,Female,29,Single,1,66,Mobile Phone,Credit Card,Others,3,4,1,1,1.8,1,11.0,,17.79,1,8.8,0
CUST104727,Male,60,Single,1,66,Computer,Debit Card,Mobile Phone,1,1,3,0,0.93,3,8.0,203.92,8.96,2,17.9,0
CUST102469,Male,36,Single,1,54,Mobile Phone,UPI,Fashion,2,1,3,0,2.71,1,44.0,66.13,14.11,2,12.1,0
CUST104725,Male,64,Married,2,4,Mobile Phone,UPI,Laptop & Accessory,4,3,2,0,0.85,2,82.0,70.02,16.49,2,28.6,0
CUST100355,Female,18,Single,2,69,Mobile Phone,E-wallet,Fashion,4,4,2,1,3.35,3,67.0,200.68,7.5,1,20.6,0
CUST101193,Female,65,Married,2,5,Mobile Phone,Credit Card,Others,4,2,5,0,9.68,1,34.0,124.51,8.89,6,6.0,0
CUST101716,Male,41,Married,1,29,Mobile Phone,Cash on Delivery,Fashion,1,3,6,0,4.61,0,15.0,113.79,12.91,3,1.0,0
CUST103416,Female,48,Single,3,18,Mobile Phone,UPI,Grocery,4,1,7,0,2.84,3,73.0,76.32,21.49,0,8.3,0
CUST102604,Male,61,Single,1,53,Mobile Phone,UPI,Others,5,5,5,0,3.21,4,21.0,180.77,35.15,1,15.0,0
CUST104668,Female,47,Married,1,1,Mobile Phone,UPI,Laptop & Accessory,4,5,2,1,5.42,4,10.0,202.05,23.73,1,9.3,0
CUST102828,Female,45,Married,2,56,Mobile Phone,Credit Card,Mobile Phone,1,4,1,1,0.47,2,27.0,181.26,9.62,0,17.5,1
CUST101704,Male,23,Single,1,52,Mobile Phone,UPI,Mobile Phone,2,4,1,0,1.4,3,,135.74,19.59,0,5.8,1
CUST102863,Male,40,Married,1,20,Mobile Phone,UPI,Mobile Phone,5,1,6,1,0.36,2,13.0,65.19,8.31,1,12.8,0
CUST102618,Female,19,Divorced,1,66,Mobile Phone,Credit Card,Fashion,2,4,1,1,3.43,2,82.0,144.91,15.38,0,7.6,0
CUST102400,Female,20,Married,2,30,Mobile Phone,Debit Card,Mobile Phone,5,3,5,0,3.86,1,89.0,73.46,1.85,0,13.0,1
CUST102139,Female,25,Single,3,57,Mobile Phone,Debit Card,Mobile Phone,2,3,3,0,3.72,3,21.0,128.3,14.11,2,11.9,0
CUST103239,Male,31,Single,1,61,Mobile Phone,UPI,Mobile Phone,5,3,6,0,0.25,2,50.0,189.97,12.58,1,13.4,0
CUST102383,Male,25,Married,1,23,Computer,Cash on Delivery,Laptop & Accessory,3,1,3,0,2.33,1,23.0,208.93,12.61,2,14.7,0
CUST103218,Male,33,Single,2,65,Computer,Debit Card,Fashion,1,4,1,0,1.65,4,60.0,150.77,13.88,1,4.9,0
CUST103768,Female,55,Married,1,2,Mobile Phone,UPI,Laptop & Accessory,2,5,4,0,6.58,3,71.0,203.79,29.85,0,15.5,1
CUST101285,Female,58,Married,1,20,Mobile Phone,Credit Card,Fashion,5,2,2,0,1.68,1,54.0,125.72,13.22,0,31.5,0
CUST103820,Female,40,Single,3,47,Mobile Phone,Debit Card,Fashion,3,5,6,0,0.43,3,68.0,148.83,21.13,0,15.6,0
CUST103864,Female,67,Married,1,54,Computer,Cash on Delivery,Fashion,3,4,5,0,0.16,4,27.0,51.61,13.2,1,15.8,0
CUST104482,Female,23,Divorced,3,33,Mobile Phone,Cash on Delivery,Fashion,5,2,1,0,3.73,6,42.0,112.25,13.87,0,13.0,0
CUST102087,Male,69,Single,1,70,Mobile Phone,Credit Card,Fashion,1,4,5,0,0.89,6,81.0,185.09,10.6,2,17.9,0
CUST101889,Male,19,Married,1,62,Computer,UPI,Others,5,3,3,0,8.63,4,34.0,305.41,32.34,0,4.1,0
CUST103528,Female,52,Married,2,28,Mobile Phone,Debit Card,Others,3,5,4,1,5.79,6,64.0,103.58,14.23,2,18.2,0
CUST101591,Male,50,Married,1,29,Mobile Phone,Credit Card,Laptop & Accessory,1,5,2,0,4.42,2,69.0,160.44,34.23,1,13.9,0
CUST101346,Male,50,Single,2,13,Mobile Phone,Debit Card,Fashion,1,1,1,0,5.04,2,4.0,192.42,0.0,1,12.5,0
CUST104445,Male,45,Married,1,34,Mobile Phone,Credit Card,Fashion,4,1,5,0,1.02,4,89.0,182.91,4.95,0,12.9,0
CUST102162,Male,27,Single,1,7,Mobile Phone,Credit Card,Mobile Phone,5,1,2,0,0.18,2,39.0,142.9,18.98,3,17.9,0
CUST102396,Male,68,Single,1,38,Computer,Cash on Delivery,Fashion,3,5,2,1,3.17,4,68.0,21.04,20.72,2,21.8,0
CUST103667,Male,68,Married,3,44,Computer,UPI,Fashion,1,5,5,0,2.88,2,60.0,96.3,14.53,4,5.7,0
CUST102271,Female,30,Married,1,34,Mobile Phone,Credit Card,Fashion,2,1,7,0,5.43,2,32.0,120.92,25.6,0,21.7,0
CUST104504,Male,33,Divorced,2,27,Mobile Phone,Credit Card,Grocery,5,1,3,1,0.57,2,3.0,184.66,6.52,0,22.2,0
CUST103111,Male,37,Divorced,1,66,Mobile Phone,Debit Card,Grocery,1,4,7,0,6.76,3,24.0,143.69,20.44,1,31.9,0
CUST101137,Male,28,Single,3,9,Computer,Credit Card,Others,5,1,1,0,0.73,1,19.0,155.97,10.91,3,19.4,0
CUST103919,Male,65,Single,3,70,Mobile Phone,UPI,Fashion,2,2,1,0,0.74,7,40.0,122.04,22.21,1,17.1,0
CUST100972,Male,58,Married,3,58,Mobile Phone,Credit Card,Grocery,4,3,7,0,1.26,4,18.0,171.04,16.58,0,11.7,0
CUST100795,Male,34,Married,2,5,Mobile Phone,Cash on Delivery,Fashion,2,2,4,1,1.15,1,57.0,182.66,7.17,1,1.7,1
CUST103020,Male,57,Married,3,49,Computer,Cash on Delivery,Fashion,4,3,7,0,2.26,2,42.0,156.04,12.43,2,13.4,0
CUST101711,Male,60,Married,1,57,Computer,Cash on Delivery,Mobile Phone,1,4,6,0,4.35,10,43.0,118.08,26.63,2,27.7,0
CUST103387,Female,60,Single,3,18,Mobile Phone,Debit Card,Others,5,1,5,1,1.26,6,19.0,176.72,12.47,0,16.9,0
CUST100036,Male,43,Married,3,65,Mobile Phone,Debit Card,Laptop & Accessory,1,3,5,1,3.25,7,2.0,208.0,20.84,2,15.5,0
CUST100453,Male,25,,1,8,Mobile Phone,Credit Card,Mobile Phone,2,1,1,1,1.68,2,14.0,206.81,7.02,2,33.4,0
CUST100913,Female,27,Married,2,25,Computer,UPI,Laptop & Accessory,3,5,4,1,1.0,3,43.0,232.06,11.12,0,9.6,1
CUST104102,Female,35,Married,3,17,Mobile Phone,UPI,Others,2,1,1,1,0.41,4,33.0,268.68,12.26,1,14.7,0
CUST101199,Female,42,Single,1,67,Mobile Phone,Debit Card,Fashion,5,2,7,0,3.03,3,32.0,79.3,14.04,1,17.1,0
CUST101274,Male,23,Single,1,5,Mobile Phone,Cash on Delivery,Mobile Phone,4,4,5,1,2.18,8,87.0,139.54,13.62,2,11.4,0
CUST102375,Male,31,Married,1,18,Mobile Phone,Credit Card,Laptop & Accessory,3,3,6,0,4.49,2,60.0,208.31,22.75,2,11.3,0
CUST100037,Male,49,Single,2,26,Mobile Phone,Cash on Delivery,Mobile Phone,4,4,4,0,2.17,4,53.0,134.12,31.18,1,18.8,0
CUST100974,Male,60,Married,2,47,Computer,Credit Card,Mobile Phone,3,3,4,0,0.82,3,79.0,22.15,7.61,2,15.9,0
CUST103195,Male,31,Single,2,27,Mobile Phone,Credit Card,Fashion,5,2,3,1,0.23,4,8.0,140.45,24.47,1,18.2,0
CUST100983,Male,52,Single,1,67,Mobile Phone,UPI,Laptop & Accessory,1,2,3,0,0.94,5,2.0,175.59,34.82,3,6.6,0
CUST103928,Male,52,Married,2,27,Computer,Debit Card,Mobile Phone,5,5,5,0,5.54,6,25.0,132.16,15.69,0,9.6,0
CUST104093,Male,37,Married,2,48,Mobile Phone,Credit Card,Mobile Phone,4,5,2,0,1.75,4,30.0,65.19,27.33,4,20.1,0
CUST101418,Female,50,Single,3,20,Mobile Phone,UPI,Fashion,1,3,6,0,1.91,1,77.0,204.31,18.84,2,11.7,0
CUST103332,Male,59,Single,2,67,Computer,E-wallet,Fashion,4,2,6,0,1.9,4,69.0,76.43,13.27,1,32.8,0
CUST101560,Female,37,Married,3,37,Mobile Phone,E-wallet,Mobile Phone,2,2,6,0,2.1,3,76.0,145.86,23.04,0,35.2,1
CUST100039,Female,40,Married,2,1,Mobile Phone,Credit Card,Grocery,5,1,3,0,1.27,6,,197.14,11.87,1,3.0,1
CUST101486,Female,33,Married,3,20,Computer,UPI,Mobile Phone,2,5,5,1,3.88,3,12.0,197.12,0.88,1,16.4,0
CUST103907,Female,50,Single,2,48,Computer,UPI,Mobile Phone,2,4,4,0,0.78,6,40.0,240.28,8.35,2,1.8,0
CUST100169,Female,66,Married,1,39,Mobile Phone,Credit Card,Fashion,1,3,2,1,1.15,1,8.0,62.54,2.29,1,19.6,0
CUST101355,Male,48,Single,1,41,Mobile Phone,Debit Card,Mobile Phone,4,2,7,1,5.69,1,35.0,182.05,20.73,3,15.0,0
CUST102785,Female,34,Single,1,54,Mobile Phone,UPI,Fashion,4,5,4,0,8.25,3,2.0,121.12,16.6,1,9.3,0
CUST103656,Male,55,Married,3,36,Computer,Cash on Delivery,Laptop & Accessory,1,5,7,0,1.28,2,9.0,174.31,30.0,1,12.8,0
CUST104763,Male,37,Married,1,8,Computer,Credit Card,Fashion,5,2,2,0,1.89,4,11.0,141.87,0.0,2,8.3,0
CUST104028,Male,56,Single,2,33,Mobile Phone,Debit Card,Others,5,5,7,0,1.78,2,70.0,100.84,13.04,0,3.9,0
CUST102682,Male,69,Single,1,28,Mobile Phone,Cash on Delivery,Mobile Phone,2,1,7,0,1.87,5,12.0,183.9,14.02,1,10.9,0
CUST104719,Male,52,Single,1,36,Mobile Phone,UPI,Laptop & Accessory,3,5,1,0,4.24,1,50.0,173.62,15.26,3,12.0,0
CUST104049,Female,23,Married,1,6,Mobile Phone,UPI,Laptop & Accessory,3,4,2,1,2.89,3,4.0,250.84,20.83,1,16.6,0
CUST101640,Female,44,Single,2,69,Computer,UPI,Laptop & Accessory,5,1,7,0,1.99,2,58.0,209.37,12.92,4,14.3,0
CUST101290,Male,60,Single,3,46,Computer,Debit Card,Mobile Phone,3,1,3,0,1.34,5,71.0,153.94,11.07,0,1.0,0
CUST101380,Male,31,Divorced,2,13,Computer,Debit Card,Laptop & Accessory,4,5,2,0,1.3,2,31.0,89.73,16.69,3,15.5,0
CUST101933,Female,58,Married,2,28,Mobile Phone,Credit Card,Fashion,4,1,3,0,2.05,2,63.0,158.0,4.36,2,31.7,0
CUST100579,Male,49,Married,1,17,Mobile Phone,Cash on Delivery,Mobile Phone,2,1,3,0,0.69,1,57.0,222.57,2.69,1,18.9,0
CUST104233,Female,37,Married,1,0,Computer,Credit Card,Fashion,4,5,6,1,1.09,2,11.0,106.71,14.98,0,12.7,1
CUST103160,Female,36,Married,1,57,Mobile Phone,Credit Card,Fashion,3,1,3,0,3.56,5,78.0,135.33,8.62,0,27.6,0
CUST102030,Male,55,Married,1,0,Computer,Cash on Delivery,Laptop & Accessory,2,3,7,0,7.94,3,60.0,162.89,24.78,2,6.4,0
CUST100892,Male,30,Single,3,53,Mobile Phone,E-wallet,Mobile Phone,2,2,1,0,3.43,5,80.0,155.51,7.54,1,35.3,0
CUST103975,Male,20,Single,3,36,Mobile Phone,UPI,Grocery,5,4,4,0,2.71,4,48.0,46.64,3.75,1,26.7,0
CUST100780,Male,29,Single,2,5,Computer,Cash on Delivery,Mobile Phone,5,1,5,1,0.8,5,44.0,99.52,12.56,3,15.4,0
CUST100159,Female,55,Single,2,26,Computer,Cash on Delivery,Grocery,3,1,2,1,1.66,2,55.0,99.25,17.5,1,18.9,1
CUST100002,Female,45,Single,1,41,Mobile Phone,Cash on Delivery,Others,2,5,1,0,4.73,1,55.0,276.2,13.24,3,10.3,0
CUST102263,Male,51,Married,1,37,Computer,Credit Card,Fashion,4,1,6,0,8.71,4,31.0,131.23,8.92,3,9.1,0
CUST103216,Male,46,Married,3,22,Mobile Phone,Cash on Delivery,Mobile Phone,2,5,5,1,2.51,2,41.0,97.46,,0,19.3,0
CUST102109,Male,19,Married,1,57,Computer,Debit Card,Mobile Phone,4,5,3,0,1.43,7,38.0,258.63,19.58,2,22.8,0
CUST100849,Female,66,Divorced,2,60,Mobile Phone,E-wallet,Fashion,2,1,3,0,0.46,8,48.0,212.0,18.71,3,4.6,0
CUST102737,Female,46,Married,3,29,Mobile Phone,Debit Card,Mobile Phone,5,3,7,0,1.59,3,72.0,286.46,8.9,0,17.8,0
CUST102466,Female,60,Single,1,53,Computer,Credit Card,Fashion,2,2,1,0,3.31,5,20.0,237.5,22.29,3,19.5,0
CUST103720,Female,35,Divorced,2,53,Mobile Phone,Debit Card,Fashion,2,2,2,0,1.15,2,24.0,122.64,0.0,2,15.4,0
CUST103674,Female,30,Divorced,2,57,Mobile Phone,UPI,Laptop & Accessory,4,4,6,0,3.57,3,85.0,181.8,26.49,2,10.8,0
CUST101596,Male,44,Single,1,67,Computer,UPI,Fashion,5,5,7,0,4.06,2,82.0,240.58,31.6,4,14.5,0
CUST101776,Female,56,Married,1,40,Mobile Phone,Debit Card,Laptop & Accessory,3,5,7,0,5.34,2,58.0,79.28,5.26,2,5.7,0
CUST101913,Female,46,Married,1,68,Computer,Credit Card,Fashion,4,2,3,0,1.55,5,81.0,151.99,12.96,1,9.8,0
CUST101043,Female,30,Single,1,18,Mobile Phone,E-wallet,Grocery,4,2,4,0,0.26,3,35.0,227.67,16.04,1,11.6,0
CUST104728,Female,39,Single,3,50,Mobile Phone,UPI,Laptop & Accessory,4,5,7,0,1.74,2,19.0,81.0,16.42,6,14.8,0
CUST101544,Male,61,Divorced,1,23,Mobile Phone,Debit Card,Laptop & Accessory,3,2,3,1,1.64,5,87.0,144.95,18.15,1,28.9,0
CUST102736,Male,37,Single,1,33,Mobile Phone,UPI,Grocery,2,4,2,1,,4,24.0,208.98,14.13,1,1.0,1
CUST104619,Male,38,Married,1,55,Mobile Phone,Credit Card,Laptop & Accessory,3,5,2,0,4.57,5,1.0,305.65,12.37,3,20.6,0
CUST104632,Male,61,Married,3,14,Mobile Phone,UPI,Others,4,1,7,1,3.12,5,69.0,186.45,16.26,0,13.3,0
CUST100053,Female,40,Married,2,56,Mobile Phone,Credit Card,Grocery,5,4,7,1,2.66,4,3.0,153.58,15.06,2,29.0,0
CUST101796,Female,41,Married,2,62,Computer,Credit Card,Laptop & Accessory,2,1,3,0,2.73,1,60.0,121.0,18.36,3,14.1,0
CUST103588,Female,25,Single,2,15,Mobile Phone,UPI,Grocery,1,3,4,1,1.39,2,24.0,206.97,9.5,3,17.1,0
CUST101911,Male,51,Single,3,5,Mobile Phone,E-wallet,Fashion,5,2,1,0,2.51,3,56.0,169.26,7.15,3,15.3,1
CUST102306,Female,66,Single,1,29,Mobile Phone,UPI,Grocery,1,3,2,0,1.74,4,14.0,,9.22,0,9.7,0
CUST102553,Female,28,Single,2,32,Computer,UPI,Mobile Phone,3,2,4,1,2.11,4,10.0,189.06,17.79,0,22.3,0
CUST102800,Female,63,Married,3,6,Mobile Phone,Credit Card,Grocery,2,2,1,0,0.33,6,82.0,150.44,33.72,2,17.4,0
CUST100936,Female,66,Divorced,3,58,Mobile Phone,Debit Card,Mobile Phone,3,4,1,0,0.42,4,69.0,133.72,16.76,1,16.4,0
CUST104140,Male,22,Married,2,47,Computer,E-wallet,Mobile Phone,1,2,5,0,3.65,1,76.0,258.38,21.8,0,5.2,0
CUST100824,Female,53,Single,1,50,Mobile Phone,Credit Card,Laptop & Accessory,2,1,3,1,0.54,1,22.0,128.74,19.79,0,11.5,1
CUST104748,Female,33,Single,3,51,Mobile Phone,E-wallet,Grocery,1,4,7,1,0.66,1,20.0,204.93,10.75,2,1.0,0
CUST103178,Male,35,Married,1,53,Computer,Credit Card,Laptop & Accessory,1,3,6,1,2.62,1,41.0,131.57,12.45,1,23.4,0
CUST103401,Female,30,Single,2,11,Computer,Credit Card,Fashion,5,1,1,1,0.9,3,84.0,,11.27,1,31.7,1
CUST101389,Male,56,Married,1,65,Mobile Phone,E-wallet,Fashion,3,3,1,0,0.61,1,46.0,211.32,6.98,5,17.5,0
CUST103564,Female,48,Married,2,32,Computer,Debit Card,Grocery,2,5,3,1,1.13,2,79.0,162.82,21.0,3,8.8,0
CUST104891,Male,52,Married,1,2,Computer,E-wallet,Fashion,4,1,7,0,3.12,1,3.0,103.74,18.16,0,19.6,0
CUST100884,Male,26,Married,3,5,Computer,Cash on Delivery,Fashion,4,5,1,0,4.39,6,51.0,169.19,8.98,1,24.5,0
CUST103829,Female,56,Single,1,61,Mobile Phone,Credit Card,Laptop & Accessory,5,5,7,0,3.55,3,88.0,198.53,23.57,1,17.3,0
CUST101607,Male,47,Single,1,33,Computer,UPI,Laptop & Accessory,1,1,4,0,0.73,5,46.0,124.46,22.35,3,13.2,0
CUST101594,Female,49,Married,2,3,Mobile Phone,Debit Card,Laptop & Accessory,3,3,1,0,2.1,5,11.0,,19.51,2,4.9,0
CUST100771,Female,58,Single,1,25,Mobile Phone,Cash on Delivery,Others,2,2,3,0,1.27,3,7.0,148.98,30.3,0,23.6,0
CUST102611,Female,22,Married,1,39,Mobile Phone,Credit Card,Fashion,1,5,3,0,4.03,2,67.0,117.49,18.09,1,8.0,0
CUST103878,Male,63,Married,3,39,Mobile Phone,Cash on Delivery,Laptop & Accessory,3,4,5,0,0.91,4,31.0,246.26,9.31,3,1.9,0
CUST102273,Female,67,Married,1,18,Mobile Phone,Credit Card,Others,3,4,1,0,0.27,3,57.0,250.47,14.78,2,25.1,0
CUST101868,Female,22,Single,1,61,Mobile Phone,Debit Card,Fashion,1,3,1,1,2.5,5,63.0,155.82,18.99,1,7.1,0
CUST101085,Female,49,Married,3,60,Mobile Phone,Debit Card,Mobile Phone,4,1,5,0,3.86,3,37.0,80.92,21.67,3,14.2,0
CUST100010,Male,51,Single,2,45,Mobile Phone,Credit Card,Fashion,3,4,1,0,1.8,9,70.0,57.18,,0,6.6,0
CUST103635,Male,27,Married,1,24,Computer,Cash on Delivery,Fashion,5,2,2,0,3.99,2,,148.62,13.23,3,18.7,0
CUST101325,Female,45,Married,1,16,Computer,Debit Card,Grocery,4,2,4,0,2.22,3,67.0,225.34,4.58,1,7.8,0
CUST103390,Male,19,Single,3,15,Mobile Phone,E-wallet,Mobile Phone,1,2,3,1,0.95,2,71.0,217.2,22.89,3,34.3,0
CUST101463,Male,64,Single,1,15,Computer,E-wallet,Laptop & Accessory,5,4,2,0,3.54,4,73.0,162.13,9.96,1,18.6,0
CUST100806,Female,56,Married,1,28,Mobile Phone,Cash on Delivery,Fashion,2,3,5,0,0.33,3,28.0,94.76,18.02,4,8.8,0
CUST103759,Male,23,Single,2,12,Computer,UPI,Others,1,1,6,0,,5,64.0,129.21,12.91,2,20.8,0
CUST104009,Female,64,Married,2,41,Computer,Debit Card,Mobile Phone,1,5,6,1,3.33,2,27.0,178.39,23.3,3,11.1,0
CUST103795,Female,18,Divorced,2,62,Computer,Credit Card,Fashion,4,5,5,0,0.65,4,53.0,7.27,17.75,0,24.3,0
CUST102108,Male,31,Single,1,15,Computer,Cash on Delivery,Fashion,2,2,7,0,3.55,5,42.0,206.48,21.56,2,15.7,0
CUST104639,Male,35,Married,3,63,Mobile Phone,Credit Card,Grocery,5,4,7,0,0.43,1,42.0,142.21,11.95,3,26.6,0
CUST104971,Male,59,Married,2,69,Mobile Phone,UPI,Others,3,5,1,0,1.65,1,51.0,135.7,15.6,2,8.4,0
CUST102234,Female,52,Married,3,27,Mobile Phone,Debit Card,Fashion,1,3,5,1,1.16,5,65.0,195.32,13.02,0,17.9,0
CUST103211,Female,23,Married,1,52,Mobile Phone,Credit Card,Fashion,1,1,4,1,1.14,3,68.0,141.46,18.38,4,16.5,0
CUST100963,Male,18,Divorced,2,64,Mobile Phone,Credit Card,Fashion,5,3,4,1,5.55,1,6.0,85.91,18.63,1,12.8,0
CUST103415,Male,45,Married,1,29,Mobile Phone,Credit Card,Fashion,2,3,7,1,0.55,1,51.0,127.64,10.99,0,11.9,0
CUST104774,Male,58,Single,3,40,Computer,Credit Card,Others,2,4,5,0,1.53,2,8.0,150.28,11.98,0,28.7,0
CUST100398,Male,28,Divorced,3,17,Mobile Phone,Debit Card,Laptop & Accessory,4,1,5,0,5.89,3,69.0,238.95,21.42,0,10.0,0
CUST102632,Female,21,Single,3,37,Mobile Phone,UPI,Mobile Phone,2,3,3,0,0.94,1,,119.23,33.57,2,1.0,1
CUST104866,Male,51,Married,2,5,Mobile Phone,Debit Card,Grocery,1,1,2,0,7.0,2,51.0,219.08,8.55,2,14.8,0
CUST102996,Female,27,Married,3,7,Mobile Phone,Credit Card,Mobile Phone,3,4,5,1,2.05,1,80.0,,20.66,2,33.1,1
CUST100704,Male,45,Married,1,13,Computer,Credit Card,Laptop & Accessory,1,2,1,0,5.58,2,7.0,156.53,3.72,0,4.2,1
CUST100431,Female,41,Married,2,3,Computer,Credit Card,Fashion,1,1,3,0,1.23,4,53.0,119.04,18.66,1,9.2,0
CUST100292,Female,22,Married,3,33,Mobile Phone,Debit Card,Fashion,5,2,1,0,2.12,6,50.0,158.31,16.48,1,1.0,1
CUST104882,Female,56,Single,1,57,Computer,Credit Card,Fashion,3,4,6,0,1.42,5,36.0,182.08,13.53,2,15.3,0
CUST100145,Male,41,Single,3,5,Computer,Debit Card,Grocery,4,1,7,0,,3,8.0,,8.36,2,21.7,0
CUST104159,Male,67,Married,3,5,Computer,E-wallet,Mobile Phone,1,3,6,0,0.45,0,60.0,193.13,11.86,2,2.0,0
CUST102033,Male,26,Married,1,66,Mobile Phone,E-wallet,Mobile Phone,1,1,6,1,3.15,6,61.0,190.14,8.34,1,9.9,0
CUST104219,Female,25,Single,1,26,Mobile Phone,Cash on Delivery,Laptop & Accessory,3,1,3,0,3.25,5,58.0,77.43,10.51,4,23.2,0
CUST101165,Female,34,Single,2,5,Mobile Phone,E-wallet,Grocery,3,5,6,1,1.02,6,0.0,156.73,16.41,1,11.0,0
CUST103500,Male,27,Single,3,16,Mobile Phone,Credit Card,Fashion,4,4,1,0,0.8,2,80.0,97.17,12.19,2,4.7,0
CUST102050,Female,23,Married,2,3,Computer,UPI,Others,3,4,6,0,2.05,4,75.0,107.05,19.29,1,4.0,0
CUST102624,Female,20,Divorced,3,24,Mobile Phone,Credit Card,Others,2,4,5,0,1.25,5,28.0,122.93,9.59,3,21.8,0
CUST104392,Male,49,Married,2,61,Mobile Phone,E-wallet,Grocery,2,3,5,1,2.34,1,33.0,63.68,8.66,1,21.4,0
CUST100339,Female,35,Married,2,36,Mobile Phone,Debit Card,Fashion,1,4,1,0,3.43,5,18.0,282.05,8.21,2,10.8,0
CUST103903,Female,68,Married,2,18,Computer,Debit Card,Laptop & Accessory,5,2,7,0,1.75,1,31.0,138.34,14.13,1,1.0,0
CUST104854,Male,46,Single,3,50,Computer,Credit Card,Grocery,2,1,1,0,5.03,2,36.0,174.24,17.43,0,1.0,0
CUST102973,Female,31,Married,3,20,Mobile Phone,Credit Card,Fashion,2,5,1,0,5.69,3,30.0,94.79,28.19,1,21.8,0
CUST100265,Male,29,Single,2,63,Computer,Cash on Delivery,Laptop & Accessory,1,4,6,1,1.0,4,51.0,99.25,0.0,2,9.0,1
CUST102424,Female,35,,1,27,Computer,Debit Card,Laptop & Accessory,5,5,4,0,1.72,3,30.0,178.89,12.35,1,30.9,0
CUST101262,Male,55,Divorced,2,66,Mobile Phone,Debit Card,Mobile Phone,4,3,1,1,2.39,0,54.0,117.98,15.8,3,24.8,0
CUST101771,Female,20,Divorced,2,27,Mobile Phone,Debit Card,Laptop & Accessory,2,1,6,1,2.93,4,71.0,192.71,16.53,1,3.9,1
CUST103511,Female,22,Married,1,15,Computer,Credit Card,Laptop & Accessory,1,1,7,1,2.65,2,13.0,193.6,16.63,2,15.6,0
CUST100271,Male,44,Married,3,0,Computer,Debit Card,Grocery,2,2,2,0,4.25,6,26.0,261.48,6.08,1,26.5,0
CUST100696,Female,24,Divorced,2,32,Mobile Phone,E-wallet,Others,3,2,7,0,1.27,3,12.0,191.48,9.73,1,20.2,0
CUST100747,Male,49,Married,3,6,Mobile Phone,E-wallet,Others,3,2,6,0,2.28,5,49.0,158.0,6.23,1,1.0,0
CUST100244,Female,23,Married,1,32,Computer,Credit Card,Others,2,1,3,1,1.9,3,28.0,116.12,7.46,2,24.8,0
CUST100317,Female,41,Single,2,10,Mobile Phone,Credit Card,Mobile Phone,4,4,4,0,1.27,3,26.0,142.35,8.97,1,12.0,0
CUST100476,Male,54,Single,2,18,Computer,Debit Card,Mobile Phone,3,2,5,0,4.07,2,76.0,130.72,8.15,3,1.0,0
CUST102032,Male,69,Married,3,44,Computer,Debit Card,Mobile Phone,1,2,5,0,0.4,7,74.0,250.87,22.46,0,17.4,0
CUST100957,Male,47,Married,2,65,Mobile Phone,UPI,Fashion,4,2,2,1,0.47,2,2.0,196.91,7.93,1,14.5,0
CUST104909,Male,67,Single,2,48,Mobile Phone,UPI,Laptop & Accessory,4,5,1,0,0.07,6,65.0,103.85,12.13,0,11.9,1
CUST100813,Female,36,Divorced,2,44,Mobile Phone,Cash on Delivery,Mobile Phone,4,3,4,0,2.01,6,53.0,140.21,18.67,2,13.1,0
CUST104184,Female,45,Married,3,7,Mobile Phone,UPI,Fashion,5,5,4,0,5.26,2,15.0,84.56,8.36,1,18.9,0
CUST101914,Male,22,Married,3,21,Mobile Phone,E-wallet,Grocery,4,2,6,0,1.66,1,34.0,142.21,17.47,3,14.8,0
CUST104617,Female,24,Single,2,31,Mobile Phone,Credit Card,Mobile Phone,4,5,3,0,1.58,5,26.0,168.0,22.34,0,12.6,0
CUST103487,Female,18,Single,1,18,Computer,UPI,Mobile Phone,4,2,6,0,1.96,4,34.0,164.65,15.57,1,13.8,0
CUST101297,Male,40,Divorced,3,59,Mobile Phone,Debit Card,Fashion,5,2,4,0,2.71,2,3.0,137.18,17.18,0,12.0,0
CUST104054,Female,22,Single,1,2,Computer,Cash on Delivery,Laptop & Accessory,3,4,1,0,0.73,3,37.0,164.01,18.83,3,23.5,0
CUST101804,Female,54,Single,2,48,Mobile Phone,Debit Card,Mobile Phone,2,3,6,0,2.56,4,47.0,185.09,22.34,2,7.6,0
CUST100758,Male,48,Married,3,38,Mobile Phone,Credit Card,Fashion,2,2,7,0,0.82,3,24.0,47.19,14.51,3,12.3,0
CUST100250,Female,48,Married,3,24,Mobile Phone,E-wallet,Others,1,3,6,1,1.39,3,77.0,233.58,7.23,0,9.1,1
CUST102461,Female,65,Single,1,16,Mobile Phone,Credit Card,Grocery,5,2,5,1,0.55,3,71.0,79.14,8.28,1,11.3,1
CUST100545,Male,60,Single,3,6,Mobile Phone,UPI,Fashion,3,4,5,0,1.35,3,20.0,19.5,15.13,3,8.2,0
CUST103241,Female,60,Single,1,43,Mobile Phone,Credit Card,Fashion,5,1,1,1,1.18,4,87.0,101.07,15.42,1,6.0,1
CUST100738,Male,19,Single,2,49,Computer,UPI,Laptop & Accessory,4,2,4,0,3.5,2,19.0,200.91,0.63,1,16.4,0
CUST100310,Male,36,Married,1,14,Mobile Phone,E-wallet,Mobile Phone,3,1,6,0,1.01,4,20.0,143.34,25.82,0,7.8,0
CUST103804,Male,55,Single,2,30,Mobile Phone,Credit Card,Laptop & Accessory,5,4,6,0,3.04,6,85.0,122.21,20.02,0,14.4,1
CUST102941,Male,38,Single,2,62,Mobile Phone,Debit Card,Grocery,1,4,2,0,5.5,4,35.0,152.19,11.96,2,20.7,0
CUST101131,Male,30,Married,1,11,Mobile Phone,E-wallet,Laptop & Accessory,2,5,1,0,3.55,3,89.0,107.15,2.01,0,27.1,0
CUST101449,Male,59,Single,2,19,Mobile Phone,Cash on Delivery,Fashion,2,3,4,0,0.61,5,65.0,195.45,22.78,0,14.0,0
CUST104934,Female,18,,3,47,Computer,Credit Card,Mobile Phone,5,5,4,0,2.96,1,22.0,138.18,17.55,1,5.9,0
CUST100015,Male,51,Married,1,61,Mobile Phone,UPI,Fashion,1,2,5,0,1.3,4,18.0,116.54,17.96,0,5.9,0
CUST103232,Male,33,Married,2,10,Computer,Debit Card,Others,3,3,2,1,2.97,3,36.0,41.69,6.32,3,1.0,1
CUST102769,Female,27,Married,1,35,Computer,Credit Card,Mobile Phone,5,5,7,0,3.23,3,2.0,89.77,0.0,4,18.1,0
CUST103468,Male,42,Married,1,55,Computer,Debit Card,Grocery,4,2,4,0,2.5,0,9.0,174.05,6.26,0,11.7,0
CUST100920,Male,51,Single,2,50,Mobile Phone,UPI,Mobile Phone,3,1,2,0,2.38,2,21.0,166.84,17.49,1,14.5,0
CUST103029,Male,25,Married,1,70,Mobile Phone,Cash on Delivery,Others,3,1,4,1,2.92,3,23.0,26.16,26.96,0,17.2,0
CUST101372,Male,57,Married,1,69,Computer,UPI,Fashion,3,5,5,0,1.05,6,16.0,247.33,22.92,2,21.8,0
CUST103587,Male,48,Single,3,5,Mobile Phone,Credit Card,Fashion,4,2,6,0,1.43,1,4.0,151.85,11.23,2,17.0,0
CUST102544,Female,50,Married,2,40,Mobile Phone,Credit Card,Fashion,2,1,6,0,5.75,2,45.0,53.46,9.37,0,10.0,1
CUST103598,Female,67,Single,1,36,Computer,Debit Card,Fashion,1,4,3,1,4.67,3,36.0,132.12,23.8,1,10.0,0
CUST100038,Male,67,Single,2,44,Mobile Phone,Credit Card,Mobile Phone,1,1,2,0,1.96,1,51.0,144.85,4.72,1,4.4,0
CUST100363,Male,38,Married,2,48,Mobile Phone,Debit Card,Fashion,5,5,3,0,5.11,2,68.0,31.42,14.16,1,17.7,0
CUST104114,Female,64,Single,2,20,Mobile Phone,Cash on Delivery,Others,2,1,1,1,0.79,6,53.0,,39.07,1,14.1,0
CUST100182,Male,18,Married,1,44,Computer,Credit Card,Fashion,1,1,2,0,3.96,2,80.0,182.78,23.44,3,19.7,0
CUST103033,Male,56,Divorced,1,46,Mobile Phone,E-wallet,Grocery,3,3,3,0,1.87,2,15.0,81.07,8.42,0,12.2,1
CUST102983,Female,52,Married,2,12,Mobile Phone,E-wallet,Grocery,2,2,6,0,1.09,3,29.0,175.29,9.66,0,12.3,0
CUST101194,Female,19,Married,2,60,Mobile Phone,UPI,Mobile Phone,1,3,3,1,2.68,2,77.0,156.36,19.1,2,2.9,0
CUST102852,Female,32,Single,1,18,Mobile Phone,UPI,Fashion,3,1,2,0,1.99,8,87.0,100.49,11.45,2,15.5,0
CUST103790,Male,23,Married,2,14,Computer,Cash on Delivery,Mobile Phone,1,4,4,1,2.79,4,38.0,178.48,10.7,1,1.7,0
CUST101121,Male,66,Divorced,2,46,Mobile Phone,Debit Card,Others,3,5,5,0,2.35,0,84.0,93.81,18.21,3,18.1,0
CUST102235,Female,24,Single,3,49,Mobile Phone,UPI,Fashion,1,2,6,1,3.99,4,32.0,170.13,10.84,2,15.6,0
CUST102667,Male,42,Married,2,40,Computer,E-wallet,Mobile Phone,1,3,5,0,0.56,1,60.0,234.05,15.0,1,8.1,1
CUST104800,Male,66,Married,1,6,Mobile Phone,Debit Card,Grocery,4,4,5,0,1.29,3,80.0,122.58,8.55,3,12.0,1
CUST103223,Female,31,Married,1,26,Computer,UPI,Grocery,3,5,1,0,2.96,4,1.0,116.32,0.29,2,13.3,1
CUST101182,Male,49,Married,2,53,Computer,UPI,Grocery,5,3,3,0,1.24,3,6.0,183.92,4.02,1,19.2,0
CUST104197,Female,30,Married,1,52,Computer,Debit Card,Laptop & Accessory,3,3,3,1,2.25,0,85.0,240.47,0.0,1,20.7,0
CUST104307,Male,48,Single,3,48,Computer,Credit Card,Mobile Phone,2,2,3,0,3.66,2,42.0,146.9,20.15,3,10.1,0
CUST100614,Male,48,Married,2,49,Mobile Phone,E-wallet,Mobile Phone,1,2,4,1,2.1,5,1.0,111.05,0.0,2,17.3,0
CUST104923,Female,47,Married,1,32,Mobile Phone,E-wallet,Mobile Phone,2,3,6,0,0.47,1,67.0,197.33,0.0,1,4.8,1
CUST101466,Male,57,Married,2,21,Computer,UPI,Mobile Phone,4,4,7,0,1.55,3,66.0,179.49,15.14,0,17.5,0
CUST100401,Female,31,Single,1,11,Mobile Phone,E-wallet,Grocery,3,4,2,0,4.28,3,67.0,128.72,23.86,4,24.4,0
CUST103042,Female,30,Married,1,18,Mobile Phone,UPI,Laptop & Accessory,1,5,7,0,1.28,3,11.0,77.33,19.24,0,19.3,0
CUST100934,Female,42,Single,1,41,Mobile Phone,E-wallet,Others,1,5,7,0,0.85,3,73.0,75.19,8.49,0,10.9,0
CUST102419,Female,61,Married,1,25,Mobile Phone,Credit Card,Others,5,3,2,1,1.12,4,2.0,129.14,12.1,2,24.5,0
CUST104053,Male,49,Married,3,36,Mobile Phone,E-wallet,Grocery,4,3,1,0,1.27,2,84.0,210.06,,4,17.3,1
CUST104528,Male,57,Married,1,67,Mobile Phone,E-wallet,Grocery,5,1,1,0,1.9,3,41.0,108.44,15.38,0,13.5,0
CUST102641,Female,30,Divorced,2,27,Mobile Phone,Cash on Delivery,Grocery,2,4,2,0,7.69,3,34.0,157.23,22.33,3,11.4,0
CUST104041,Female,69,Single,3,65,Mobile Phone,UPI,Grocery,1,3,7,0,1.53,2,76.0,118.25,0.0,1,18.4,0
CUST100726,Male,59,Single,2,64,Mobile Phone,Credit Card,Mobile Phone,4,2,1,0,1.4,2,64.0,191.43,10.83,0,26.8,0
CUST100826,Female,48,Single,2,31,Computer,Credit Card,Mobile Phone,3,4,4,1,2.36,2,12.0,213.16,13.91,3,11.3,0
CUST101521,Female,22,Single,1,26,Computer,UPI,Mobile Phone,3,3,7,0,1.45,4,7.0,199.02,2.36,2,14.6,0
CUST104759,Female,36,Married,2,25,Computer,E-wallet,Mobile Phone,1,4,4,0,0.48,5,24.0,,29.94,1,14.5,0
CUST102930,Female,39,,2,10,Mobile Phone,UPI,Fashion,3,1,7,0,0.58,4,35.0,42.04,16.7,0,22.6,0
CUST100136,Female,38,Single,2,9,Mobile Phone,UPI,Fashion,5,3,2,0,2.5,3,7.0,92.09,10.76,1,10.4,0
CUST103590,Female,28,Single,1,38,Mobile Phone,UPI,Laptop & Accessory,5,3,3,0,1.86,4,12.0,94.57,7.93,1,8.1,0
CUST100628,Female,54,Married,3,58,Computer,Credit Card,Mobile Phone,2,5,4,0,1.08,4,3.0,129.23,19.94,0,22.1,0
CUST100334,Male,33,Single,1,33,Mobile Phone,Cash on Delivery,Mobile Phone,4,4,3,0,6.16,3,58.0,93.52,14.52,3,16.3,0
CUST100390,Female,23,Married,2,21,Mobile Phone,UPI,Laptop & Accessory,4,3,2,0,5.33,1,80.0,187.07,7.22,3,11.0,0
CUST104401,Female,37,Divorced,1,4,Mobile Phone,Credit Card,Mobile Phone,2,4,1,0,1.78,3,10.0,158.88,16.27,2,26.8,0
CUST104890,Male,56,Married,3,14,Mobile Phone,UPI,Laptop & Accessory,5,5,6,0,2.02,4,7.0,141.21,17.36,1,18.5,0
CUST103856,Female,23,Married,3,17,Mobile Phone,Debit Card,Mobile Phone,3,2,5,0,2.48,1,51.0,107.75,16.78,2,15.3,1
CUST101817,Male,33,Single,1,63,Computer,Credit Card,Laptop & Accessory,5,5,4,0,2.49,4,44.0,175.5,17.6,1,5.0,0
CUST100400,Male,69,Single,3,69,Mobile Phone,Debit Card,Mobile Phone,2,2,6,0,0.89,2,67.0,244.42,9.3,1,11.1,0
CUST100710,Female,33,Divorced,3,57,Computer,E-wallet,Laptop & Accessory,2,3,7,0,1.34,4,53.0,102.6,19.53,0,25.4,0
CUST101039,Male,47,Single,3,45,Mobile Phone,E-wallet,Laptop & Accessory,1,4,3,1,2.12,4,15.0,172.31,24.98,3,10.4,0
CUST104013,Male,60,Married,3,41,Mobile Phone,Cash on Delivery,Laptop & Accessory,4,4,7,0,2.37,0,43.0,165.1,18.63,1,18.0,0
CUST103359,Female,41,Single,1,2,Mobile Phone,Cash on Delivery,Laptop & Accessory,2,3,1,0,,3,20.0,97.23,26.12,3,24.6,0
CUST100046,Male,42,Single,2,67,Computer,Credit Card,Laptop & Accessory,3,1,1,0,0.97,4,6.0,78.43,5.72,2,10.5,0
CUST101561,Female,69,Single,2,34,Computer,Credit Card,Grocery,5,4,6,1,2.16,1,48.0,197.99,10.01,1,16.8,0
CUST104814,Male,56,Married,1,71,Computer,Credit Card,Grocery,1,5,5,0,2.56,2,78.0,73.72,9.86,0,16.1,0
CUST103642,Female,69,Married,2,10,Computer,Cash on Delivery,Grocery,5,3,4,0,2.56,1,48.0,215.25,7.13,1,21.5,1
CUST103726,Female,22,Married,2,40,Mobile Phone,Credit Card,Grocery,2,2,2,1,2.3,3,25.0,109.55,,1,32.8,0
CUST104858,Male,69,Divorced,1,33,Mobile Phone,UPI,Mobile Phone,3,5,7,0,4.13,3,16.0,216.14,12.01,0,7.1,0
CUST101112,Female,63,Married,1,2,Mobile Phone,E-wallet,Others,4,3,4,1,2.09,3,5.0,54.95,15.56,2,17.9,0
CUST102513,Male,51,Single,2,19,Computer,UPI,Others,2,3,4,1,1.64,2,16.0,172.6,23.11,2,18.5,0
CUST103608,Male,19,Divorced,1,30,Computer,Debit Card,Others,3,3,5,0,2.02,3,69.0,186.89,19.55,2,15.5,0
CUST101223,Female,54,Married,2,18,Computer,Credit Card,Mobile Phone,4,3,7,0,1.92,4,89.0,,22.21,0,7.6,0
CUST104084,Female,39,Married,2,19,Mobile Phone,Credit Card,Laptop & Accessory,3,2,7,0,2.11,7,7.0,0.0,16.35,2,22.8,0
CUST103023,Female,25,Married,1,49,Mobile Phone,Credit Card,Fashion,2,5,4,0,1.0,3,2.0,106.32,11.86,0,19.8,0
CUST102421,Male,19,Married,1,51,Mobile Phone,Debit Card,Mobile Phone,1,3,3,0,5.36,0,89.0,132.52,12.48,2,23.1,0
CUST101508,Male,28,Married,3,4,Computer,UPI,Grocery,2,5,3,1,1.97,2,36.0,119.58,9.95,3,14.1,1
CUST101750,Female,23,Single,3,39,Computer,Cash on Delivery,Others,1,3,4,0,3.28,2,82.0,171.05,9.78,3,12.4,0
CUST104852,Female,53,Single,2,52,Mobile Phone,Debit Card,Fashion,4,2,4,0,2.05,4,36.0,168.1,0.0,2,16.1,0
CUST104109,Male,24,Single,2,10,Mobile Phone,Credit Card,Laptop & Accessory,2,4,5,0,2.96,1,71.0,71.55,11.42,0,21.2,1
CUST101799,Female,21,Married,1,57,Mobile Phone,E-wallet,Fashion,2,2,1,0,,6,72.0,142.58,20.15,4,14.7,0
CUST100338,Male,63,Married,1,45,Mobile Phone,E-wallet,Grocery,2,5,5,0,1.68,4,76.0,142.96,0.83,1,4.9,0
CUST100215,Female,32,Married,2,4,Mobile Phone,Credit Card,Fashion,3,4,6,0,3.22,1,74.0,154.25,19.23,1,21.4,1
CUST103663,Female,50,Married,2,3,Mobile Phone,Credit Card,Laptop & Accessory,1,2,3,0,0.99,0,20.0,226.66,7.14,2,15.6,0
CUST101341,Female,49,Married,1,69,Mobile Phone,E-wallet,Fashion,2,4,3,0,1.01,4,16.0,129.82,19.66,1,28.2,0
CUST100011,Female,40,Single,2,52,Computer,Credit Card,Mobile Phone,5,5,5,0,1.27,4,48.0,255.51,17.03,3,19.3,0
CUST101520,Male,53,Married,2,36,Computer,UPI,Fashion,5,4,3,0,5.21,7,81.0,92.44,12.53,2,7.6,0
CUST103640,Male,37,Single,1,9,Mobile Phone,UPI,Mobile Phone,3,4,1,1,0.88,3,6.0,103.02,24.76,0,10.6,0
CUST103961,Male,68,Single,1,69,Mobile Phone,Debit Card,Mobile Phone,1,5,3,1,2.7,7,15.0,299.34,28.31,1,29.5,0
CUST103799,Male,67,Single,2,48,Mobile Phone,E-wallet,Grocery,5,1,6,0,,5,11.0,198.86,9.95,2,23.1,0
CUST103004,Male,31,Married,2,2,Mobile Phone,E-wallet,Others,4,2,6,0,2.17,4,20.0,145.04,24.23,2,25.2,0
CUST102864,Male,34,Divorced,2,1,Mobile Phone,Credit Card,Fashion,4,3,6,1,2.75,2,31.0,114.75,16.05,1,20.4,1
CUST103115,Female,25,Single,3,71,Computer,Credit Card,Fashion,4,1,1,0,5.44,5,69.0,229.4,24.44,4,16.0,0
CUST104855,Female,26,Single,2,2,Computer,Cash on Delivery,Others,5,4,1,0,0.38,1,12.0,123.08,6.83,5,12.7,0
CUST102322,Male,18,Divorced,1,27,Computer,UPI,Fashion,4,1,2,0,4.82,2,43.0,257.18,3.82,6,9.8,0
CUST102571,Female,47,Single,3,16,Mobile Phone,Credit Card,Mobile Phone,2,1,1,1,2.49,0,19.0,222.17,10.43,1,10.5,1
CUST102913,Female,42,Divorced,3,48,Computer,UPI,Others,3,3,7,1,2.0,5,77.0,214.77,20.44,2,24.7,0
CUST100101,Female,29,Single,3,63,Computer,Debit Card,Fashion,1,2,3,0,3.16,4,74.0,101.81,22.82,4,14.8,0
CUST103549,Female,44,Married,1,43,Mobile Phone,E-wallet,Others,1,3,5,0,,4,75.0,72.04,5.53,3,14.7,1
CUST101458,Female,34,Married,3,31,Computer,Debit Card,Laptop & Accessory,3,4,2,0,2.02,3,,39.27,,1,4.7,0
CUST100171,Male,39,Married,1,27,Computer,Debit Card,Others,4,4,1,0,1.27,5,69.0,,22.06,2,17.3,0
CUST100107,Male,24,Single,3,15,Computer,E-wallet,Others,2,5,6,0,3.92,6,53.0,142.55,13.52,0,18.3,0
CUST104209,Male,32,Divorced,1,13,Mobile Phone,UPI,Mobile Phone,4,2,4,0,2.74,2,11.0,216.81,24.45,1,9.6,0
CUST103569,Male,52,Married,3,35,Mobile Phone,Cash on Delivery,Fashion,5,3,5,0,3.38,3,9.0,106.38,20.64,1,13.5,0
CUST100260,Male,27,Single,3,35,Computer,Credit Card,Mobile Phone,2,1,5,1,2.56,2,48.0,90.08,17.55,3,26.9,0
CUST104309,Female,60,Married,1,61,Mobile Phone,Credit Card,Laptop & Accessory,4,3,3,0,3.52,1,35.0,146.54,7.61,0,12.8,0
CUST104087,Female,30,Married,1,37,Computer,Credit Card,Others,2,5,7,0,1.22,3,22.0,201.09,3.2,1,15.6,0
CUST103885,Male,46,Married,2,50,Mobile Phone,UPI,Others,2,3,6,0,1.4,3,40.0,138.36,18.85,1,9.7,0
CUST104135,Male,67,Married,2,58,Mobile Phone,Credit Card,Fashion,4,5,2,0,0.81,3,87.0,80.29,17.44,1,19.8,1
CUST104094,Male,35,Single,1,64,Mobile Phone,UPI,Fashion,2,1,4,1,1.86,4,15.0,172.63,26.93,1,1.0,1
CUST100060,Female,23,Single,3,50,Computer,Cash on Delivery,Fashion,4,4,6,1,2.26,4,3.0,141.45,8.29,3,14.8,0
CUST101240,Female,50,Married,3,26,Mobile Phone,Debit Card,Others,4,1,5,1,2.74,4,5.0,196.75,12.51,1,12.2,0
CUST104652,Male,26,Married,2,61,Mobile Phone,E-wallet,Laptop & Accessory,3,2,5,0,0.97,2,57.0,153.12,16.55,0,25.4,0
CUST101040,Male,50,Divorced,3,47,Mobile Phone,Credit Card,Mobile Phone,5,4,1,1,5.95,3,9.0,166.77,7.78,4,19.3,0
CUST104200,Male,61,Married,2,12,Computer,Debit Card,Laptop & Accessory,2,5,5,0,0.13,3,65.0,263.69,13.01,2,12.6,0
CUST102760,Female,44,Married,3,10,Computer,Credit Card,Laptop & Accessory,2,5,3,1,6.01,4,44.0,149.92,22.6,0,27.7,0
CUST102120,Male,56,Single,1,64,Mobile Phone,Debit Card,Laptop & Accessory,4,1,2,0,3.28,3,57.0,211.26,4.81,4,15.3,0
CUST101524,Female,35,Married,3,54,Computer,Credit Card,Grocery,1,4,3,1,1.55,4,43.0,0.0,0.0,2,17.5,1
CUST103521,Female,20,Single,3,70,Mobile Phone,Debit Card,Mobile Phone,3,4,3,0,,3,42.0,186.41,0.0,1,15.3,0
CUST100153,Female,43,Single,1,64,Computer,Debit Card,Fashion,2,5,1,1,2.04,4,30.0,,24.88,5,15.1,0
CUST102248,Male,69,Single,2,49,Computer,Credit Card,Grocery,2,1,7,0,2.19,4,83.0,88.63,12.01,3,7.0,0
CUST100481,Male,25,Single,1,36,Mobile Phone,Credit Card,Mobile Phone,5,4,6,1,1.07,4,9.0,200.54,25.24,1,14.4,0
CUST104246,Female,47,Single,2,63,Mobile Phone,Cash on Delivery,Mobile Phone,4,1,1,0,2.04,2,17.0,232.16,12.33,0,15.6,0
CUST104319,Male,26,Single,2,28,Mobile Phone,Credit Card,Mobile Phone,5,2,5,0,0.21,2,35.0,196.86,13.82,2,35.4,0
CUST103578,Female,30,Divorced,3,13,Mobile Phone,Debit Card,Mobile Phone,3,4,5,0,4.94,5,15.0,99.59,10.46,1,5.5,0
CUST104362,Female,61,Married,3,19,Computer,Debit Card,Grocery,5,3,5,0,3.88,3,75.0,123.71,19.15,0,26.5,1
CUST103562,Female,21,Single,3,16,Mobile Phone,UPI,Fashion,4,2,5,1,2.02,2,83.0,130.77,26.56,1,14.4,0
CUST103315,Male,67,Married,1,7,Mobile Phone,Credit Card,Laptop & Accessory,4,4,1,0,1.31,6,20.0,271.65,27.11,3,7.8,0
CUST101762,Male,29,Single,1,9,Mobile Phone,Cash on Delivery,Mobile Phone,1,4,7,0,3.73,3,32.0,224.34,0.0,1,20.6,0
CUST103538,Male,31,Married,1,21,Computer,Debit Card,Others,4,2,5,1,0.58,4,11.0,44.23,13.63,1,13.9,0
CUST104818,Female,45,Married,2,60,Mobile Phone,Credit Card,Laptop & Accessory,5,1,2,0,2.56,5,81.0,,16.47,4,16.0,0
CUST100750,Male,45,Single,1,68,Mobile Phone,Credit Card,Laptop & Accessory,2,3,5,0,1.07,4,24.0,229.28,8.64,1,1.0,0
CUST103619,Female,58,Married,2,46,Computer,Credit Card,Mobile Phone,5,3,2,1,1.59,8,28.0,126.6,6.08,2,5.9,0
CUST101785,Female,44,Married,1,32,Computer,UPI,Mobile Phone,3,2,2,0,1.72,1,16.0,177.24,16.24,1,26.5,1
CUST104284,Female,30,Single,2,63,Mobile Phone,UPI,Fashion,1,5,1,0,0.3,2,42.0,110.44,,0,7.9,0
CUST103383,Female,21,Married,1,21,Mobile Phone,UPI,Laptop & Accessory,5,5,6,0,2.12,5,14.0,275.82,20.43,4,7.5,1
CUST104151,Female,42,Married,2,39,Mobile Phone,UPI,Mobile Phone,5,3,3,0,1.1,2,20.0,140.73,15.39,1,30.7,0
CUST100405,Female,26,Married,1,39,Computer,Debit Card,Laptop & Accessory,5,2,1,0,3.92,2,66.0,115.06,13.49,1,14.3,0
CUST100757,Female,29,Single,2,69,Mobile Phone,E-wallet,Mobile Phone,1,4,3,0,0.3,2,76.0,186.78,0.0,0,2.6,0
CUST102711,Male,43,Married,1,13,Computer,Debit Card,Fashion,3,4,5,0,2.63,4,71.0,159.35,6.72,1,8.8,1
CUST102670,Female,63,Married,1,25,Mobile Phone,Debit Card,Fashion,2,4,6,0,2.37,1,65.0,188.41,19.88,0,23.7,0
CUST104295,Male,57,,3,36,Mobile Phone,Credit Card,Laptop & Accessory,3,5,2,1,2.16,4,40.0,123.3,,4,7.3,0
CUST100097,Male,26,Married,3,8,Mobile Phone,Debit Card,Mobile Phone,5,3,4,0,1.02,3,30.0,209.69,34.28,2,32.0,0
CUST101333,Female,31,Married,2,49,Computer,E-wallet,Fashion,3,3,7,0,2.56,2,60.0,151.54,7.08,1,19.8,0
CUST104666,Female,32,Divorced,1,68,Mobile Phone,Cash on Delivery,Laptop & Accessory,3,3,5,0,0.32,3,16.0,81.26,11.72,3,14.0,0
CUST102791,Male,57,Single,1,8,Computer,Debit Card,Laptop & Accessory,3,5,7,0,3.02,5,88.0,126.68,24.19,0,22.9,0
CUST102854,Female,30,Married,3,52,Mobile Phone,UPI,Mobile Phone,2,4,2,1,3.39,2,37.0,134.25,38.57,0,1.0,0
CUST100186,Male,41,Single,2,1,Mobile Phone,Credit Card,Laptop & Accessory,3,5,1,1,3.73,3,65.0,145.16,8.32,1,28.1,1
CUST104223,Male,48,Married,3,50,Computer,Cash on Delivery,Mobile Phone,1,2,6,1,2.4,1,71.0,183.33,25.47,3,23.1,0
CUST102723,Male,51,Single,3,27,Mobile Phone,Credit Card,Fashion,5,2,4,0,3.19,4,11.0,164.58,9.14,1,6.6,0
CUST103583,Female,35,Divorced,2,62,Mobile Phone,Debit Card,Laptop & Accessory,4,1,5,0,8.8,0,39.0,120.17,13.53,0,21.1,0
CUST102058,Male,28,Single,1,52,Computer,Cash on Delivery,Mobile Phone,4,5,3,1,2.26,4,65.0,42.25,16.7,3,7.6,0
CUST101319,Female,56,Single,1,24,Computer,Credit Card,Laptop & Accessory,3,2,1,0,1.72,6,71.0,218.0,10.89,2,17.8,0
CUST100148,Male,49,Single,2,0,Mobile Phone,E-wallet,Fashion,1,5,2,1,4.53,2,71.0,125.55,15.11,1,12.7,1
CUST100028,Male,57,Married,3,34,Computer,Debit Card,Mobile Phone,2,2,6,0,2.09,2,34.0,89.31,11.6,1,16.1,0
CUST104153,Male,29,,1,10,Computer,Debit Card,Laptop & Accessory,5,1,3,0,7.16,2,54.0,209.62,10.52,0,10.2,0
CUST104189,Male,53,Married,3,35,Mobile Phone,UPI,Fashion,1,3,1,1,0.1,2,57.0,198.41,20.4,0,17.3,0
CUST103363,Female,64,Married,3,7,Computer,Credit Card,Laptop & Accessory,4,4,7,1,0.82,3,78.0,311.13,14.35,2,35.8,0
CUST100692,Male,54,Single,1,8,Mobile Phone,Debit Card,Laptop & Accessory,1,1,1,0,4.18,1,,221.25,9.94,1,14.8,1
CUST102866,Male,48,Single,1,38,Computer,Debit Card,Mobile Phone,4,4,6,0,0.62,3,33.0,73.21,17.76,2,11.3,0
CUST103776,Female,59,Single,2,17,Mobile Phone,Debit Card,Mobile Phone,4,1,1,1,0.74,2,88.0,237.32,28.68,0,12.2,1
CUST101386,Female,46,Single,1,45,Computer,UPI,Grocery,2,3,7,0,2.61,4,45.0,135.3,14.64,1,13.6,0
CUST101845,Female,56,Single,2,47,Computer,Debit Card,Laptop & Accessory,3,4,6,0,2.86,2,68.0,164.55,19.24,2,20.9,0
CUST104745,Male,45,Married,3,47,Computer,Debit Card,Fashion,2,3,5,0,4.52,2,20.0,70.51,0.0,2,14.1,0
CUST100129,Female,65,Single,1,21,Mobile Phone,UPI,Fashion,4,3,6,0,1.19,2,31.0,134.73,13.58,0,11.3,0
CUST101599,Male,38,Married,1,24,Computer,Cash on Delivery,Others,5,2,1,1,1.15,5,11.0,358.7,28.58,0,18.2,0
CUST103629,Male,44,Married,2,12,Mobile Phone,UPI,Laptop & Accessory,2,2,2,0,1.69,6,30.0,27.95,9.68,3,9.8,1
CUST104517,Male,55,,1,5,Computer,Credit Card,Fashion,5,3,1,1,5.79,4,67.0,128.28,18.66,1,9.0,0
CUST100701,Male,65,Divorced,2,39,Computer,Credit Card,Fashion,3,5,6,0,1.07,3,34.0,94.55,15.51,3,4.8,0
CUST104006,Male,27,Divorced,3,15,Mobile Phone,Cash on Delivery,Laptop & Accessory,2,5,4,0,1.43,1,36.0,154.74,10.34,3,13.6,0
CUST103028,Female,28,Married,1,15,Mobile Phone,Debit Card,Others,5,3,1,0,1.3,3,53.0,206.46,22.71,2,17.6,0
CUST102969,Male,68,Single,1,42,Mobile Phone,Credit Card,Grocery,5,1,4,1,1.52,1,6.0,111.64,21.99,2,14.1,1
CUST104370,Male,19,Married,2,65,Mobile Phone,UPI,Fashion,1,1,3,0,1.71,5,15.0,249.27,6.81,0,8.9,0
CUST101708,Female,40,Married,2,37,Mobile Phone,E-wallet,Laptop & Accessory,5,1,7,0,1.89,5,76.0,41.14,6.88,4,16.5,0
CUST102953,Female,59,Single,2,2,Computer,UPI,Grocery,4,3,2,0,0.51,6,16.0,250.01,6.09,0,15.2,0
CUST100454,Male,20,Single,1,26,Mobile Phone,Credit Card,Others,3,3,2,0,1.23,5,65.0,165.66,22.45,0,14.3,0
CUST102868,Female,45,Married,1,45,Computer,E-wallet,Mobile Phone,5,5,7,0,3.06,3,,185.05,11.96,1,13.6,0
CUST102040,Male,42,Married,1,34,Mobile Phone,E-wallet,Laptop & Accessory,3,3,1,1,4.18,5,49.0,127.85,14.62,1,8.9,0
CUST101772,Female,38,Divorced,1,9,Mobile Phone,Credit Card,Fashion,5,5,3,0,4.37,1,76.0,107.59,30.7,3,17.5,1
CUST102315,Male,20,Married,1,35,Mobile Phone,Credit Card,Fashion,5,1,3,1,0.33,2,29.0,157.16,18.66,1,9.7,0
CUST100609,Male,18,Married,3,16,Computer,Debit Card,Laptop & Accessory,1,2,6,0,2.73,4,78.0,146.98,0.0,2,15.1,0
CUST100167,Female,20,Married,3,56,Mobile Phone,UPI,Laptop & Accessory,2,1,2,0,2.26,3,40.0,39.13,9.21,2,13.7,0
CUST100730,Male,40,Single,2,53,Computer,Debit Card,Mobile Phone,3,2,4,0,2.96,4,66.0,198.26,7.77,0,24.4,0
CUST104262,Male,40,Married,1,53,Mobile Phone,Cash on Delivery,Fashion,1,4,4,0,0.62,0,71.0,123.09,17.58,1,19.1,1
CUST103358,Female,23,Single,2,24,Mobile Phone,UPI,Fashion,5,2,7,0,2.21,1,13.0,167.57,17.3,2,1.0,0
CUST102074,Male,27,Single,2,17,Computer,E-wallet,Mobile Phone,2,4,4,1,2.33,4,24.0,158.77,4.46,1,7.2,0
CUST104063,Female,29,Divorced,1,46,Mobile Phone,Credit Card,Laptop & Accessory,5,3,3,0,5.46,0,57.0,91.75,19.61,2,20.8,0
CUST103700,Female,36,Married,3,4,Mobile Phone,Credit Card,Fashion,1,5,7,0,1.3,2,55.0,192.9,18.3,3,4.1,0
CUST101622,Female,58,Married,2,21,Mobile Phone,Cash on Delivery,Mobile Phone,4,5,3,0,1.04,3,62.0,69.37,22.73,0,9.1,0
CUST100587,Male,52,Single,3,29,Mobile Phone,Cash on Delivery,Mobile Phone,2,3,5,1,0.44,2,31.0,184.34,29.76,2,14.9,0
CUST101401,Male,60,Single,2,1,Mobile Phone,Cash on Delivery,Laptop & Accessory,3,4,3,0,1.38,4,86.0,196.46,22.07,2,20.7,0
CUST103045,Female,20,Single,3,65,Computer,UPI,Grocery,5,5,4,1,1.84,6,58.0,72.68,0.0,0,10.2,0
CUST103224,Male,40,Married,2,53,Mobile Phone,Credit Card,Fashion,5,2,6,0,1.37,4,87.0,215.94,16.14,4,14.9,0
CUST101700,Female,53,Single,1,50,Mobile Phone,Credit Card,Mobile Phone,5,1,7,0,0.83,2,30.0,20.97,1.17,1,18.5,0
CUST103088,Female,52,Single,3,1,Computer,Debit Card,Others,4,1,6,0,2.42,6,24.0,94.88,5.98,1,1.0,0
CUST104404,Male,63,Married,3,15,Mobile Phone,E-wallet,Grocery,2,1,4,0,1.18,5,34.0,86.02,25.72,1,13.4,0
CUST102981,Male,31,Married,1,63,Computer,Debit Card,Mobile Phone,3,3,1,0,0.36,4,54.0,,34.57,2,16.7,0
CUST100040,Male,48,Single,1,63,Computer,Credit Card,Fashion,2,3,5,1,5.41,3,8.0,89.58,14.45,0,26.8,0
CUST101379,Male,64,Single,1,57,Computer,E-wallet,Fashion,5,5,5,0,0.92,4,59.0,134.77,23.15,3,24.2,1
CUST102089,Male,45,Married,2,24,Computer,UPI,Laptop & Accessory,5,2,1,0,1.99,2,67.0,204.67,5.43,0,13.7,1
CUST102175,Female,30,Single,1,31,Mobile Phone,Debit Card,Grocery,3,5,7,0,3.41,1,26.0,147.3,22.52,1,6.4,0
CUST103217,Male,23,Single,2,58,Computer,Debit Card,Fashion,5,4,1,1,1.14,3,44.0,155.46,14.83,1,33.1,0
CUST102885,Male,61,Married,3,4,Mobile Phone,UPI,Laptop & Accessory,4,3,6,0,0.44,0,42.0,164.48,21.94,2,29.2,0
CUST100074,Male,57,Married,1,24,Mobile Phone,Debit Card,Mobile Phone,4,5,1,1,2.36,3,57.0,144.89,16.37,3,13.5,0
CUST103933,Male,45,Married,2,14,Computer,UPI,Laptop & Accessory,4,3,7,0,1.94,4,37.0,223.46,15.1,1,15.1,0
CUST103914,Male,68,Married,3,2,Mobile Phone,Credit Card,Mobile Phone,3,5,7,0,3.11,1,2.0,174.53,4.53,1,6.6,1
CUST102657,Female,38,Single,2,12,Mobile Phone,Credit Card,Fashion,4,5,5,0,2.79,3,83.0,109.29,14.55,1,8.2,0
CUST103180,Female,53,Single,2,66,Mobile Phone,UPI,Laptop & Accessory,5,3,2,0,0.46,7,8.0,213.24,21.21,3,22.3,0
CUST102076,Female,56,Single,2,53,Computer,E-wallet,Fashion,2,1,1,0,2.28,6,8.0,133.15,44.08,1,1.0,0
CUST100441,Male,23,Divorced,1,14,Computer,Credit Card,Mobile Phone,4,1,4,0,5.1,2,58.0,237.8,20.54,2,20.7,0
CUST104075,Male,56,Single,1,16,Mobile Phone,UPI,Mobile Phone,3,2,7,1,0.7,2,29.0,162.6,32.87,3,9.6,0
CUST102051,Male,63,Single,1,60,Mobile Phone,Cash on Delivery,Laptop & Accessory,1,5,2,0,1.01,3,30.0,163.28,19.43,0,16.4,0
CUST102541,Male,41,Single,2,7,Computer,Credit Card,Laptop & Accessory,5,1,5,0,6.43,2,63.0,200.6,14.25,4,17.9,0
CUST103306,Male,44,Married,3,13,Mobile Phone,E-wallet,Laptop & Accessory,1,2,2,0,4.27,0,33.0,87.41,2.03,0,17.8,1
CUST101301,Female,63,Married,3,36,Mobile Phone,Credit Card,Mobile Phone,5,2,2,0,3.02,2,30.0,92.16,12.81,2,18.5,0
CUST101781,Female,68,Married,2,48,Mobile Phone,Debit Card,Grocery,5,5,3,0,2.3,3,68.0,98.24,20.43,0,8.7,0
CUST104829,Female,52,Married,3,23,Computer,Cash on Delivery,Laptop & Accessory,5,1,6,0,5.01,6,42.0,125.33,21.88,1,19.8,0
CUST103430,Female,37,Married,3,57,Computer,Credit Card,Laptop & Accessory,5,3,5,0,4.35,3,86.0,43.49,20.97,2,8.0,0
CUST101304,Female,56,Married,3,49,Mobile Phone,Credit Card,Others,2,5,2,0,3.08,2,19.0,201.75,2.79,2,11.4,0
CUST100236,Male,67,Married,3,13,Mobile Phone,UPI,Others,5,3,3,0,0.33,3,16.0,113.1,19.08,1,7.7,0
CUST102599,Female,68,Married,1,29,Mobile Phone,E-wallet,Others,4,2,7,0,2.47,0,60.0,114.85,12.09,3,16.9,0
CUST100520,Female,69,Single,3,60,Computer,Credit Card,Laptop & Accessory,5,5,2,0,3.78,4,4.0,50.39,4.88,2,14.9,0
CUST102573,Female,44,Married,1,44,Mobile Phone,UPI,Others,3,2,6,1,1.01,3,68.0,0.0,,3,18.1,0
CUST103280,Female,51,Single,1,43,Mobile Phone,Debit Card,Laptop & Accessory,5,4,4,1,2.78,4,80.0,55.09,6.04,3,20.7,0
CUST103186,Female,33,Single,1,68,Mobile Phone,UPI,Laptop & Accessory,3,1,1,0,2.87,5,14.0,22.09,18.48,3,7.4,0
CUST102768,Female,49,Single,2,10,Mobile Phone,Credit Card,Others,4,4,6,0,3.1,3,40.0,219.01,7.87,1,22.2,0
CUST100735,Female,58,Married,2,13,Computer,E-wallet,Fashion,4,4,5,0,1.88,4,54.0,159.45,10.8,2,18.5,0
CUST104718,Male,35,Divorced,1,12,Mobile Phone,Debit Card,Fashion,3,1,1,0,4.79,5,63.0,100.89,12.51,1,20.0,0
CUST104944,Female,36,Single,3,63,Mobile Phone,UPI,Others,5,2,7,1,1.85,1,34.0,188.06,25.69,2,14.5,0
CUST102106,Female,58,Married,2,41,Mobile Phone,UPI,Laptop & Accessory,1,2,1,0,8.68,6,28.0,149.01,12.9,4,6.8,0
CUST102679,Male,55,Married,2,49,Computer,Credit Card,Laptop & Accessory,4,5,7,0,1.67,2,40.0,201.26,23.28,2,4.9,0
CUST103229,Male,69,Married,2,31,Mobile Phone,Credit Card,Laptop & Accessory,5,4,6,0,0.52,2,,145.47,16.12,1,16.4,0
CUST102761,Female,54,Married,2,51,Computer,Debit Card,Mobile Phone,2,2,7,0,1.65,2,48.0,77.46,10.8,3,20.6,1
CUST100592,Male,32,Married,2,4,Mobile Phone,Debit Card,Mobile Phone,4,2,1,1,1.43,4,80.0,91.14,6.25,4,9.7,1
CUST101303,Male,41,Single,3,37,Computer,UPI,Mobile Phone,1,2,3,1,1.29,3,47.0,84.73,28.55,1,26.6,0
CUST101387,Male,62,Single,2,66,Computer,E-wallet,Fashion,3,5,6,0,1.35,2,58.0,205.18,12.12,3,14.0,0
CUST104710,Female,64,Single,1,38,Computer,UPI,Grocery,1,4,5,0,2.31,4,35.0,152.67,23.44,2,22.6,1
CUST104540,Male,31,Single,3,62,Mobile Phone,Cash on Delivery,Laptop & Accessory,4,3,2,1,3.27,2,23.0,194.32,15.35,1,15.8,0
CUST103971,Male,50,Single,1,18,Mobile Phone,E-wallet,Mobile Phone,4,3,3,0,1.25,3,79.0,166.68,12.43,3,1.0,1
CUST101890,Male,42,Single,2,55,Mobile Phone,Debit Card,Mobile Phone,3,5,2,0,2.37,4,23.0,105.68,24.89,2,15.4,0
CUST102987,Female,26,Single,1,26,Mobile Phone,UPI,Fashion,4,3,1,0,3.19,4,72.0,184.09,16.44,0,15.4,0
CUST104939,Male,49,Single,1,38,Mobile Phone,Credit Card,Fashion,2,3,7,0,0.44,5,45.0,58.52,19.68,1,22.8,0
CUST103297,Male,65,Single,1,26,Mobile Phone,UPI,Mobile Phone,5,2,2,0,2.55,2,26.0,81.54,11.87,1,20.6,0
CUST100904,Female,44,Married,1,20,Mobile Phone,Debit Card,Fashion,5,5,7,1,2.37,0,68.0,218.84,8.09,0,4.0,1
CUST104624,Male,24,Single,3,48,Mobile Phone,Debit Card,Mobile Phone,2,3,2,0,0.43,1,65.0,187.74,19.54,0,21.4,0
CUST101279,Female,47,Single,1,23,Computer,Credit Card,Laptop & Accessory,1,1,6,0,2.85,5,41.0,141.56,0.0,3,36.4,0
CUST100933,Female,59,Divorced,2,36,Computer,Debit Card,Fashion,4,5,2,1,1.61,3,20.0,276.97,1.14,1,9.2,0
CUST104914,Male,50,Single,1,15,Mobile Phone,UPI,Laptop & Accessory,1,5,6,0,0.83,5,49.0,196.78,15.7,3,17.2,0
CUST102308,Female,61,Married,2,15,Computer,Credit Card,Grocery,1,5,1,0,2.24,3,60.0,,19.51,0,16.7,0
CUST101555,Female,46,Single,2,53,Mobile Phone,UPI,Grocery,5,1,7,1,1.74,5,25.0,135.73,17.9,0,10.5,0
CUST104547,Male,30,Married,1,39,Mobile Phone,UPI,Others,5,2,1,1,1.23,3,31.0,298.03,6.46,2,16.6,0
CUST103190,Male,58,Divorced,1,59,Mobile Phone,Cash on Delivery,Fashion,5,4,1,0,2.1,4,26.0,159.88,15.86,3,1.2,0
CUST104455,Male,34,Married,1,18,Computer,Credit Card,Laptop & Accessory,3,3,3,0,1.51,5,75.0,225.13,10.37,2,8.6,1
CUST100706,Female,50,Married,3,65,Computer,Credit Card,Mobile Phone,3,2,7,0,3.22,4,20.0,160.24,14.96,2,32.3,0
CUST104705,Male,67,Married,1,25,Mobile Phone,UPI,Mobile Phone,3,2,1,0,2.28,5,60.0,128.95,15.91,1,22.5,0
CUST103070,Male,44,Married,2,6,Computer,E-wallet,Laptop & Accessory,3,1,4,0,2.64,6,78.0,0.0,,2,9.1,0
CUST100745,Male,19,Single,2,18,Computer,Cash on Delivery,Mobile Phone,4,4,7,0,1.16,3,24.0,82.44,13.98,1,8.1,0
CUST103594,Male,68,Single,3,52,Computer,Debit Card,Fashion,4,3,5,1,4.26,1,43.0,154.9,23.56,3,20.5,0
CUST101939,Male,59,Single,2,25,Mobile Phone,UPI,Grocery,5,4,3,0,1.25,2,34.0,119.41,29.32,3,2.4,0
CUST104414,Male,20,Single,1,42,Computer,UPI,Others,2,5,3,1,1.27,1,58.0,97.7,13.99,0,29.2,0
CUST102862,Male,48,Single,1,60,Computer,UPI,Fashion,3,3,5,0,1.69,1,25.0,96.09,23.3,2,14.0,0
CUST104020,Male,45,Married,2,11,Computer,UPI,Mobile Phone,3,3,3,1,0.86,4,10.0,221.86,8.87,1,9.1,0
CUST100513,Male,49,Single,2,8,Mobile Phone,Debit Card,Grocery,4,1,5,1,1.88,2,65.0,37.15,22.98,6,26.2,0
CUST100081,Male,30,,1,68,Mobile Phone,Credit Card,Laptop & Accessory,3,3,1,0,1.63,7,26.0,134.08,12.17,0,21.8,0
CUST104991,Female,56,Single,1,32,Computer,E-wallet,Fashion,5,5,5,1,1.38,5,43.0,174.39,27.07,2,11.9,1
CUST101308,Male,37,Divorced,1,16,Computer,Debit Card,Laptop & Accessory,5,1,7,0,1.05,2,74.0,161.56,11.15,2,22.5,0
CUST104562,Male,20,Single,3,54,Mobile Phone,E-wallet,Fashion,4,5,5,0,4.0,2,24.0,13.06,19.08,0,14.0,0
CUST100914,Female,18,Divorced,3,30,Mobile Phone,Credit Card,Others,1,3,4,0,1.87,1,55.0,69.58,25.48,1,14.2,0
CUST103452,Male,34,Married,1,65,Mobile Phone,Credit Card,Mobile Phone,3,4,3,0,3.13,1,75.0,85.62,9.67,1,24.5,0
CUST103695,Male,39,Married,1,60,Mobile Phone,UPI,Mobile Phone,1,3,7,0,0.21,3,13.0,167.57,22.66,1,10.4,0
CUST104819,Female,28,Divorced,1,61,Computer,Cash on Delivery,Fashion,5,4,2,1,1.16,4,49.0,134.86,0.0,0,8.9,0
CUST103156,Male,39,Married,2,53,Mobile Phone,Credit Card,Mobile Phone,4,2,5,0,1.69,7,38.0,251.25,16.04,4,8.8,0
CUST102198,Male,37,Single,2,4,Mobile Phone,E-wallet,Mobile Phone,3,3,6,0,2.9,7,56.0,135.95,2.43,2,16.2,0
CUST104245,Male,67,Single,2,68,Mobile Phone,Credit Card,Laptop & Accessory,2,2,7,0,2.44,1,32.0,162.55,15.06,1,2.3,0
CUST100774,Male,28,Married,1,26,Computer,UPI,Mobile Phone,4,5,4,1,1.0,4,81.0,195.89,15.8,1,27.2,0
CUST100329,Male,51,Single,3,10,Computer,UPI,Grocery,4,1,4,0,0.93,1,60.0,142.19,10.34,3,4.9,0
CUST102054,Male,55,Married,3,17,Computer,Debit Card,Laptop & Accessory,1,3,3,0,2.42,5,4.0,175.23,18.8,2,3.0,0
CUST102001,Male,41,Single,1,1,Mobile Phone,Debit Card,Mobile Phone,5,2,6,0,0.19,2,50.0,162.49,0.0,2,6.1,0
CUST100943,Male,21,Married,2,10,Computer,Credit Card,Laptop & Accessory,4,3,5,0,2.73,1,51.0,159.0,,0,15.9,1
CUST100822,Male,23,Married,1,11,Computer,UPI,Fashion,4,3,3,0,5.0,4,30.0,71.63,16.41,2,15.3,0
CUST104541,Male,62,Married,3,26,Mobile Phone,Credit Card,Fashion,1,2,7,0,2.84,6,77.0,153.46,9.83,2,4.5,0
CUST100909,Male,66,Single,3,60,Computer,E-wallet,Mobile Phone,2,5,3,1,7.68,2,38.0,95.89,19.89,4,1.0,1
CUST102516,Male,67,Married,2,11,Mobile Phone,Debit Card,Others,3,2,7,0,2.01,6,2.0,51.87,15.29,3,1.0,0
CUST100181,Female,39,Married,2,26,Computer,Credit Card,Mobile Phone,1,4,2,0,1.13,2,53.0,263.89,20.8,2,4.8,0
CUST100164,Female,40,Married,1,41,Mobile Phone,Cash on Delivery,Laptop & Accessory,4,5,1,1,3.47,2,62.0,160.53,7.06,1,16.7,0
CUST101523,Female,65,Single,1,6,Computer,Cash on Delivery,Fashion,5,3,5,0,4.46,1,79.0,184.82,12.56,1,18.9,0
CUST100451,Female,40,Married,3,28,Mobile Phone,Credit Card,Mobile Phone,4,4,7,0,0.12,2,76.0,72.86,24.86,1,25.3,0
CUST102538,Male,26,Married,3,44,Computer,Debit Card,Fashion,3,2,2,1,2.81,2,49.0,135.19,17.77,1,5.6,0
CUST104119,Male,39,Single,1,48,Computer,Cash on Delivery,Mobile Phone,5,1,1,0,1.15,5,2.0,142.25,5.82,2,17.6,0
CUST104790,Male,67,Single,3,67,Computer,Debit Card,Mobile Phone,1,5,3,1,0.77,4,37.0,168.11,3.31,0,7.8,0
CUST101311,Female,28,Married,2,70,Computer,Credit Card,Grocery,5,2,1,0,0.71,8,16.0,130.25,4.0,3,24.2,0
CUST103149,Male,40,Married,1,53,Mobile Phone,UPI,Mobile Phone,3,3,5,0,2.7,4,86.0,261.33,24.07,1,17.9,0
CUST101111,Male,63,Married,2,42,Mobile Phone,UPI,Laptop & Accessory,2,3,1,0,0.39,3,85.0,215.79,20.24,0,7.5,1
CUST104561,Male,55,Married,3,13,Mobile Phone,UPI,Grocery,3,4,5,1,1.9,4,80.0,71.28,17.48,1,18.6,1
CUST103874,Female,63,Single,2,38,Mobile Phone,Credit Card,Mobile Phone,2,5,7,0,1.3,3,54.0,118.17,0.47,1,17.5,1
CUST103489,Male,22,Single,3,26,Mobile Phone,Cash on Delivery,Fashion,3,4,6,0,2.7,2,20.0,136.7,18.2,4,14.8,0
CUST101287,Male,37,Married,3,24,Mobile Phone,Debit Card,Mobile Phone,2,4,7,0,1.13,4,42.0,169.05,0.23,3,22.3,0
CUST104190,Male,19,Divorced,1,15,Computer,Debit Card,Fashion,4,2,7,0,1.27,3,17.0,175.32,2.55,1,15.4,0
CUST104660,Female,48,Single,2,19,Mobile Phone,Credit Card,Mobile Phone,1,2,5,0,2.65,1,56.0,164.43,27.22,1,5.0,0
CUST103680,Female,55,Divorced,1,13,Computer,Cash on Delivery,Grocery,3,2,1,0,1.86,6,10.0,206.14,18.77,4,20.4,0
CUST104377,Male,26,Divorced,2,6,Computer,UPI,Laptop & Accessory,4,4,4,0,1.95,0,61.0,240.31,14.9,2,19.9,0
CUST104181,Male,42,Married,3,52,Mobile Phone,UPI,Laptop & Accessory,1,4,1,0,2.54,3,26.0,108.17,20.19,1,18.9,0
CUST103300,Female,56,Married,2,9,Mobile Phone,UPI,Others,5,4,1,0,2.26,3,3.0,105.74,11.96,3,26.7,0
CUST103310,Female,65,Single,2,3,Mobile Phone,Debit Card,Mobile Phone,3,2,5,0,5.39,4,23.0,150.62,10.93,1,12.3,0
CUST104570,Male,27,Divorced,3,3,Mobile Phone,Debit Card,Fashion,3,2,4,0,1.83,2,68.0,216.68,8.33,2,23.1,1
CUST103125,Male,24,Married,1,34,Mobile Phone,Cash on Delivery,Mobile Phone,4,3,6,0,3.22,3,71.0,102.15,7.36,1,10.8,0
CUST100327,Female,39,Single,1,67,Mobile Phone,UPI,Fashion,1,4,5,0,4.93,3,57.0,215.63,1.16,1,26.2,0
CUST101790,Female,54,Married,2,0,Mobile Phone,UPI,Fashion,4,3,7,0,1.12,5,78.0,164.95,4.82,2,1.0,1
CUST102490,Female,44,Married,1,52,Computer,Cash on Delivery,Grocery,2,1,3,1,3.92,2,89.0,120.38,18.43,1,22.2,0
CUST102006,Male,46,Married,1,63,Computer,Credit Card,Others,2,4,2,0,2.48,6,79.0,83.54,14.73,0,1.0,0
CUST102007,Male,26,Married,3,43,Computer,Debit Card,Fashion,1,5,1,0,1.88,5,69.0,153.48,16.72,2,21.3,0
CUST101858,Male,30,Single,2,41,Mobile Phone,E-wallet,Fashion,1,4,4,0,2.08,5,52.0,127.56,10.32,1,27.6,0
CUST104700,Female,22,Single,3,54,Mobile Phone,Cash on Delivery,Others,4,4,7,0,1.85,4,21.0,216.3,13.2,0,9.6,0
CUST100312,Male,39,Single,2,14,Mobile Phone,Debit Card,Fashion,2,5,7,0,4.14,3,60.0,198.3,24.39,0,13.7,0
CUST100832,Male,35,Divorced,1,51,Mobile Phone,Debit Card,Fashion,2,1,3,1,0.97,0,9.0,251.8,21.67,2,17.6,0
CUST103079,Male,56,Divorced,3,3,Mobile Phone,E-wallet,Mobile Phone,2,4,7,0,0.98,2,70.0,167.01,3.66,2,7.4,1
CUST104732,Male,67,Single,1,41,Mobile Phone,Debit Card,Mobile Phone,2,4,2,0,1.36,6,12.0,171.87,19.65,1,23.7,0
CUST103462,Male,46,Single,2,46,Mobile Phone,Credit Card,Laptop & Accessory,3,2,2,0,0.11,2,23.0,170.08,11.19,1,18.8,1
CUST101201,Female,45,Married,1,14,Mobile Phone,Credit Card,Laptop & Accessory,3,4,6,0,2.16,2,42.0,195.08,14.67,1,9.4,0
CUST104405,Female,18,Married,3,70,Mobile Phone,Cash on Delivery,Fashion,3,2,2,0,3.83,2,75.0,163.79,5.69,2,7.7,0
CUST103547,Female,68,Married,1,44,Computer,UPI,Fashion,1,1,7,0,3.0,2,74.0,42.49,25.71,0,28.3,1
CUST104017,Male,18,Single,1,52,Mobile Phone,E-wallet,Laptop & Accessory,4,5,1,1,1.75,3,26.0,281.12,16.25,1,24.7,0
CUST102134,Male,59,Single,3,66,Mobile Phone,UPI,Mobile Phone,2,2,6,0,1.45,3,11.0,55.34,6.03,3,12.3,0
CUST103451,Female,38,Divorced,2,59,Mobile Phone,Credit Card,Laptop & Accessory,2,4,2,0,2.01,4,57.0,199.28,23.04,6,23.0,0
CUST102209,Male,40,Married,1,47,Computer,Debit Card,Mobile Phone,2,5,4,0,2.73,4,27.0,,26.06,1,17.6,1
CUST101901,Male,36,Single,2,67,Mobile Phone,Debit Card,Mobile Phone,2,2,3,0,1.03,2,,233.05,4.58,1,9.0,0
CUST101481,Male,55,Married,2,4,Computer,UPI,Mobile Phone,3,4,1,0,3.81,3,34.0,175.08,21.13,3,25.8,0
CUST100777,Male,41,Divorced,2,50,Computer,Credit Card,Grocery,1,5,1,0,3.0,6,88.0,144.11,29.95,2,22.1,0
CUST100799,Female,20,Divorced,3,21,Mobile Phone,Debit Card,Grocery,3,1,5,0,0.67,4,73.0,23.2,15.72,2,13.1,0
CUST103714,Female,27,Married,2,4,Mobile Phone,Cash on Delivery,Fashion,1,5,3,0,0.72,3,87.0,69.35,29.75,2,17.3,1
CUST103942,Male,64,Single,2,71,Mobile Phone,Credit Card,Fashion,2,3,4,0,2.36,7,8.0,256.38,7.4,1,2.5,0
CUST100054,Female,40,Married,3,49,Computer,Credit Card,Fashion,4,4,2,1,4.09,2,65.0,79.65,9.81,0,29.3,0
CUST102972,Male,65,Single,3,36,Mobile Phone,E-wallet,Laptop & Accessory,5,1,7,1,2.44,4,54.0,157.6,7.85,1,15.8,0
CUST103335,Male,42,Married,1,8,Mobile Phone,Debit Card,Mobile Phone,3,4,3,1,2.38,0,9.0,189.15,1.85,0,21.1,0
CUST101920,Male,62,Single,2,2,Mobile Phone,Debit Card,Fashion,5,5,6,0,0.98,2,54.0,123.49,21.35,1,26.8,0
CUST103715,Female,35,Married,1,46,Mobile Phone,Debit Card,Grocery,4,5,5,0,1.12,5,63.0,157.89,30.76,1,13.9,0
CUST104661,Female,29,Married,2,57,Computer,UPI,Fashion,5,1,3,0,2.75,2,32.0,100.42,15.72,0,3.6,0
CUST100946,Female,58,Single,3,51,Mobile Phone,Debit Card,Fashion,4,4,6,0,2.7,3,86.0,208.89,0.0,0,20.8,0
CUST101701,Female,69,Single,3,65,Computer,Credit Card,Fashion,4,4,4,0,4.66,2,89.0,171.55,11.5,2,10.2,0
CUST103293,Male,21,Single,1,17,Mobile Phone,UPI,Mobile Phone,1,1,3,1,2.52,0,60.0,35.38,13.72,1,11.9,0
CUST102161,Male,27,Married,2,42,Mobile Phone,Credit Card,Mobile Phone,5,5,5,0,3.03,4,30.0,141.74,9.42,0,10.6,0
CUST101136,Male,56,Married,3,61,Mobile Phone,Debit Card,Laptop & Accessory,5,2,6,1,2.71,1,74.0,203.34,12.7,1,13.4,0
CUST100987,Male,34,Married,3,62,Mobile Phone,E-wallet,Fashion,5,4,5,0,1.64,6,85.0,213.88,19.27,1,19.9,0
CUST102549,Male,19,Single,1,48,Mobile Phone,UPI,Others,3,2,3,0,4.12,0,3.0,125.61,0.0,1,19.9,0
CUST100193,Female,53,Single,2,21,Mobile Phone,Cash on Delivery,Grocery,3,5,6,0,1.21,2,30.0,132.79,,0,11.3,0
CUST103057,Male,44,Single,2,1,Mobile Phone,UPI,Fashion,1,5,7,0,1.29,4,10.0,203.55,0.0,0,7.2,0
CUST103246,Male,18,Married,3,70,Computer,Cash on Delivery,Fashion,2,4,2,0,2.74,6,60.0,188.07,13.35,1,10.1,0
CUST101394,Female,48,Single,3,55,Mobile Phone,UPI,Fashion,3,1,5,1,1.99,2,28.0,204.17,9.48,0,11.6,0
CUST102637,Male,43,Single,3,55,Mobile Phone,Credit Card,Fashion,3,5,6,0,4.96,4,64.0,204.22,33.75,2,12.3,0
CUST100768,Male,32,Married,3,6,Mobile Phone,E-wallet,Laptop & Accessory,1,1,3,0,2.59,2,13.0,92.99,15.32,4,19.0,0
CUST104717,Female,32,Divorced,2,37,Mobile Phone,Debit Card,Grocery,1,3,4,0,1.8,4,74.0,51.66,18.17,1,15.0,0
CUST103090,Female,21,Married,1,0,Computer,Cash on Delivery,Fashion,2,3,4,0,1.58,5,55.0,147.16,8.82,1,14.4,0
CUST103495,Female,45,Married,2,26,Mobile Phone,Debit Card,Laptop & Accessory,1,3,2,0,1.47,3,84.0,145.78,18.5,0,23.5,1
CUST103215,Female,29,Married,1,32,Computer,Debit Card,Fashion,2,3,6,0,1.95,4,62.0,175.68,2.9,2,1.0,0
CUST100285,Male,34,Single,1,23,Mobile Phone,UPI,Laptop & Accessory,5,4,5,0,4.68,1,80.0,,16.91,0,2.2,0
CUST104953,Female,42,Divorced,1,51,Computer,Cash on Delivery,Laptop & Accessory,5,3,2,0,2.9,5,36.0,0.0,6.72,1,26.9,0
CUST100428,Male,34,Single,2,15,Mobile Phone,Credit Card,Grocery,4,5,5,0,2.84,2,23.0,187.13,14.58,5,12.8,0
CUST104462,Male,22,Married,2,13,Mobile Phone,Cash on Delivery,Others,1,5,5,1,0.81,6,51.0,176.35,21.19,0,16.4,1
CUST102332,Female,51,Single,2,30,Mobile Phone,UPI,Fashion,2,5,4,0,1.4,6,57.0,48.45,12.21,4,26.5,0
CUST102717,Female,44,Married,2,18,Mobile Phone,UPI,Grocery,4,4,6,0,,3,81.0,92.18,1.38,2,23.7,0
CUST102079,Male,40,Single,1,18,Computer,Debit Card,Grocery,3,4,1,0,2.12,0,59.0,142.73,23.22,3,16.5,1
CUST103389,Male,41,Married,3,35,Computer,Credit Card,Others,2,2,4,0,1.83,4,48.0,111.98,21.58,4,9.6,0
CUST100722,Male,19,Married,1,62,Mobile Phone,UPI,Mobile Phone,1,3,2,0,4.28,3,9.0,224.57,1.91,3,17.7,0
CUST100951,Male,24,Single,3,64,Computer,Cash on Delivery,Grocery,3,5,2,1,1.67,4,68.0,156.35,8.32,0,6.6,0
CUST104397,Female,54,Single,1,11,Mobile Phone,Cash on Delivery,Laptop & Accessory,5,5,1,0,0.56,4,39.0,91.56,23.04,3,2.1,0
CUST104595,Female,22,Married,2,20,Computer,UPI,Mobile Phone,3,1,7,0,3.48,1,32.0,194.81,18.84,1,24.6,0
CUST102262,Male,35,Single,2,23,Computer,Debit Card,Fashion,2,2,6,1,1.95,2,62.0,55.2,13.03,4,21.7,0
CUST100989,Female,62,Married,3,3,Mobile Phone,Debit Card,Fashion,1,4,3,0,4.38,4,88.0,141.71,20.96,0,34.1,0
CUST103212,Female,49,Single,2,24,Mobile Phone,Debit Card,Grocery,5,2,4,1,3.09,3,35.0,51.56,16.89,3,19.7,1
CUST101759,Female,32,Married,2,30,Computer,Credit Card,Grocery,4,3,1,0,1.88,4,34.0,103.33,24.59,1,17.0,0
CUST104120,Female,40,Single,2,44,Mobile Phone,Credit Card,Mobile Phone,3,3,1,0,0.9,0,0.0,147.96,10.05,2,12.9,0
CUST100326,Female,63,Single,1,50,Mobile Phone,Credit Card,Fashion,2,1,7,0,1.33,2,52.0,208.06,12.78,3,10.9,0
CUST102608,Female,35,Married,1,28,Mobile Phone,Credit Card,Mobile Phone,2,3,6,0,2.33,1,42.0,80.26,16.5,4,33.8,0
CUST101383,Female,23,Single,2,61,Mobile Phone,E-wallet,Fashion,3,1,7,0,0.51,2,67.0,95.59,,1,13.9,0
CUST101724,Male,32,Married,1,35,Mobile Phone,Debit Card,Fashion,1,3,4,0,8.2,6,41.0,148.79,21.64,4,11.1,0
CUST101086,Female,40,Single,2,63,Mobile Phone,Credit Card,Mobile Phone,4,3,1,0,1.34,4,30.0,260.54,5.99,1,1.0,0
CUST102523,Female,25,Single,1,7,Mobile Phone,Debit Card,Mobile Phone,2,2,4,0,2.07,4,75.0,343.54,12.71,1,17.7,0
CUST100341,Female,55,Divorced,3,71,Computer,Credit Card,Fashion,2,1,3,1,3.95,6,76.0,111.61,18.37,3,1.0,0
CUST103701,Male,69,Married,1,55,Mobile Phone,Cash on Delivery,Others,4,2,3,1,4.14,1,,24.58,9.44,3,15.2,0
CUST100147,Female,44,,1,25,Mobile Phone,Debit Card,Fashion,2,4,2,1,1.73,3,55.0,250.87,16.21,1,12.4,1
CUST100688,Female,62,Single,2,48,Mobile Phone,Debit Card,Mobile Phone,5,2,7,0,1.4,4,51.0,117.91,28.03,0,12.1,0
CUST103432,Female,50,Married,1,64,Computer,UPI,Fashion,4,5,1,1,2.71,3,29.0,276.37,24.57,2,5.9,0
CUST101107,Male,27,Married,2,50,Mobile Phone,Credit Card,Laptop & Accessory,2,5,4,1,4.59,1,86.0,89.99,21.55,0,5.5,0
CUST100848,Male,65,Divorced,3,5,Mobile Phone,E-wallet,Grocery,2,5,1,0,0.96,3,9.0,77.87,12.51,0,9.2,0
CUST100966,Female,66,Married,2,28,Mobile Phone,Cash on Delivery,Laptop & Accessory,1,2,7,0,1.91,4,75.0,110.76,18.97,0,3.5,1
CUST104742,Female,20,,3,66,Computer,UPI,Fashion,1,5,4,0,1.34,1,37.0,226.46,18.36,1,14.8,0
CUST101492,Female,18,Married,1,34,Computer,Credit Card,Others,1,2,6,0,3.31,4,73.0,,10.91,2,6.9,1
CUST103953,Female,60,Single,3,39,Computer,Credit Card,Grocery,2,4,6,0,2.6,5,3.0,192.65,28.71,0,21.8,0
CUST102203,Male,28,Single,3,3,Mobile Phone,Debit Card,Laptop & Accessory,2,1,6,1,2.17,2,62.0,98.51,15.45,3,14.2,1
CUST102713,Male,35,Married,2,63,Mobile Phone,Cash on Delivery,Mobile Phone,2,4,6,0,3.32,4,32.0,236.46,8.51,2,18.4,0
CUST100661,Female,57,Married,2,69,Mobile Phone,Cash on Delivery,Mobile Phone,1,3,5,0,2.61,3,53.0,174.49,22.77,0,4.7,0
CUST101002,Male,51,Single,3,2,Computer,Credit Card,Grocery,2,1,4,0,4.26,6,40.0,212.87,7.59,3,9.0,0
CUST100062,Female,62,Married,3,55,Mobile Phone,Credit Card,Grocery,4,2,4,0,2.67,5,,193.26,20.66,0,24.7,0
CUST100284,Female,47,Single,1,3,Mobile Phone,Debit Card,Laptop & Accessory,3,4,3,1,9.55,3,68.0,,16.55,0,18.8,0
CUST102224,Female,42,Married,1,50,Mobile Phone,Debit Card,Laptop & Accessory,2,5,5,0,0.79,6,49.0,284.28,14.99,0,7.3,0
CUST104721,Female,42,Married,1,11,Mobile Phone,E-wallet,Fashion,1,2,3,1,1.57,2,86.0,52.06,17.69,0,13.8,0
CUST101879,Female,61,Married,2,12,Computer,Credit Card,Fashion,5,1,4,0,2.06,4,42.0,137.02,8.27,0,7.0,1
CUST103572,Male,22,Single,3,43,Computer,Debit Card,Grocery,2,4,1,1,3.68,5,18.0,218.9,12.63,0,16.5,0
CUST104872,Female,69,Married,3,9,Computer,Debit Card,Fashion,2,5,3,1,6.25,2,58.0,166.84,26.19,2,16.0,1
CUST101203,Female,21,Married,1,12,Mobile Phone,Credit Card,Grocery,1,2,1,1,1.84,3,76.0,166.16,14.83,3,16.4,0
CUST101990,Male,22,Single,3,45,Mobile Phone,Debit Card,Grocery,4,2,7,0,5.92,1,4.0,240.32,6.79,0,4.2,0
CUST100024,Female,22,Married,1,22,Computer,UPI,Laptop & Accessory,5,1,3,1,7.36,7,84.0,69.53,12.05,2,15.2,0
CUST104867,Male,24,Single,1,14,Mobile Phone,Credit Card,Grocery,1,2,5,1,1.27,3,25.0,263.38,5.11,1,5.1,0
CUST104693,Female,35,Married,1,60,Mobile Phone,Credit Card,Laptop & Accessory,2,5,4,0,6.4,0,87.0,166.58,8.99,3,15.0,0
CUST104180,Female,38,Married,2,54,Computer,Credit Card,Fashion,4,4,5,0,0.41,6,15.0,105.78,12.56,2,13.1,0
CUST100762,Male,60,Single,1,32,Mobile Phone,Debit Card,Mobile Phone,1,4,5,0,2.34,3,65.0,212.09,3.53,3,15.3,0
CUST100875,Female,28,Married,2,16,Mobile Phone,Credit Card,Fashion,1,1,7,1,1.17,4,,203.66,11.48,3,20.7,0
CUST104757,Female,40,Single,3,12,Mobile Phone,Credit Card,Laptop & Accessory,5,5,1,1,4.81,2,70.0,204.5,6.6,2,3.9,0
CUST100938,Female,52,Married,1,28,Mobile Phone,Cash on Delivery,Fashion,4,3,3,0,6.38,4,45.0,180.94,16.15,3,6.0,0
CUST102687,Female,41,Single,1,43,Computer,Debit Card,Grocery,3,1,7,0,1.29,3,71.0,193.42,13.19,2,7.6,0
CUST103600,Male,43,Divorced,2,21,Computer,Credit Card,Grocery,1,5,4,0,1.44,3,48.0,140.35,3.4,1,22.8,1
CUST104581,Female,37,Single,1,17,Mobile Phone,UPI,Others,5,1,7,0,,2,81.0,171.12,15.75,0,28.4,0
CUST104995,Male,44,Married,3,11,Mobile Phone,UPI,Fashion,2,4,1,0,1.19,8,86.0,154.48,2.11,2,3.8,0
CUST104137,Female,40,Married,3,5,Computer,Cash on Delivery,Laptop & Accessory,5,4,1,0,1.65,3,12.0,122.0,17.06,1,11.0,0
CUST100385,Female,24,Married,1,29,Computer,Debit Card,Others,2,2,3,0,2.91,1,27.0,119.37,17.03,0,12.1,0
CUST104384,Female,53,Single,1,30,Computer,Debit Card,Fashion,2,1,1,1,4.01,1,29.0,164.1,13.34,4,18.4,1
CUST104646,Female,68,Married,1,50,Mobile Phone,UPI,Mobile Phone,1,1,3,0,3.41,4,47.0,104.16,9.44,1,16.2,0
CUST100536,Female,24,Married,2,18,Mobile Phone,UPI,Mobile Phone,2,5,7,0,2.72,1,56.0,54.82,9.71,3,24.6,0
CUST104680,Female,24,Single,3,33,Mobile Phone,Credit Card,Laptop & Accessory,3,3,1,0,2.0,4,39.0,89.73,5.52,4,31.3,0
CUST103507,Female,65,Single,3,56,Mobile Phone,Debit Card,Mobile Phone,3,5,5,0,4.22,3,8.0,108.36,8.74,4,10.4,0
CUST100201,Female,47,Single,3,71,Mobile Phone,Cash on Delivery,Mobile Phone,5,3,6,0,1.89,6,80.0,255.2,14.91,2,13.1,0
CUST101332,Female,67,Divorced,2,56,Computer,Debit Card,Grocery,1,2,3,0,0.69,2,40.0,136.8,21.25,1,15.4,1
CUST103502,Male,40,Married,2,0,Mobile Phone,UPI,Mobile Phone,1,4,4,0,1.13,0,52.0,328.48,15.69,1,19.5,1
CUST102708,Male,58,Married,1,28,Mobile Phone,Credit Card,Others,5,1,5,0,0.3,5,73.0,61.89,16.29,5,11.0,0
CUST104021,Male,21,Married,1,42,Mobile Phone,Cash on Delivery,Grocery,1,5,2,0,2.3,4,44.0,179.29,22.08,2,9.8,0
CUST101854,Female,55,Married,1,40,Mobile Phone,Credit Card,Laptop & Accessory,1,4,7,0,1.89,5,36.0,120.31,0.52,3,4.6,0
CUST104483,Male,33,Married,1,27,Mobile Phone,Cash on Delivery,Others,1,1,7,0,3.65,6,30.0,185.23,22.26,0,10.2,0
CUST102872,Male,24,Single,1,67,Computer,Debit Card,Others,5,4,1,0,0.44,2,5.0,162.21,0.0,3,20.4,0
CUST103030,Female,18,Single,1,11,Computer,Debit Card,Laptop & Accessory,3,3,4,0,4.18,1,52.0,152.72,6.38,1,22.4,0
CUST101205,Male,64,Married,1,53,Mobile Phone,Credit Card,Laptop & Accessory,4,3,4,0,0.74,4,39.0,100.24,10.5,1,1.0,1
CUST101645,Male,55,Single,1,4,Mobile Phone,UPI,Mobile Phone,4,1,2,0,1.3,6,69.0,132.66,9.65,1,22.9,0
CUST103417,Female,49,Married,1,17,Mobile Phone,Credit Card,Fashion,5,5,2,1,3.82,4,88.0,147.44,8.62,4,7.2,0
CUST103476,Female,29,Divorced,2,7,Mobile Phone,E-wallet,Mobile Phone,3,2,7,0,4.92,2,27.0,105.78,20.48,2,13.6,0
CUST102861,Female,39,Married,3,43,Computer,Credit Card,Mobile Phone,3,3,4,0,0.81,6,9.0,108.32,0.08,0,25.2,0
CUST101792,Male,33,Single,2,47,Computer,UPI,Mobile Phone,5,1,2,1,1.26,3,73.0,174.53,9.67,0,1.0,0
CUST103797,Female,49,Single,1,56,Mobile Phone,Debit Card,Others,5,5,1,1,2.23,3,51.0,163.65,26.78,1,5.0,0
CUST103368,Male,46,Single,2,16,Computer,UPI,Mobile Phone,3,3,6,0,1.72,1,69.0,241.53,11.83,3,13.0,0
CUST103367,Female,60,Married,1,70,Mobile Phone,Cash on Delivery,Others,2,2,1,0,3.11,4,59.0,125.07,23.21,1,22.7,0
CUST103533,Male,61,Married,3,33,Computer,UPI,Grocery,1,2,5,1,0.95,5,60.0,227.5,6.21,1,1.0,1
CUST103449,Female,40,Single,1,3,Mobile Phone,UPI,Mobile Phone,5,2,3,0,2.83,4,42.0,169.71,15.41,1,27.6,0
CUST100603,Female,49,Single,3,57,Computer,Cash on Delivery,Laptop & Accessory,4,1,6,0,0.63,4,88.0,190.17,11.1,2,14.1,0
CUST103056,Female,18,Single,1,66,Mobile Phone,Credit Card,Others,1,5,6,0,6.5,2,76.0,98.5,1.31,1,22.2,1
CUST104374,Female,51,Single,1,52,Computer,Credit Card,Mobile Phone,2,5,1,0,0.93,2,38.0,56.95,20.75,1,6.5,0
CUST100126,Male,40,Married,1,3,Mobile Phone,Credit Card,Mobile Phone,1,1,5,1,3.2,2,16.0,138.46,13.06,0,11.7,0
CUST103876,Male,51,Single,1,19,Computer,UPI,Mobile Phone,4,3,4,0,3.01,0,66.0,27.05,28.33,1,15.3,0
CUST102935,Male,56,Married,1,22,Mobile Phone,Debit Card,Others,4,4,6,0,2.3,2,53.0,82.02,6.75,2,12.8,0
CUST103531,Male,51,Divorced,1,51,Computer,Debit Card,Fashion,4,4,3,0,2.15,5,24.0,209.68,15.44,2,19.2,0
CUST102730,Male,64,Single,3,36,Mobile Phone,Cash on Delivery,Grocery,2,2,2,0,1.05,0,2.0,123.64,11.49,0,16.7,0
CUST100827,Male,27,Married,2,62,Computer,UPI,Grocery,4,4,7,1,6.3,4,37.0,240.62,16.66,2,18.5,0
CUST101639,Female,39,Single,3,30,Mobile Phone,Debit Card,Grocery,3,5,1,0,1.01,0,76.0,69.56,7.76,0,1.0,0
CUST100984,Male,64,Single,2,19,Mobile Phone,Credit Card,Fashion,4,2,4,0,4.59,5,53.0,205.29,19.74,2,12.8,1
CUST103281,Male,19,Single,1,31,Mobile Phone,Credit Card,Mobile Phone,3,5,4,1,4.65,2,52.0,182.43,9.75,1,13.0,0
CUST104986,Female,22,Married,3,35,Mobile Phone,Credit Card,Fashion,4,5,6,0,1.7,3,80.0,168.16,17.4,1,27.9,0
CUST102188,Male,27,Single,1,15,Mobile Phone,Credit Card,Laptop & Accessory,2,1,6,0,3.27,5,78.0,,23.04,5,19.2,1
CUST104627,Male,50,Divorced,2,3,Mobile Phone,Credit Card,Fashion,4,2,6,0,2.71,4,80.0,198.7,12.82,5,14.6,0
CUST102443,Female,29,Married,1,35,Computer,E-wallet,Laptop & Accessory,2,1,4,0,1.01,4,75.0,200.04,4.44,2,13.7,0
CUST100362,Male,46,Married,1,47,Computer,Credit Card,Mobile Phone,4,5,2,0,5.04,4,49.0,67.84,1.86,3,12.9,1
CUST102349,Male,40,Single,1,9,Computer,E-wallet,Mobile Phone,5,4,1,0,0.79,0,24.0,174.92,23.41,0,6.5,0
CUST100345,Female,61,Divorced,3,67,Computer,Credit Card,Mobile Phone,5,3,3,0,2.03,7,60.0,142.73,7.17,1,9.6,0
CUST100814,Male,26,Single,1,68,Mobile Phone,Debit Card,Others,5,3,1,1,1.92,2,12.0,113.83,20.65,3,15.4,0
CUST103205,Male,32,Single,2,34,Mobile Phone,Debit Card,Laptop & Accessory,3,3,4,1,1.98,2,55.0,119.69,13.29,0,17.1,0
CUST104173,Male,56,Single,2,23,Mobile Phone,Credit Card,Laptop & Accessory,4,4,5,1,2.95,5,25.0,48.2,16.28,1,13.4,0
CUST104810,Male,60,Single,3,0,Computer,UPI,Laptop & Accessory,1,3,7,1,2.18,5,6.0,140.17,22.19,0,25.7,0
CUST103325,Female,25,Married,2,48,Mobile Phone,Credit Card,Laptop & Accessory,3,5,6,0,1.5,5,43.0,139.82,8.21,0,21.8,0
CUST104106,Female,69,Married,3,2,Mobile Phone,Credit Card,Laptop & Accessory,4,2,5,0,4.17,4,56.0,62.02,30.22,1,24.8,1
CUST102116,Male,30,Single,1,33,Mobile Phone,Credit Card,Fashion,3,2,3,0,4.16,8,26.0,123.64,3.6,3,29.5,0
CUST101834,Male,63,Married,1,66,Mobile Phone,Debit Card,Fashion,3,3,3,0,2.86,2,63.0,122.5,,1,10.6,0
CUST100793,Male,34,Single,3,42,Computer,Credit Card,Laptop & Accessory,5,5,4,0,1.6,2,1.0,176.27,10.66,0,14.8,0
CUST104961,Male,44,Single,1,20,Mobile Phone,Credit Card,Others,2,4,6,0,,0,57.0,91.65,21.96,1,4.8,0
CUST102674,Female,47,Married,1,20,Mobile Phone,Credit Card,Laptop & Accessory,1,3,3,0,1.06,2,66.0,223.26,23.15,2,15.3,1
CUST100094,Male,60,Married,3,19,Mobile Phone,UPI,Mobile Phone,5,2,2,0,2.75,6,36.0,,4.05,1,26.5,0
CUST103756,Male,55,Married,3,10,Mobile Phone,Cash on Delivery,Grocery,1,4,7,0,2.42,3,77.0,212.45,18.91,0,34.7,1
CUST102891,Female,25,Single,3,50,Mobile Phone,Debit Card,Others,3,3,5,0,2.16,2,10.0,196.96,19.26,4,8.5,0
CUST102371,Male,55,Single,1,9,Mobile Phone,Credit Card,Mobile Phone,4,2,2,1,3.3,2,5.0,170.5,21.7,0,20.8,0
CUST104162,Female,31,Single,3,16,Mobile Phone,UPI,Mobile Phone,5,4,2,0,1.54,1,26.0,121.58,19.6,1,8.5,0
CUST104446,Male,59,Single,2,3,Computer,UPI,Grocery,3,5,4,0,3.13,3,70.0,145.1,23.52,3,7.7,0
CUST103228,Female,27,Single,1,4,Computer,Debit Card,Grocery,5,1,2,0,0.94,8,23.0,188.63,6.6,2,32.0,1
CUST102853,Male,23,Single,1,53,Mobile Phone,Credit Card,Laptop & Accessory,3,5,3,0,,1,3.0,187.75,13.79,1,16.3,0
CUST102912,Female,56,Single,1,15,Mobile Phone,Cash on Delivery,Grocery,4,1,3,0,0.86,5,85.0,280.37,21.72,0,9.4,1
CUST101865,Female,34,Married,2,63,Mobile Phone,UPI,Mobile Phone,5,3,6,1,2.45,0,14.0,100.84,29.58,2,22.4,0
CUST101857,Male,63,Married,2,69,Mobile Phone,Credit Card,Mobile Phone,3,4,7,1,5.67,0,31.0,92.25,2.97,2,24.6,0
CUST102645,Female,62,Single,3,46,Computer,UPI,Others,1,5,2,0,1.11,5,7.0,102.54,7.92,0,18.4,0
CUST102243,Male,36,Married,3,43,Mobile Phone,Credit Card,Laptop & Accessory,5,4,1,0,0.86,3,45.0,123.45,19.95,2,26.2,0
CUST102336,Female,68,Divorced,1,21,Mobile Phone,UPI,Fashion,2,1,4,0,4.82,1,50.0,68.05,32.35,0,8.2,1
CUST100950,Female,20,Married,1,49,Computer,Debit Card,Grocery,4,2,3,0,4.32,2,88.0,277.19,0.0,2,23.0,0
CUST103068,Female,44,Divorced,1,22,Mobile Phone,UPI,Fashion,4,2,1,0,5.13,0,19.0,133.92,11.12,1,1.0,0
CUST101120,Female,31,Single,3,7,Mobile Phone,Cash on Delivery,Laptop & Accessory,5,2,1,0,3.4,3,6.0,109.22,25.19,2,18.6,0
CUST102597,Male,32,Divorced,2,9,Computer,Cash on Delivery,Fashion,2,2,6,0,3.79,2,1.0,35.38,16.39,2,32.2,1
CUST102204,Male,46,Single,2,14,Mobile Phone,Cash on Delivery,Fashion,3,1,6,1,1.46,3,81.0,71.32,16.39,0,12.6,0
CUST100419,Female,21,Single,2,47,Computer,UPI,Mobile Phone,2,5,3,0,2.33,4,61.0,100.63,15.7,3,2.0,0
CUST100922,Female,50,Single,2,20,Mobile Phone,UPI,Others,1,1,1,0,2.24,1,31.0,143.38,32.39,2,8.6,0
CUST101254,Male,50,Single,2,56,Mobile Phone,Cash on Delivery,Grocery,5,4,2,0,0.31,1,67.0,149.66,0.0,4,10.0,0
CUST100477,Female,40,Married,2,6,Computer,Credit Card,Laptop & Accessory,5,4,6,0,5.5,7,47.0,196.3,16.05,1,14.2,0
CUST102035,Female,60,Married,3,11,Mobile Phone,Credit Card,Mobile Phone,3,1,2,0,0.84,1,1.0,210.88,,5,16.0,0
CUST101202,Female,39,Single,2,52,Computer,UPI,Others,4,4,1,1,2.13,1,26.0,65.91,0.0,1,11.7,0
CUST102626,Female,64,Single,2,0,Mobile Phone,Credit Card,Grocery,4,1,5,0,3.18,5,81.0,121.52,19.05,2,20.0,0
CUST104833,Female,28,Single,1,40,Mobile Phone,Debit Card,Laptop & Accessory,2,5,7,1,1.25,2,61.0,132.8,0.0,1,15.0,1
CUST101970,Male,53,Married,3,50,Mobile Phone,Cash on Delivery,Fashion,5,5,5,0,2.12,2,79.0,177.43,19.97,2,20.4,0
CUST103110,Male,25,Married,2,26,Mobile Phone,Credit Card,Others,1,5,6,0,4.04,3,69.0,136.47,6.96,1,4.8,1
CUST104018,Male,47,Single,1,6,Mobile Phone,Credit Card,Fashion,3,4,6,0,3.92,1,44.0,228.96,18.9,2,31.5,1
CUST102151,Male,45,Single,3,37,Computer,Cash on Delivery,Fashion,4,4,3,1,1.78,3,81.0,209.53,3.85,1,25.6,0
CUST103687,Female,35,Married,1,14,Mobile Phone,Cash on Delivery,Fashion,3,1,6,0,4.89,1,14.0,169.88,25.59,1,12.2,0
CUST101997,Male,62,Married,2,40,Mobile Phone,UPI,Others,5,2,6,1,2.0,3,7.0,312.93,7.29,2,15.2,0
CUST104033,Female,37,Married,2,63,Mobile Phone,Debit Card,Laptop & Accessory,1,1,7,0,4.44,3,72.0,135.52,0.0,0,16.4,0
CUST103054,Female,32,Single,1,2,Mobile Phone,UPI,Fashion,2,5,2,0,0.47,3,70.0,130.45,3.45,0,6.2,1
CUST101248,Female,66,Single,1,67,Mobile Phone,Credit Card,Fashion,3,2,7,0,6.54,1,22.0,200.41,12.92,1,17.5,0
CUST102192,Female,40,Single,1,70,Mobile Phone,UPI,Grocery,5,5,4,0,1.68,2,34.0,184.31,14.64,1,16.1,0
CUST102712,Male,36,Divorced,2,21,Mobile Phone,Cash on Delivery,Laptop & Accessory,1,3,7,0,4.38,5,80.0,32.29,14.26,1,3.7,0
CUST100992,Female,65,Single,2,24,Mobile Phone,Debit Card,Mobile Phone,2,2,1,1,0.31,4,50.0,204.84,1.56,2,15.4,1
CUST102190,Male,55,Married,2,22,Computer,Credit Card,Grocery,2,2,5,0,2.22,1,7.0,172.63,15.75,1,15.1,1
CUST103762,Male,63,Married,1,25,Mobile Phone,UPI,Mobile Phone,4,4,1,0,4.95,5,53.0,147.91,20.03,1,6.9,1
CUST103597,Female,46,Single,3,46,Mobile Phone,Debit Card,Laptop & Accessory,2,5,3,0,3.23,5,16.0,216.04,18.03,1,24.0,0
CUST101318,Female,58,Single,2,18,Mobile Phone,Credit Card,Mobile Phone,1,5,2,0,1.37,2,82.0,165.69,2.16,2,9.7,1
CUST101863,Female,30,Single,3,1,Mobile Phone,UPI,Mobile Phone,4,5,6,0,0.37,2,12.0,50.03,21.97,2,14.8,1
CUST102343,Male,40,Married,3,25,Computer,E-wallet,Others,4,5,4,0,3.33,3,27.0,100.99,19.44,0,11.1,0
CUST102449,Female,44,Single,2,36,Computer,UPI,Laptop & Accessory,3,3,1,0,2.88,4,17.0,100.1,1.1,0,11.3,0
CUST102136,Male,19,Married,2,59,Computer,Credit Card,Fashion,5,3,5,0,2.1,0,6.0,118.44,20.78,2,33.1,0
CUST101065,Female,44,Divorced,1,40,Computer,Credit Card,Mobile Phone,5,4,7,1,3.08,2,55.0,193.82,4.53,1,13.1,1
CUST104975,Male,19,Single,2,58,Computer,Credit Card,Grocery,5,2,2,1,,4,46.0,149.03,11.03,1,15.9,0
CUST102621,Female,26,Single,3,59,Mobile Phone,UPI,Laptop & Accessory,4,1,4,1,0.37,3,48.0,219.09,14.96,2,18.1,0
CUST100077,Female,63,Married,1,9,Mobile Phone,Credit Card,Grocery,2,1,3,0,1.61,2,3.0,91.2,28.08,0,11.8,0
CUST102898,Female,36,Married,3,31,Mobile Phone,UPI,Grocery,1,1,5,0,0.9,4,12.0,150.35,11.92,0,25.7,0
CUST101314,Male,59,Single,1,45,Computer,Debit Card,Fashion,4,1,2,0,1.62,3,53.0,114.08,24.98,1,12.2,1
CUST104386,Male,21,Married,2,48,Mobile Phone,Debit Card,Laptop & Accessory,4,4,7,0,0.78,7,,201.76,11.66,1,20.7,0
CUST100872,Female,44,Single,3,9,Mobile Phone,Credit Card,Fashion,1,2,3,0,1.66,2,55.0,204.45,0.0,1,7.3,1
CUST103850,Male,29,Single,2,68,Mobile Phone,Credit Card,Others,3,3,4,0,2.26,3,74.0,282.32,11.45,3,15.8,0
CUST104802,Male,36,Married,1,24,Computer,UPI,Fashion,1,3,7,0,4.09,4,72.0,207.96,12.94,7,18.9,0
CUST102965,Female,63,Married,2,45,Mobile Phone,Credit Card,Laptop & Accessory,3,3,4,1,0.69,3,0.0,136.33,9.65,1,30.2,0
CUST103391,Female,32,Single,3,10,Mobile Phone,Debit Card,Fashion,3,1,7,0,1.26,3,87.0,,17.5,1,7.9,0
CUST102560,Female,38,Single,1,21,Computer,Credit Card,Laptop & Accessory,3,2,5,0,1.84,1,71.0,,11.54,1,13.7,1
CUST104947,Female,41,Single,2,24,Mobile Phone,Credit Card,Mobile Phone,2,3,6,1,6.59,7,27.0,238.38,14.75,1,12.4,0
CUST102635,Male,54,Married,2,57,Mobile Phone,E-wallet,Mobile Phone,2,1,3,0,1.76,8,40.0,170.68,24.47,1,3.5,0
CUST103530,Male,59,Divorced,3,12,Computer,Cash on Delivery,Laptop & Accessory,3,1,3,0,,4,41.0,144.08,31.38,0,9.8,0
CUST100375,Male,45,Single,3,48,Mobile Phone,Debit Card,Mobile Phone,1,4,2,1,3.51,3,36.0,86.83,18.36,3,16.8,0
CUST101908,Female,45,Married,2,36,Mobile Phone,E-wallet,Mobile Phone,5,5,5,0,1.75,2,25.0,142.96,4.24,1,17.6,0
CUST104346,Female,27,Married,1,39,Mobile Phone,Debit Card,Fashion,3,5,1,0,3.58,4,1.0,94.42,12.67,3,24.9,0
CUST104393,Female,24,Married,3,33,Computer,UPI,Fashion,1,3,1,0,2.53,6,32.0,127.21,19.21,2,14.0,0
CUST104027,Female,55,Single,2,58,Mobile Phone,Debit Card,Mobile Phone,4,3,5,0,1.34,2,10.0,139.23,14.69,0,20.6,0
CUST101604,Male,53,Married,1,67,Mobile Phone,Credit Card,Mobile Phone,2,4,2,0,2.43,5,3.0,104.32,10.54,3,18.4,0
CUST101118,Male,33,Divorced,2,40,Mobile Phone,UPI,Mobile Phone,3,2,1,0,1.71,4,24.0,147.01,24.05,3,13.1,0
CUST103677,Female,69,Single,1,41,Mobile Phone,Credit Card,Mobile Phone,5,2,2,1,1.39,3,82.0,140.66,19.92,1,14.4,0
CUST103490,Female,36,Single,1,13,Computer,Debit Card,Laptop & Accessory,4,2,4,1,4.64,8,63.0,127.2,0.77,3,13.6,0
CUST104879,Male,65,Married,3,50,Mobile Phone,Credit Card,Fashion,2,1,7,0,2.24,4,53.0,230.58,25.89,1,30.5,0
CUST102958,Male,39,Married,3,21,Mobile Phone,Credit Card,Mobile Phone,1,4,3,0,1.25,0,37.0,99.2,4.58,1,12.3,0
CUST101994,Male,66,Single,1,10,Computer,Credit Card,Laptop & Accessory,5,4,2,1,,2,27.0,325.52,25.02,2,6.2,0
CUST104970,Female,21,Divorced,2,54,Mobile Phone,Debit Card,Others,3,3,3,0,3.79,1,39.0,164.62,35.2,1,6.8,0
CUST104369,Male,21,Married,3,10,Mobile Phone,Credit Card,Grocery,2,5,5,1,0.97,1,64.0,152.2,16.92,3,1.8,0
CUST102376,Female,54,Divorced,1,11,Mobile Phone,Debit Card,Grocery,5,2,4,0,0.17,1,69.0,161.33,11.08,0,11.1,0
CUST101342,Male,48,Single,1,50,Computer,Debit Card,Mobile Phone,2,1,7,0,3.07,2,11.0,162.36,2.28,1,12.5,0
CUST100320,Female,68,Married,3,56,Mobile Phone,Cash on Delivery,Fashion,5,4,7,0,5.61,3,58.0,132.85,8.0,1,16.9,1
CUST101619,Male,57,Married,1,69,Mobile Phone,UPI,Fashion,1,3,5,0,1.34,4,11.0,121.14,22.84,1,8.6,0
CUST103713,Female,30,Married,1,70,Computer,Debit Card,Laptop & Accessory,4,2,2,0,4.8,4,89.0,144.95,8.76,0,15.4,0
CUST102060,Female,39,Divorced,1,43,Mobile Phone,Cash on Delivery,Fashion,5,5,5,1,7.69,1,6.0,138.97,0.0,0,12.9,0
CUST102219,Male,49,Single,2,11,Mobile Phone,UPI,Laptop & Accessory,5,3,2,0,1.59,1,11.0,249.11,11.17,2,17.0,0
CUST101673,Male,63,Single,3,59,Mobile Phone,UPI,Fashion,4,4,1,1,0.62,7,47.0,177.0,21.11,0,23.9,0
CUST100260,Male,27,Single,3,35,Computer,Credit Card,Mobile Phone,2,1,5,1,2.56,2,48.0,90.08,17.55,3,26.9,0
CUST104431,Female,21,Divorced,2,35,Mobile Phone,Debit Card,Fashion,3,5,3,0,0.24,6,32.0,282.61,27.34,1,11.9,0
CUST102039,Female,67,Married,2,7,Computer,UPI,Grocery,3,4,2,0,3.14,3,53.0,168.15,8.64,2,15.3,0
CUST100901,Male,18,Single,1,47,Mobile Phone,Credit Card,Fashion,4,5,3,0,0.21,2,61.0,206.39,9.13,0,17.0,0
CUST103744,Male,34,Single,2,7,Mobile Phone,UPI,Mobile Phone,2,5,3,1,2.57,6,52.0,211.62,23.81,0,18.0,0
CUST102026,Female,26,Divorced,3,21,Mobile Phone,UPI,Laptop & Accessory,1,4,4,0,0.86,5,44.0,,15.96,4,12.3,0
CUST104234,Male,41,Divorced,1,49,Mobile Phone,Credit Card,Laptop & Accessory,4,4,2,1,2.41,3,44.0,209.01,13.49,4,10.8,0
CUST101917,Female,52,Single,2,47,Mobile Phone,Credit Card,Others,2,2,5,1,1.34,2,62.0,243.77,2.86,1,24.6,0
CUST101828,Female,50,Married,1,21,Computer,Credit Card,Others,3,1,7,0,2.84,1,88.0,127.69,25.33,0,20.5,0
CUST101573,Female,63,Single,3,28,Mobile Phone,Debit Card,Fashion,4,1,7,0,4.46,1,58.0,171.35,26.42,1,8.2,0
CUST104408,Female,63,Married,1,36,Computer,Debit Card,Grocery,5,5,6,1,0.56,0,13.0,173.83,14.77,1,12.2,1
CUST104208,Male,59,Single,1,59,Mobile Phone,UPI,Mobile Phone,5,2,5,0,0.48,4,74.0,111.18,5.87,0,14.7,0
CUST100224,Male,57,Married,2,7,Computer,Cash on Delivery,Fashion,2,3,7,0,4.49,5,43.0,283.42,16.9,2,3.7,0
CUST100723,Female,22,Married,1,2,Mobile Phone,UPI,Fashion,3,5,2,0,0.31,4,16.0,253.76,14.2,3,23.8,0
CUST104791,Male,64,Married,3,59,Computer,Credit Card,Fashion,3,4,3,0,2.51,5,73.0,81.48,25.68,0,18.7,0
CUST101141,Female,25,Single,1,30,Computer,Credit Card,Laptop & Accessory,5,3,5,0,0.12,2,14.0,218.12,21.16,0,2.9,1
CUST102762,Male,25,Divorced,2,19,Computer,Cash on Delivery,Mobile Phone,4,1,4,0,1.74,3,80.0,161.55,3.64,2,11.6,0
CUST100846,Male,19,Single,2,67,Computer,Debit Card,Laptop & Accessory,2,2,4,0,1.85,5,68.0,45.78,9.41,3,9.2,0
CUST102551,Male,55,Single,1,12,Mobile Phone,Debit Card,Laptop & Accessory,5,5,3,0,3.22,3,4.0,114.56,16.97,1,15.4,0
CUST102928,Male,20,Married,1,46,Mobile Phone,Debit Card,Fashion,1,5,1,0,,3,84.0,261.39,25.31,0,15.1,0
CUST100117,Female,49,Divorced,2,61,Mobile Phone,UPI,Laptop & Accessory,3,2,6,0,2.4,1,74.0,146.14,28.17,2,7.5,0
CUST100645,Female,62,Single,1,22,Mobile Phone,UPI,Others,5,3,6,1,3.63,4,47.0,189.71,27.83,3,20.4,0
CUST100003,Female,52,Married,1,52,Mobile Phone,Debit Card,Laptop & Accessory,1,4,1,0,1.79,7,61.0,204.02,7.59,3,16.0,0
CUST104170,Female,56,Married,3,24,Mobile Phone,UPI,Mobile Phone,3,2,1,0,1.82,7,36.0,111.36,22.7,1,2.8,0
CUST100467,Female,39,Single,1,17,Mobile Phone,UPI,Grocery,1,2,3,0,1.88,0,36.0,80.42,20.94,1,33.4,0
CUST100005,Female,57,Single,1,13,Mobile Phone,Debit Card,Mobile Phone,2,2,1,1,2.33,2,82.0,120.44,15.99,2,7.9,1
CUST100919,Female,21,Married,1,67,Mobile Phone,Credit Card,Others,4,1,6,0,4.01,5,20.0,131.5,10.98,0,8.6,0
CUST102595,Female,51,Single,2,43,Mobile Phone,Credit Card,Grocery,3,5,7,0,3.42,0,47.0,150.4,9.88,2,26.8,0
CUST101063,Female,61,Single,1,26,Mobile Phone,Debit Card,Laptop & Accessory,3,4,2,1,2.58,1,81.0,75.29,0.0,2,9.6,1
CUST102590,Female,23,Married,2,27,Mobile Phone,UPI,Mobile Phone,1,1,6,0,2.55,2,59.0,209.82,19.0,1,1.0,0
CUST100242,Male,47,Single,1,23,Mobile Phone,Credit Card,Mobile Phone,4,3,3,0,1.86,0,0.0,142.97,12.48,1,16.8,0
CUST101160,Male,42,Single,1,43,Mobile Phone,Debit Card,Mobile Phone,3,1,2,0,1.47,4,71.0,192.3,17.44,1,24.5,0
CUST102870,Female,51,Divorced,3,33,Computer,Credit Card,Fashion,3,5,7,0,6.6,5,45.0,269.51,4.24,0,16.0,0
CUST103735,Female,20,Single,3,58,Computer,Credit Card,Fashion,1,1,1,0,3.15,6,32.0,143.66,12.88,1,17.6,0
CUST102397,Male,41,Married,1,11,Computer,Debit Card,Laptop & Accessory,3,1,6,0,2.2,2,16.0,107.01,5.45,2,1.0,0
CUST103517,Male,39,Divorced,1,28,Mobile Phone,Cash on Delivery,Fashion,3,3,5,0,4.57,6,25.0,78.79,16.3,2,24.7,1
CUST103421,Male,26,Single,3,68,Mobile Phone,Credit Card,Mobile Phone,1,2,1,1,2.47,4,2.0,220.04,15.5,2,5.4,0
CUST102563,Male,31,Married,3,11,Mobile Phone,UPI,Mobile Phone,4,4,7,0,2.88,1,70.0,116.57,13.43,1,14.9,0
CUST101605,Male,57,Single,1,15,Computer,Cash on Delivery,Fashion,5,2,7,1,1.71,1,83.0,93.27,22.63,1,28.1,1
CUST104997,Male,52,Married,1,26,Mobile Phone,UPI,Mobile Phone,2,2,2,0,0.37,5,72.0,106.64,12.48,1,12.9,1
CUST102324,Male,65,Single,1,66,Mobile Phone,E-wallet,Laptop & Accessory,2,5,2,0,1.23,9,52.0,,20.42,1,19.8,0
CUST102709,Female,32,Married,1,39,Mobile Phone,Cash on Delivery,Laptop & Accessory,1,4,6,1,3.57,4,70.0,147.95,19.09,1,1.0,0
CUST104412,Female,49,Single,1,30,Computer,UPI,Grocery,5,5,4,0,3.77,8,8.0,85.09,13.36,1,8.1,0
CUST101312,Female,54,Married,2,18,Computer,Debit Card,Mobile Phone,5,5,1,0,1.42,6,9.0,261.2,17.09,1,22.1,0
CUST103448,Male,34,Single,3,27,Mobile Phone,UPI,Laptop & Accessory,5,3,7,0,3.85,4,38.0,203.78,18.84,1,13.1,0
CUST103812,Female,31,Divorced,2,54,Mobile Phone,Credit Card,Others,4,5,4,0,2.43,3,9.0,101.49,8.05,3,17.0,0
CUST104670,Male,66,Single,2,29,Computer,UPI,Mobile Phone,1,2,6,0,1.75,2,,233.81,11.27,0,1.0,1
CUST102362,Male,68,Single,1,27,Mobile Phone,E-wallet,Fashion,5,5,2,0,2.21,1,81.0,127.82,12.69,0,14.8,0
CUST101975,Male,37,Single,1,4,Computer,UPI,Fashion,1,1,6,1,1.96,5,76.0,175.2,16.64,2,17.5,1
CUST103514,Female,33,Single,1,14,Mobile Phone,Debit Card,Mobile Phone,5,5,6,0,1.71,6,32.0,62.13,9.31,1,25.8,0
CUST101761,Male,34,Married,2,35,Computer,E-wallet,Laptop & Accessory,3,5,6,0,5.34,5,5.0,242.31,21.24,1,24.4,0
CUST102739,Female,54,Married,2,46,Mobile Phone,UPI,Grocery,3,1,6,0,1.15,3,56.0,158.36,22.05,0,18.0,0
CUST104674,Female,68,Married,3,29,Mobile Phone,Cash on Delivery,Laptop & Accessory,1,2,1,0,2.08,5,86.0,217.44,20.37,2,20.4,1
CUST102472,Female,50,Married,1,54,Mobile Phone,UPI,Others,1,5,3,0,5.27,2,11.0,196.14,19.67,5,16.9,0
CUST104007,Male,45,Married,3,14,Computer,E-wallet,Mobile Phone,1,1,5,0,8.28,5,62.0,118.47,0.0,3,22.0,0
CUST101493,Female,27,Married,1,11,Computer,Cash on Delivery,Mobile Phone,3,2,1,0,2.89,6,20.0,,8.25,3,19.8,0
CUST104206,Male,62,Single,3,70,Mobile Phone,E-wallet,Mobile Phone,2,3,3,1,3.5,2,46.0,151.7,12.92,1,20.8,0
CUST102158,Male,23,Divorced,1,0,Mobile Phone,Cash on Delivery,Others,3,5,3,0,6.31,4,16.0,161.82,10.32,2,14.7,0
CUST101169,Male,55,Divorced,3,9,Mobile Phone,UPI,Fashion,2,3,3,1,3.75,5,26.0,177.55,5.59,0,5.8,0
CUST104530,Female,25,Single,1,4,Mobile Phone,Cash on Delivery,Fashion,3,3,3,0,3.26,5,59.0,109.72,16.64,1,20.8,0
CUST100232,Female,27,Single,1,24,Mobile Phone,UPI,Laptop & Accessory,1,5,1,0,3.65,4,10.0,229.72,18.74,1,13.5,0
CUST100066,Female,58,Married,1,50,Mobile Phone,Debit Card,Mobile Phone,5,2,6,1,2.06,2,10.0,214.18,21.44,2,31.1,0
CUST101603,Female,49,Single,3,28,Mobile Phone,Credit Card,Laptop & Accessory,3,2,2,0,2.15,3,37.0,196.17,14.75,1,21.5,0
CUST103283,Male,60,Single,1,67,Computer,Credit Card,Mobile Phone,4,3,1,0,6.15,2,9.0,176.86,18.94,2,10.7,0
CUST103596,Female,23,Single,1,9,Mobile Phone,Debit Card,Grocery,4,5,2,1,0.59,2,41.0,247.88,25.3,2,7.0,1
CUST100125,Male,33,Married,1,8,Computer,Credit Card,Laptop & Accessory,1,2,5,0,2.98,3,47.0,,11.03,0,27.1,0
CUST101296,Male,69,Single,2,9,Mobile Phone,E-wallet,Laptop & Accessory,3,2,5,1,1.17,6,70.0,182.37,18.11,2,13.7,0
CUST101976,Male,45,Single,1,21,Mobile Phone,Cash on Delivery,Fashion,2,5,1,0,2.17,1,44.0,173.14,11.14,0,16.9,1
CUST104531,Male,20,Married,1,38,Mobile Phone,Credit Card,Mobile Phone,4,2,6,0,7.13,5,12.0,171.53,,3,21.3,0
CUST104690,Male,55,Married,3,40,Computer,Credit Card,Fashion,5,3,1,0,0.98,1,19.0,251.64,1.29,2,7.4,0
CUST102075,Female,32,Married,3,68,Mobile Phone,Credit Card,Mobile Phone,5,5,7,0,6.03,2,54.0,244.62,12.9,3,25.2,0
CUST103086,Male,55,Single,1,50,Computer,Credit Card,Laptop & Accessory,1,5,4,0,2.23,5,1.0,99.92,9.35,2,7.8,0
CUST104359,Female,34,Married,2,29,Mobile Phone,Cash on Delivery,Mobile Phone,2,5,5,0,2.89,6,24.0,169.48,8.79,2,13.2,0
CUST103345,Female,44,Single,3,1,Computer,Credit Card,Mobile Phone,2,1,5,1,1.65,2,12.0,,7.32,2,20.3,0
CUST104478,Female,37,Single,1,19,Computer,Credit Card,Grocery,4,2,4,0,1.18,5,38.0,198.07,18.42,0,11.2,0
CUST102797,Male,46,Single,1,22,Computer,Credit Card,Fashion,2,1,3,0,3.25,4,6.0,52.63,5.33,1,10.9,0
CUST100918,Male,24,Single,3,23,Mobile Phone,Cash on Delivery,Others,4,2,2,0,1.95,5,75.0,93.54,22.95,1,16.5,0
CUST101646,Male,23,Married,2,56,Computer,Credit Card,Mobile Phone,2,1,6,0,2.09,2,74.0,88.92,11.99,3,20.2,1
CUST100364,Female,48,Married,1,40,Mobile Phone,Debit Card,Grocery,5,3,5,0,,2,17.0,131.7,10.78,0,8.9,0
CUST103287,Male,35,Married,3,48,Mobile Phone,UPI,Grocery,4,5,3,0,1.82,3,73.0,238.74,2.68,1,5.1,1
CUST102125,Male,26,Divorced,3,62,Mobile Phone,Debit Card,Others,5,1,6,0,1.28,3,59.0,101.26,9.65,2,17.9,0
CUST104123,Male,18,Single,2,10,Computer,Credit Card,Laptop & Accessory,5,2,3,1,1.62,2,37.0,193.12,5.64,2,18.6,1
CUST100525,Male,26,Married,2,18,Computer,Credit Card,Fashion,1,1,6,1,3.91,6,11.0,0.0,,2,13.7,0
CUST100055,Female,34,Married,1,55,Mobile Phone,E-wallet,Mobile Phone,5,1,2,1,0.67,1,41.0,51.3,14.59,3,1.0,0
CUST100638,Female,57,Single,2,49,Mobile Phone,Credit Card,Mobile Phone,4,3,3,1,2.42,3,21.0,,20.15,3,16.6,1
CUST100302,Female,25,Married,2,60,Mobile Phone,UPI,Fashion,5,5,5,0,7.69,1,84.0,94.77,2.82,3,20.7,0
CUST102766,Male,40,Single,1,8,Computer,Credit Card,Mobile Phone,5,2,2,1,0.76,2,70.0,180.83,5.54,1,9.5,1
CUST101276,Male,43,Single,1,31,Mobile Phone,UPI,Fashion,3,2,1,0,1.27,3,79.0,185.15,7.89,1,10.2,0
CUST102055,Male,24,Single,2,50,Mobile Phone,Credit Card,Laptop & Accessory,3,2,3,0,4.72,0,34.0,117.82,6.48,5,8.5,0
CUST103644,Male,34,Married,1,31,Mobile Phone,Credit Card,Mobile Phone,3,5,3,0,3.79,4,60.0,68.75,9.33,0,27.4,0
CUST104143,Male,29,Married,3,47,Mobile Phone,Debit Card,Fashion,3,4,3,0,8.57,3,84.0,167.01,21.83,2,7.9,0
CUST102878,Female,30,Single,2,21,Computer,Debit Card,Grocery,5,4,3,1,1.7,4,57.0,241.8,12.8,2,30.1,0
CUST104202,Male,60,Single,3,54,Mobile Phone,UPI,Mobile Phone,3,3,3,1,1.8,5,48.0,152.25,,2,15.9,0
CUST102286,Female,42,Married,2,13,Computer,Debit Card,Laptop & Accessory,5,2,6,1,0.06,3,61.0,214.36,21.43,1,17.4,1
CUST102261,Female,32,Single,2,36,Computer,Debit Card,Grocery,1,1,3,0,1.78,3,67.0,97.68,14.2,3,24.5,0
CUST102296,Female,56,Single,3,29,Computer,UPI,Fashion,5,1,4,0,1.52,3,28.0,123.27,8.79,2,1.0,0
CUST101753,Female,49,Married,2,52,Mobile Phone,Debit Card,Fashion,1,4,4,0,3.93,3,56.0,79.38,20.39,1,16.3,0
CUST101968,Male,50,Single,2,27,Mobile Phone,Credit Card,Fashion,4,1,7,0,3.23,4,38.0,73.41,23.87,1,16.0,0
CUST104365,Male,53,Married,3,68,Mobile Phone,Credit Card,Others,2,4,4,1,,2,32.0,154.83,22.2,1,23.0,0
CUST103117,Female,63,Single,3,2,Mobile Phone,UPI,Fashion,1,1,2,0,2.04,3,68.0,254.41,8.11,0,18.2,1
CUST102393,Male,58,Single,1,10,Mobile Phone,E-wallet,Mobile Phone,5,2,1,0,1.79,5,4.0,82.1,21.66,1,21.8,0
CUST100523,Female,48,Single,2,67,Mobile Phone,UPI,Others,5,1,3,1,1.28,4,38.0,0.0,25.36,1,15.6,0
CUST103900,Male,69,Married,1,14,Mobile Phone,Cash on Delivery,Laptop & Accessory,5,2,3,0,2.17,5,19.0,150.59,6.35,2,1.0,0
CUST103122,Male,42,Married,1,39,Mobile Phone,Credit Card,Laptop & Accessory,5,4,4,1,6.38,2,61.0,134.35,6.84,2,8.5,0
CUST104156,Female,38,Married,2,32,Computer,Credit Card,Grocery,5,3,4,0,2.03,5,48.0,162.59,14.43,4,10.8,0
CUST101969,Male,52,,1,55,Mobile Phone,Debit Card,Laptop & Accessory,5,1,1,0,0.61,4,0.0,144.27,32.11,1,14.3,0
CUST100671,Female,58,Single,3,24,Mobile Phone,E-wallet,Mobile Phone,5,5,6,0,2.76,6,53.0,82.89,11.77,2,11.2,0
CUST104188,Male,65,Married,2,68,Computer,Debit Card,Fashion,5,4,1,0,4.33,2,12.0,,14.14,1,3.5,0
CUST100666,Female,41,Married,1,29,Computer,UPI,Laptop & Accessory,2,1,7,0,2.63,2,17.0,,22.57,2,10.7,1
CUST104352,Female,36,Married,2,11,Mobile Phone,UPI,Mobile Phone,3,4,5,1,2.33,6,84.0,164.79,26.28,1,11.3,0
CUST101887,Male,60,Married,1,29,Mobile Phone,Cash on Delivery,Fashion,3,1,7,1,1.37,3,11.0,100.21,15.5,3,25.6,0
CUST103266,Male,51,Single,2,8,Mobile Phone,Credit Card,Laptop & Accessory,5,3,6,0,3.07,3,6.0,196.59,12.74,0,8.5,0
CUST100280,Male,55,Married,2,6,Mobile Phone,UPI,Fashion,5,2,4,1,1.25,3,68.0,43.32,7.22,5,12.7,0
CUST101719,Female,31,Single,3,11,Mobile Phone,Cash on Delivery,Fashion,5,1,3,1,5.95,6,46.0,261.56,20.7,1,18.7,0
CUST102947,Female,47,Married,2,4,Mobile Phone,Debit Card,Fashion,5,2,6,0,1.3,1,47.0,151.75,9.49,0,13.8,0
CUST100899,Female,41,Married,1,65,Mobile Phone,Debit Card,Mobile Phone,4,5,6,1,7.56,1,79.0,191.03,25.01,0,18.7,1
CUST104865,Male,55,Married,1,35,Computer,UPI,Laptop & Accessory,2,1,7,0,0.77,3,25.0,149.37,,0,9.3,0
CUST100760,Female,28,Single,1,9,Mobile Phone,UPI,Mobile Phone,1,3,6,1,1.25,6,67.0,99.3,17.9,0,16.9,0
CUST101906,Male,61,Single,2,19,Mobile Phone,Cash on Delivery,Laptop & Accessory,3,5,3,1,2.9,3,66.0,202.2,10.53,3,1.0,0
CUST104042,Male,44,Married,2,60,Computer,UPI,Fashion,1,2,5,0,1.39,2,3.0,158.48,13.41,2,23.2,0
CUST103823,Male,49,Married,3,25,Mobile Phone,E-wallet,Fashion,4,2,2,1,2.9,4,6.0,103.99,23.92,4,15.1,0
CUST104138,Female,18,Single,1,0,Mobile Phone,Debit Card,Mobile Phone,5,5,4,0,1.98,1,15.0,151.75,5.14,2,1.0,0
CUST103818,Female,52,Married,1,64,Mobile Phone,Cash on Delivery,Mobile Phone,4,5,2,0,2.08,3,15.0,205.91,13.41,2,10.8,0
CUST104300,Male,28,Married,3,3,Computer,Credit Card,Laptop & Accessory,1,5,3,1,5.06,4,20.0,129.7,22.29,0,20.1,1
CUST102593,Male,59,Married,1,34,Mobile Phone,E-wallet,Grocery,3,5,7,1,3.54,3,53.0,127.84,22.3,4,3.6,0
CUST104164,Female,38,Married,1,69,Mobile Phone,Credit Card,Others,1,2,6,1,2.87,2,78.0,209.9,19.79,1,18.6,0
CUST103031,Male,42,Divorced,1,60,Computer,Credit Card,Mobile Phone,4,1,5,0,3.91,4,79.0,216.05,4.74,2,20.0,0
CUST103579,Male,62,Single,1,5,Mobile Phone,Debit Card,Laptop & Accessory,4,5,1,0,2.27,4,13.0,230.49,29.54,0,23.0,0
CUST102832,Male,22,Married,1,50,Mobile Phone,Cash on Delivery,Mobile Phone,4,3,3,0,3.97,1,38.0,188.7,22.06,2,22.6,0
CUST103472,Female,25,Married,1,24,Computer,E-wallet,Mobile Phone,5,2,1,0,4.74,2,16.0,100.89,,2,17.7,0
CUST100137,Male,32,Single,2,65,Mobile Phone,UPI,Mobile Phone,2,1,1,1,4.61,4,81.0,99.66,2.71,3,23.3,0
CUST102180,Female,53,Married,1,1,Computer,Credit Card,Mobile Phone,4,4,5,0,3.2,9,17.0,69.75,21.25,3,11.2,0
CUST102128,Male,61,Single,1,39,Mobile Phone,Cash on Delivery,Fashion,1,4,7,0,4.1,3,73.0,200.52,31.69,1,10.8,0
CUST103177,Male,62,Single,1,37,Mobile Phone,UPI,Fashion,3,2,5,0,1.85,4,28.0,,13.18,1,8.1,0
CUST104381,Male,45,Married,2,32,Mobile Phone,E-wallet,Grocery,5,5,3,0,1.91,5,22.0,103.54,,0,21.1,0
CUST104261,Female,41,Married,2,56,Computer,Cash on Delivery,Others,4,2,1,1,,3,33.0,202.79,8.23,1,20.7,0
CUST104344,Female,26,Married,1,36,Mobile Phone,UPI,Laptop & Accessory,2,2,1,0,2.68,3,68.0,69.66,27.29,2,11.3,0
CUST101331,Male,54,Married,3,48,Mobile Phone,Cash on Delivery,Grocery,4,3,1,0,1.5,1,22.0,145.93,16.4,0,8.8,0
CUST102017,Male,58,Married,3,68,Mobile Phone,Cash on Delivery,Mobile Phone,2,1,1,0,0.29,2,72.0,208.05,6.73,3,6.7,0
CUST102482,Male,19,Single,1,52,Mobile Phone,Credit Card,Grocery,5,5,5,0,3.73,5,50.0,47.91,23.59,1,13.6,0
CUST101358,Female,38,Married,1,20,Mobile Phone,UPI,Laptop & Accessory,2,2,2,0,1.56,3,21.0,159.64,20.66,1,13.8,0
CUST101329,Male,28,Single,3,27,Mobile Phone,Debit Card,Mobile Phone,1,4,7,0,3.91,3,39.0,196.79,3.42,2,23.7,1
CUST102150,Female,24,Married,1,14,Computer,Debit Card,Fashion,1,4,3,0,3.72,3,24.0,113.71,12.89,1,19.6,0
CUST102122,Male,63,Married,1,31,Computer,UPI,Grocery,4,2,6,1,1.81,2,5.0,124.65,10.44,3,17.6,0
CUST103981,Male,24,Married,1,28,Mobile Phone,Cash on Delivery,Mobile Phone,4,3,1,1,1.3,4,81.0,182.94,23.9,6,22.8,0
CUST101252,Male,35,Married,1,29,Computer,Credit Card,Mobile Phone,2,5,1,0,0.88,1,79.0,61.69,17.98,0,15.7,1
CUST103278,Male,20,Single,1,67,Computer,E-wallet,Grocery,3,3,3,0,2.98,4,74.0,233.62,17.32,0,20.2,0
CUST103374,Male,59,Single,3,55,Mobile Phone,Debit Card,Mobile Phone,3,1,3,0,1.04,8,52.0,32.79,12.81,0,21.9,0
CUST102814,Male,23,Married,1,5,Computer,Debit Card,Mobile Phone,5,2,7,1,1.69,1,75.0,143.94,29.49,3,15.6,0
CUST101848,Male,34,Single,1,10,Mobile Phone,Debit Card,Grocery,4,5,2,1,1.3,3,65.0,169.69,12.52,0,27.0,0
CUST103037,Male,28,Married,2,51,Mobile Phone,Debit Card,Mobile Phone,1,3,1,0,6.31,2,36.0,159.97,13.14,1,7.3,0
CUST100388,Male,24,Married,1,28,Mobile Phone,UPI,Mobile Phone,1,1,4,1,5.54,6,31.0,181.19,14.24,1,26.0,0
CUST100235,Female,57,Divorced,1,49,Mobile Phone,Cash on Delivery,Laptop & Accessory,1,4,5,1,0.49,1,9.0,181.36,14.67,1,1.0,0
CUST101077,Male,37,Single,2,6,Mobile Phone,Debit Card,Fashion,4,2,3,0,2.24,1,0.0,123.14,7.93,1,21.0,0
CUST101984,Female,53,Married,1,64,Mobile Phone,Cash on Delivery,Mobile Phone,4,5,6,0,7.68,4,6.0,187.99,16.66,0,1.0,0
CUST104363,Female,40,Single,2,2,Mobile Phone,E-wallet,Fashion,3,2,2,0,2.11,3,65.0,183.06,8.17,4,14.7,1
CUST103962,Female,20,Married,3,39,Mobile Phone,UPI,Mobile Phone,5,3,5,0,6.8,4,14.0,85.42,16.86,1,5.4,0
CUST100770,Male,20,Divorced,1,47,Mobile Phone,UPI,Laptop & Accessory,3,1,1,0,5.23,4,4.0,184.66,8.46,3,6.4,0
CUST102165,Male,47,Married,1,38,Mobile Phone,Credit Card,Mobile Phone,3,2,1,0,1.68,4,41.0,194.74,4.77,1,24.2,0
CUST100673,Female,54,Married,3,18,Mobile Phone,E-wallet,Laptop & Accessory,4,2,7,0,0.86,1,45.0,200.4,27.78,1,3.8,0
CUST100249,Male,46,Single,3,30,Mobile Phone,E-wallet,Fashion,2,1,4,0,6.15,3,72.0,92.37,,0,17.5,0
CUST101574,Male,68,Divorced,3,28,Computer,Debit Card,Laptop & Accessory,4,2,7,0,3.73,3,74.0,177.97,0.0,2,3.2,0
CUST103419,Female,26,Single,2,53,Computer,Debit Card,Fashion,5,5,2,0,0.7,5,39.0,185.14,24.04,4,25.2,0
CUST102081,Male,41,Single,3,13,Mobile Phone,Debit Card,Grocery,4,5,1,0,0.44,2,10.0,164.22,17.68,0,7.2,0
CUST101823,Female,23,Divorced,2,36,Mobile Phone,Cash on Delivery,Mobile Phone,5,3,1,0,0.25,2,11.0,216.54,14.86,0,10.1,0
CUST100716,Female,51,Single,2,53,Mobile Phone,Debit Card,Fashion,1,3,4,0,0.98,3,11.0,157.64,15.05,2,10.8,0
CUST104683,Female,32,Single,2,15,Computer,Credit Card,Mobile Phone,5,2,2,1,0.58,3,23.0,152.54,10.78,1,18.8,0
CUST102048,Male,24,Single,2,26,Computer,E-wallet,Laptop & Accessory,4,4,5,0,2.64,1,19.0,156.79,13.06,3,21.9,0
CUST104178,Female,68,Married,2,71,Computer,Cash on Delivery,Others,2,5,4,0,2.88,2,53.0,122.72,8.76,0,17.4,0
CUST102724,Male,65,Single,1,69,Computer,Cash on Delivery,Mobile Phone,1,1,7,0,2.08,3,68.0,46.71,17.3,2,8.5,0
CUST104535,Male,50,Married,2,46,Mobile Phone,Credit Card,Laptop & Accessory,2,3,6,1,4.75,1,46.0,190.09,4.23,0,23.6,0
CUST101460,Female,25,Single,2,10,Mobile Phone,UPI,Mobile Phone,3,5,2,0,0.88,2,20.0,206.37,8.87,0,23.0,0
CUST101668,Male,50,Married,2,12,Mobile Phone,Credit Card,Grocery,3,2,2,0,1.11,4,51.0,106.96,8.93,0,18.2,0
CUST102756,Female,31,Single,1,43,Mobile Phone,Debit Card,Fashion,2,1,1,0,3.64,5,0.0,156.65,6.72,0,13.2,0
CUST102000,Female,44,Married,2,66,Mobile Phone,UPI,Laptop & Accessory,5,2,2,0,3.37,4,79.0,83.55,10.03,2,27.9,0
CUST100404,Female,61,Married,1,71,Mobile Phone,UPI,Fashion,5,5,2,0,2.08,4,51.0,214.87,20.88,0,1.0,0
CUST100384,Male,56,Single,3,36,Mobile Phone,UPI,Others,2,3,4,1,,3,27.0,192.33,6.93,1,12.0,0
CUST104506,Male,36,Married,3,58,Computer,Debit Card,Mobile Phone,5,3,4,0,5.81,0,43.0,186.89,2.47,2,14.1,0
CUST102152,Female,54,Married,3,48,Mobile Phone,Debit Card,Fashion,4,5,5,0,4.04,2,17.0,149.86,9.97,3,3.8,0
CUST101633,Female,33,Single,1,66,Mobile Phone,E-wallet,Mobile Phone,3,1,2,1,1.0,2,15.0,187.11,15.34,3,10.6,0
CUST104600,Female,28,Single,2,23,Mobile Phone,Debit Card,Mobile Phone,4,5,1,0,,0,77.0,286.91,21.26,1,26.0,0
CUST103925,Female,47,Single,2,19,Mobile Phone,Debit Card,Laptop & Accessory,4,1,4,0,1.85,4,61.0,197.78,14.8,3,20.4,1
CUST104158,Male,32,Single,2,43,Mobile Phone,E-wallet,Fashion,1,1,5,1,0.94,3,45.0,24.02,13.27,1,15.9,0
CUST100223,Female,49,Married,2,53,Computer,Credit Card,Fashion,3,1,5,0,0.97,4,84.0,208.65,12.04,3,1.8,0
CUST102193,Male,21,Single,1,47,Mobile Phone,Credit Card,Laptop & Accessory,2,3,5,0,1.86,4,73.0,148.81,24.84,0,3.4,0
CUST103136,Female,50,Single,1,51,Computer,Credit Card,Mobile Phone,4,4,3,0,,5,62.0,193.03,11.76,4,13.9,0
CUST101824,Female,46,Single,2,25,Mobile Phone,UPI,Fashion,4,5,5,0,6.3,5,0.0,89.31,39.06,2,21.2,0
CUST104615,Male,58,Single,1,4,Mobile Phone,UPI,Others,4,5,6,0,1.41,1,7.0,63.17,0.0,1,2.8,0
CUST100797,Male,53,Married,1,69,Mobile Phone,E-wallet,Others,1,2,7,0,,2,71.0,162.49,14.26,2,20.4,0
CUST102871,Male,38,Divorced,1,69,Mobile Phone,UPI,Mobile Phone,1,5,4,0,0.47,5,64.0,168.21,12.52,0,23.2,0
CUST100009,Male,20,Single,1,38,Mobile Phone,UPI,Grocery,3,3,7,0,2.32,1,31.0,106.18,9.34,2,7.0,0
CUST101944,Female,56,Divorced,1,58,Mobile Phone,UPI,Mobile Phone,1,2,4,0,2.83,3,47.0,164.31,23.95,1,11.7,1
CUST101838,Female,30,Single,2,4,Mobile Phone,Debit Card,Mobile Phone,4,2,6,1,2.46,5,66.0,61.63,26.72,1,17.1,0
CUST100255,Female,29,Single,1,64,Mobile Phone,Credit Card,Others,1,5,6,1,3.97,1,51.0,124.62,11.05,2,27.7,0
CUST104522,Female,43,Single,1,35,Computer,Cash on Delivery,Laptop & Accessory,5,1,5,1,1.19,7,48.0,141.77,20.64,4,26.5,0
CUST101581,Male,60,Married,3,53,Computer,Debit Card,Mobile Phone,4,3,4,0,4.0,2,3.0,169.6,14.48,0,15.9,0
CUST102956,Male,43,Married,1,51,Computer,Credit Card,Fashion,5,3,4,0,2.21,3,12.0,275.39,10.69,3,21.5,0
CUST100924,Male,20,Married,1,20,Mobile Phone,Debit Card,Fashion,2,5,4,1,5.09,6,21.0,207.73,16.67,2,6.1,1
CUST104443,Female,28,Married,1,71,Mobile Phone,Credit Card,Fashion,2,5,3,0,4.6,3,54.0,27.01,18.55,1,17.6,0
CUST102508,Female,33,Married,3,23,Computer,Debit Card,Mobile Phone,1,4,7,1,6.34,3,61.0,142.99,9.78,2,29.0,0
CUST103775,Male,31,Single,1,58,Mobile Phone,Credit Card,Mobile Phone,1,4,5,0,2.04,6,24.0,70.0,14.11,1,16.6,0
CUST104136,Male,36,Married,2,23,Mobile Phone,Debit Card,Fashion,4,5,3,1,2.54,3,48.0,125.72,23.55,1,16.5,1
CUST102779,Male,28,Single,3,2,Computer,Cash on Delivery,Others,1,5,3,0,3.78,3,59.0,145.01,19.03,2,1.3,0
CUST100539,Female,43,Divorced,3,49,Mobile Phone,Cash on Delivery,Others,1,4,7,1,1.72,1,43.0,141.31,5.19,3,8.2,0
CUST102745,Female,68,Married,1,1,Mobile Phone,Debit Card,Mobile Phone,4,3,4,1,6.06,5,41.0,39.25,27.46,1,25.6,1
CUST104512,Female,34,Single,2,70,Computer,Debit Card,Mobile Phone,4,2,7,0,4.53,5,41.0,139.58,9.4,2,17.9,0
CUST104585,Female,61,Married,1,2,Computer,Debit Card,Fashion,3,2,6,0,1.16,5,78.0,40.82,20.73,2,16.2,0
CUST101145,Male,44,Single,2,16,Mobile Phone,Debit Card,Mobile Phone,5,2,7,0,1.54,1,11.0,171.32,15.5,1,25.6,0
CUST100667,Female,26,Divorced,1,49,Computer,UPI,Laptop & Accessory,5,1,7,0,2.02,4,52.0,115.04,22.41,3,22.9,0
CUST103019,Male,47,Married,1,2,Mobile Phone,UPI,Fashion,5,2,1,0,2.11,3,7.0,76.73,4.61,2,20.8,0
CUST100357,Female,44,Single,2,65,Computer,Debit Card,Laptop & Accessory,1,3,6,0,4.22,6,16.0,35.91,31.47,1,24.2,0
CUST102831,Male,26,Single,2,19,Computer,UPI,Others,4,3,3,0,3.6,1,66.0,182.23,21.56,0,11.6,0
CUST102783,Male,50,Divorced,2,50,Mobile Phone,UPI,Grocery,4,1,4,0,1.46,6,18.0,156.67,21.35,1,21.7,0
CUST101353,Male,26,Married,1,45,Mobile Phone,Cash on Delivery,Fashion,3,4,2,0,2.06,2,72.0,88.86,21.05,2,6.2,0
CUST100470,Male,48,Single,1,38,Computer,Cash on Delivery,Laptop & Accessory,4,4,3,0,4.88,2,57.0,159.89,6.29,0,3.9,1
CUST102703,Female,65,Single,2,10,Mobile Phone,Debit Card,Fashion,3,1,7,0,1.72,6,89.0,33.68,7.08,0,7.5,1
CUST103330,Female,55,Single,1,15,Mobile Phone,Credit Card,Fashion,5,4,3,0,3.21,5,29.0,151.09,5.13,2,27.7,1
CUST103637,Male,24,Married,1,55,Computer,Credit Card,Mobile Phone,4,4,6,1,4.35,6,44.0,110.28,,2,12.1,0
CUST101396,Female,52,Single,3,32,Mobile Phone,Cash on Delivery,Fashion,3,3,2,1,1.59,1,18.0,24.12,27.88,2,1.0,0
CUST103584,Female,21,Single,2,57,Mobile Phone,UPI,Mobile Phone,3,5,2,0,3.16,4,27.0,134.08,20.02,4,26.7,0
CUST104500,Male,50,Divorced,1,17,Computer,Cash on Delivery,Fashion,2,3,1,0,0.58,3,78.0,90.57,19.64,4,9.0,0
CUST103376,Male,36,Married,1,27,Computer,UPI,Mobile Phone,3,5,4,0,3.71,8,88.0,204.9,17.15,2,21.8,1
CUST101256,Female,22,Married,1,15,Mobile Phone,Cash on Delivery,Fashion,1,4,4,0,1.62,4,3.0,127.19,,1,27.8,0
CUST103512,Female,36,Divorced,3,25,Mobile Phone,Debit Card,Mobile Phone,5,2,3,0,3.49,4,76.0,233.69,19.06,2,17.7,0
CUST101250,Male,63,Single,2,2,Mobile Phone,Debit Card,Laptop & Accessory,5,4,6,0,6.49,0,25.0,127.36,10.61,1,24.7,0
CUST104822,Female,33,Single,1,41,Computer,Cash on Delivery,Fashion,1,1,7,1,1.68,5,40.0,162.08,14.49,2,15.6,0
CUST104298,Female,33,Single,1,4,Mobile Phone,E-wallet,Laptop & Accessory,4,5,5,1,2.11,3,24.0,148.72,12.97,0,10.3,0
CUST103284,Male,48,Married,3,50,Mobile Phone,Debit Card,Grocery,1,1,3,0,3.63,5,89.0,192.04,17.25,2,8.7,0
CUST102933,Female,30,Divorced,2,36,Mobile Phone,Credit Card,Others,3,3,4,1,,4,9.0,139.93,21.55,1,10.7,0
CUST104175,Female,32,Single,2,38,Mobile Phone,Credit Card,Mobile Phone,2,4,7,0,4.69,10,8.0,92.55,21.82,2,17.1,0
CUST101852,Male,44,Single,1,37,Mobile Phone,Debit Card,Fashion,1,3,3,1,6.38,3,39.0,,12.26,1,17.8,0
CUST104884,Female,62,Single,3,42,Computer,Debit Card,Fashion,4,4,2,0,4.26,2,86.0,138.25,21.03,2,24.3,0
CUST102105,Female,62,Married,2,57,Computer,Debit Card,Fashion,3,3,7,0,3.47,5,18.0,200.07,17.98,4,11.4,0
CUST100133,Male,50,Married,3,2,Mobile Phone,UPI,Fashion,4,5,4,1,4.6,7,79.0,124.0,20.65,3,6.0,0
CUST100928,Female,33,Single,3,35,Mobile Phone,Credit Card,Mobile Phone,1,3,2,1,1.19,3,82.0,127.74,10.03,3,15.9,1
CUST100823,Female,58,Married,2,10,Mobile Phone,Cash on Delivery,Fashion,1,4,2,0,3.28,3,45.0,242.07,30.52,2,16.0,0
CUST104557,Female,49,Married,3,49,Mobile Phone,Debit Card,Laptop & Accessory,4,1,5,0,,4,84.0,108.81,25.19,1,2.3,0
CUST101531,Male,39,Single,1,69,Mobile Phone,Debit Card,Laptop & Accessory,1,1,6,1,5.1,5,76.0,228.1,5.73,0,12.3,0
CUST101214,Male,42,Married,1,68,Mobile Phone,UPI,Fashion,4,3,1,0,2.45,7,49.0,62.58,9.91,0,11.2,0
CUST100504,Female,38,Single,3,14,Computer,Debit Card,Mobile Phone,3,3,6,0,3.08,2,40.0,92.1,20.02,0,17.7,0
CUST104285,Male,57,Married,1,64,Mobile Phone,UPI,Others,5,2,1,0,1.38,0,23.0,106.4,9.11,3,10.8,0
CUST101996,Male,21,Divorced,1,3,Mobile Phone,UPI,Others,4,5,3,0,1.92,5,60.0,41.23,11.05,1,12.6,1
CUST103072,Female,42,Single,2,39,Mobile Phone,Debit Card,Fashion,1,2,1,0,,0,18.0,17.63,5.01,1,18.9,0
CUST101958,Female,18,Married,3,58,Mobile Phone,Cash on Delivery,Mobile Phone,5,4,6,0,1.58,6,82.0,164.83,25.22,2,24.7,0
CUST101384,Female,30,Married,1,3,Mobile Phone,UPI,Mobile Phone,1,2,1,0,3.46,1,59.0,33.9,3.09,2,16.9,0
CUST100894,Female,38,Married,2,0,Mobile Phone,UPI,Grocery,5,5,7,0,1.2,2,54.0,180.59,4.44,1,15.3,0
CUST100455,Male,18,Divorced,3,19,Computer,UPI,Mobile Phone,2,5,7,1,0.89,5,35.0,156.16,3.22,3,8.4,1
CUST104651,Female,36,Single,1,3,Computer,Cash on Delivery,Mobile Phone,2,3,2,1,0.65,3,66.0,102.51,29.49,2,22.4,0
CUST103709,Female,25,Married,1,49,Computer,UPI,Mobile Phone,1,5,5,1,1.89,4,63.0,242.53,8.95,0,37.0,1
CUST104633,Male,63,Single,3,1,Computer,UPI,Grocery,4,1,1,0,2.69,1,51.0,162.2,16.23,0,12.4,1
CUST104268,Female,19,Married,2,23,Mobile Phone,Cash on Delivery,Laptop & Accessory,2,2,2,1,1.93,2,72.0,153.35,10.07,4,13.7,1
CUST103522,Male,31,Divorced,2,31,Mobile Phone,Credit Card,Laptop & Accessory,1,1,6,0,4.59,3,35.0,189.26,0.0,2,25.3,0
CUST104134,Male,45,Single,2,48,Computer,UPI,Fashion,5,1,5,0,0.59,4,55.0,155.8,0.53,0,6.4,0
CUST103602,Male,34,Single,2,62,Mobile Phone,UPI,Fashion,5,2,1,0,2.21,3,86.0,34.23,14.43,1,13.2,0
CUST100713,Female,48,Married,1,14,Computer,UPI,Mobile Phone,1,5,4,1,1.91,2,39.0,115.23,0.0,2,25.4,0
CUST104186,Male,43,Divorced,1,21,Computer,Debit Card,Mobile Phone,5,5,4,0,0.42,3,43.0,60.8,18.29,1,21.4,0
CUST102214,Female,18,Single,2,2,Mobile Phone,Cash on Delivery,Fashion,5,2,7,1,1.65,3,70.0,146.68,1.14,2,5.7,1
CUST102923,Female,56,Married,1,27,Mobile Phone,Cash on Delivery,Fashion,2,3,7,0,1.22,3,68.0,260.06,16.84,1,7.7,0
CUST101810,Male,31,Divorced,3,70,Computer,UPI,Mobile Phone,4,5,7,0,0.94,3,83.0,140.24,14.64,2,18.7,0
CUST103486,Female,57,Married,1,54,Mobile Phone,Debit Card,Laptop & Accessory,1,4,4,1,2.51,3,42.0,154.17,24.49,4,8.4,0
CUST103141,Male,54,Married,1,15,Mobile Phone,Debit Card,Fashion,5,1,3,0,2.98,4,43.0,182.02,18.45,1,23.7,0
CUST101827,Male,32,Single,1,21,Mobile Phone,E-wallet,Laptop & Accessory,1,4,1,1,3.14,1,87.0,141.32,8.43,1,28.6,0
CUST101155,Male,53,Married,1,17,Mobile Phone,UPI,Laptop & Accessory,2,2,1,0,1.9,5,79.0,75.82,14.43,2,27.2,1
CUST101324,Male,33,Single,1,14,Mobile Phone,Cash on Delivery,Mobile Phone,2,5,3,0,0.43,6,70.0,85.1,10.2,2,20.7,0
CUST104312,Male,37,Married,3,5,Mobile Phone,Debit Card,Fashion,1,3,5,0,0.93,3,53.0,,19.89,3,15.6,0
CUST100510,Male,48,Single,2,3,Mobile Phone,Cash on Delivery,Fashion,2,3,1,0,0.84,2,49.0,156.51,8.23,2,9.6,0
CUST101680,Female,32,Single,2,34,Mobile Phone,E-wallet,Others,2,1,3,0,3.83,3,60.0,171.21,11.21,1,7.7,0
CUST100499,Male,60,Single,3,58,Mobile Phone,Cash on Delivery,Mobile Phone,4,5,1,0,1.55,2,61.0,102.69,19.26,2,17.4,0
CUST104550,Male,30,Married,1,13,Mobile Phone,Cash on Delivery,Others,1,3,5,0,3.77,2,63.0,143.95,17.27,1,6.2,0
CUST101856,Male,51,Single,1,40,Computer,Credit Card,Laptop & Accessory,2,5,6,0,7.78,4,81.0,58.71,18.07,2,10.6,0
CUST101388,Female,26,Married,1,60,Computer,Debit Card,Mobile Phone,2,4,2,1,1.55,3,43.0,103.98,14.51,1,13.9,1
CUST103719,Male,23,Single,1,5,Mobile Phone,Debit Card,Mobile Phone,4,5,4,0,2.87,4,27.0,106.24,23.72,3,12.9,1
CUST102386,Female,45,Married,1,48,Mobile Phone,E-wallet,Mobile Phone,4,3,1,0,2.93,2,3.0,179.95,10.99,0,14.2,0
CUST103236,Female,66,Married,1,71,Computer,Cash on Delivery,Laptop & Accessory,4,4,6,0,0.31,4,47.0,126.14,1.24,1,19.5,0
CUST101540,Female,60,Divorced,3,62,Computer,Cash on Delivery,Fashion,1,1,1,0,1.09,4,49.0,113.06,14.4,0,22.1,0
CUST101217,Female,40,Single,1,43,Computer,Cash on Delivery,Fashion,1,4,6,0,2.63,1,,233.52,22.03,1,8.6,0
CUST102681,Female,63,Single,1,12,Mobile Phone,Credit Card,Others,2,2,1,1,2.97,5,84.0,168.07,9.09,0,24.3,1
CUST102993,Female,40,Single,1,60,Mobile Phone,E-wallet,Grocery,5,5,7,1,4.52,2,32.0,176.49,23.7,1,14.5,1
CUST101191,Male,50,Single,1,61,Computer,Cash on Delivery,Mobile Phone,1,1,5,0,3.3,1,17.0,288.71,23.74,1,3.6,0
CUST101542,Male,26,Single,2,27,Mobile Phone,Debit Card,Fashion,4,1,4,1,8.87,2,80.0,100.87,6.88,0,20.5,1
CUST103301,Male,52,Single,3,24,Computer,Credit Card,Laptop & Accessory,3,4,3,1,0.98,3,1.0,218.41,18.46,1,16.9,0
CUST103324,Female,34,Single,2,0,Mobile Phone,UPI,Mobile Phone,4,2,5,1,2.85,4,47.0,118.23,6.22,0,18.0,0
CUST102539,Male,19,Married,2,5,Computer,Credit Card,Others,5,3,5,0,3.05,3,40.0,171.4,1.35,1,12.2,1
CUST100953,Male,28,Single,3,60,Mobile Phone,Debit Card,Grocery,1,3,5,0,3.31,1,81.0,131.93,16.33,1,17.9,0
CUST104330,Male,21,Married,1,61,Mobile Phone,Debit Card,Others,2,4,3,0,3.74,2,18.0,127.91,22.62,0,4.3,0
CUST100732,Male,30,Single,2,22,Computer,Credit Card,Laptop & Accessory,3,1,4,0,2.27,4,46.0,29.93,20.55,2,18.1,0
CUST101156,Male,30,Single,3,37,Mobile Phone,UPI,Mobile Phone,3,4,1,0,5.59,5,10.0,256.13,9.33,0,21.5,0
CUST103294,Male,33,Divorced,1,19,Mobile Phone,Debit Card,Fashion,5,5,6,0,1.51,7,51.0,181.09,0.0,3,13.6,0
CUST102982,Male,52,Divorced,2,65,Computer,UPI,Mobile Phone,4,3,2,0,1.35,2,30.0,159.68,10.19,0,1.5,0
CUST102156,Male,64,Married,3,20,Mobile Phone,UPI,Laptop & Accessory,1,3,3,0,1.84,2,34.0,106.93,26.93,2,1.0,0
CUST101062,Male,42,Married,1,49,Mobile Phone,Debit Card,Fashion,4,1,7,0,1.28,6,30.0,158.14,8.78,3,24.7,0
CUST102616,Male,21,Divorced,2,18,Mobile Phone,UPI,Mobile Phone,4,2,7,1,7.89,3,14.0,169.71,,2,19.3,0
CUST101167,Female,55,Married,3,41,Computer,Debit Card,Laptop & Accessory,4,5,3,0,1.97,2,23.0,223.18,6.1,3,7.1,0
CUST103222,Female,39,Single,2,0,Mobile Phone,UPI,Laptop & Accessory,4,1,7,0,2.94,4,9.0,205.58,5.34,1,17.7,0
CUST103636,Female,24,Married,1,68,Mobile Phone,E-wallet,Laptop & Accessory,3,3,1,0,2.25,3,3.0,243.73,20.61,3,12.2,0
CUST102938,Male,58,Single,3,55,Computer,Credit Card,Fashion,4,5,6,0,3.94,2,0.0,247.25,10.44,0,28.4,0
CUST104491,Female,69,Married,2,57,Mobile Phone,Credit Card,Mobile Phone,4,1,7,1,1.99,1,88.0,133.56,2.46,3,5.4,0
CUST103140,Male,33,Married,2,46,Computer,Credit Card,Fashion,1,4,6,1,3.37,5,49.0,131.92,14.21,2,33.6,0
CUST100143,Female,35,Single,1,68,Computer,UPI,Others,5,3,4,0,3.6,2,48.0,113.14,12.48,0,13.5,0
CUST103577,Male,57,Single,3,29,Mobile Phone,UPI,Mobile Phone,5,5,2,1,3.54,5,34.0,122.89,9.21,4,4.4,0
CUST102782,Female,46,Single,2,5,Computer,Credit Card,Grocery,1,2,4,0,,1,0.0,194.24,4.08,2,33.3,0
CUST100717,Male,36,Married,3,60,Computer,UPI,Fashion,2,5,7,0,9.48,4,83.0,156.89,8.11,1,5.1,0
CUST101819,Female,24,Married,2,49,Computer,Debit Card,Mobile Phone,4,4,6,0,1.39,2,25.0,208.49,26.19,1,14.7,0
CUST102502,Female,27,Single,1,32,Mobile Phone,Debit Card,Grocery,1,2,4,0,1.12,3,74.0,111.44,10.4,4,10.3,1
CUST104360,Male,41,Married,1,39,Mobile Phone,UPI,Grocery,1,2,6,0,9.66,1,28.0,145.2,,1,28.5,0
CUST104171,Female,57,Married,1,61,Mobile Phone,Credit Card,Grocery,2,4,6,0,1.61,1,33.0,205.83,13.3,0,13.8,0
CUST100395,Male,35,Divorced,2,59,Computer,UPI,Laptop & Accessory,4,5,4,0,3.0,2,64.0,249.38,10.09,1,1.0,0
CUST104851,Female,27,Married,2,69,Mobile Phone,Credit Card,Mobile Phone,1,4,3,0,1.78,2,12.0,173.03,14.54,1,8.9,0
CUST104492,Female,25,Single,3,17,Mobile Phone,UPI,Fashion,1,3,7,0,0.81,3,82.0,,11.33,0,18.3,0
CUST101365,Female,27,Single,3,36,Computer,Debit Card,Grocery,1,2,7,0,,4,17.0,70.42,10.34,1,13.6,1
CUST104572,Male,36,Married,1,31,Computer,Credit Card,Laptop & Accessory,5,3,3,1,1.43,2,0.0,215.18,14.38,1,6.8,0
CUST100595,Male,30,Single,2,63,Mobile Phone,Credit Card,Laptop & Accessory,2,2,1,0,6.65,4,5.0,180.05,0.0,0,18.0,0
CUST103952,Female,54,Divorced,3,51,Mobile Phone,Debit Card,Others,4,2,5,1,1.06,3,47.0,,4.53,2,8.7,1
CUST102914,Male,23,Married,1,55,Computer,Debit Card,Grocery,2,4,5,1,0.77,4,45.0,40.33,29.33,3,9.0,1
CUST102326,Male,28,Married,2,24,Computer,Credit Card,Laptop & Accessory,1,4,3,0,0.69,1,77.0,226.19,0.0,2,9.2,0
CUST103766,Male,22,Single,2,33,Mobile Phone,Credit Card,Laptop & Accessory,2,3,5,0,1.03,4,61.0,24.8,10.35,2,23.9,1
CUST103440,Male,61,Divorced,3,9,Mobile Phone,UPI,Fashion,2,2,6,0,2.69,7,27.0,60.76,24.73,1,11.4,0
CUST103851,Male,26,Married,2,56,Mobile Phone,E-wallet,Mobile Phone,3,3,5,1,3.42,2,35.0,226.38,23.3,0,17.3,0
CUST104132,Male,63,Married,3,32,Computer,Debit Card,Mobile Phone,3,5,7,1,4.24,5,68.0,180.19,14.06,2,3.9,0
CUST104605,Male,63,Married,3,49,Mobile Phone,UPI,Laptop & Accessory,5,1,6,1,1.6,2,82.0,144.87,17.09,1,17.1,0
CUST102143,Female,20,Single,1,67,Mobile Phone,Debit Card,Fashion,3,4,3,0,3.66,5,34.0,227.61,20.46,2,28.5,0
CUST101571,Female,56,Married,3,12,Mobile Phone,Credit Card,Laptop & Accessory,5,4,4,1,0.92,9,22.0,126.84,10.57,1,10.4,0
CUST104079,Male,66,Single,2,6,Mobile Phone,Cash on Delivery,Fashion,5,4,5,0,4.52,2,74.0,,6.34,2,1.5,1
CUST101122,Female,31,Single,2,11,Mobile Phone,E-wallet,Laptop & Accessory,5,1,2,0,0.35,5,84.0,177.06,21.23,6,3.9,0
CUST102786,Female,28,Single,2,15,Mobile Phone,Debit Card,Mobile Phone,3,2,7,1,3.63,5,1.0,178.16,15.75,1,11.8,0
CUST102967,Male,56,Married,1,59,Mobile Phone,Credit Card,Fashion,1,5,2,0,3.51,5,0.0,148.77,9.32,0,10.5,0
CUST102504,Male,42,Single,2,57,Mobile Phone,UPI,Fashion,5,4,1,0,1.24,1,29.0,255.34,9.83,1,22.8,0
CUST103465,Female,62,Married,1,42,Computer,Debit Card,Fashion,2,1,4,0,0.42,2,69.0,53.47,20.64,4,5.9,0
CUST100675,Male,52,Single,2,51,Computer,Debit Card,Fashion,1,3,5,0,3.12,7,5.0,75.43,6.59,3,7.2,0
CUST102808,Male,25,Single,3,24,Mobile Phone,UPI,Laptop & Accessory,1,1,5,0,3.23,2,80.0,120.99,7.26,3,22.3,1
CUST103348,Female,51,Single,2,28,Mobile Phone,Debit Card,Mobile Phone,1,2,2,0,1.99,2,59.0,149.11,18.95,1,27.6,1
CUST100728,Male,43,Divorced,3,6,Computer,Cash on Delivery,Mobile Phone,3,2,1,0,1.18,4,45.0,112.14,22.35,2,19.4,0
CUST100412,Male,69,Married,1,14,Mobile Phone,Cash on Delivery,Laptop & Accessory,1,1,1,0,,3,83.0,183.03,10.43,2,15.8,1
CUST103146,Female,31,Married,3,9,Mobile Phone,UPI,Mobile Phone,1,1,5,1,1.28,3,4.0,111.54,16.3,3,16.8,0
CUST101516,Male,40,Married,3,47,Computer,Cash on Delivery,Mobile Phone,3,1,4,0,3.9,1,9.0,,24.44,0,3.7,0
CUST100825,Male,35,Married,2,29,Mobile Phone,Credit Card,Grocery,4,1,6,0,7.88,0,26.0,203.98,26.57,3,30.6,0
CUST103267,Female,48,Single,2,42,Mobile Phone,Credit Card,Mobile Phone,1,4,3,0,0.65,1,7.0,126.94,15.0,1,17.4,0
CUST103974,Male,59,Married,1,5,Computer,Credit Card,Others,4,1,3,0,4.04,8,43.0,127.11,12.43,1,28.0,0
CUST100616,Female,68,Divorced,1,21,Mobile Phone,Debit Card,Others,1,1,1,0,0.92,5,81.0,128.86,18.61,2,17.2,0
CUST100114,Male,54,Single,1,39,Computer,Credit Card,Mobile Phone,5,2,7,0,2.11,2,13.0,186.2,27.77,2,6.9,0
CUST100417,Female,21,Married,1,26,Computer,UPI,Laptop & Accessory,4,5,2,0,2.95,3,23.0,133.72,15.29,3,8.6,0
CUST103069,Male,41,Single,2,33,Mobile Phone,E-wallet,Laptop & Accessory,4,5,6,0,3.54,4,57.0,139.65,11.91,1,23.5,0
CUST101625,Female,53,Married,1,2,Mobile Phone,Credit Card,Fashion,3,4,3,0,6.19,2,30.0,127.53,15.03,0,28.5,0
CUST104965,Male,46,Married,2,70,Computer,UPI,Mobile Phone,3,3,3,1,2.24,5,56.0,183.03,18.98,0,10.7,0
CUST104185,Female,61,Married,1,65,Mobile Phone,Credit Card,Fashion,3,2,3,0,2.42,3,27.0,156.08,11.59,1,11.2,0
CUST102896,Female,18,Divorced,1,27,Mobile Phone,UPI,Mobile Phone,5,1,4,0,4.69,3,51.0,179.38,5.34,2,1.0,1
CUST104686,Male,30,Married,1,71,Computer,Credit Card,Mobile Phone,2,3,6,1,2.65,0,82.0,151.71,16.46,1,14.6,0
CUST102082,Female,59,,1,41,Computer,Debit Card,Laptop & Accessory,3,1,6,1,0.72,2,36.0,137.04,14.58,0,1.0,1
CUST100753,Male,31,Married,1,46,Mobile Phone,Debit Card,Mobile Phone,5,1,6,0,4.34,3,31.0,73.07,22.81,2,29.1,0
CUST102546,Female,60,Single,3,35,Mobile Phone,Debit Card,Laptop & Accessory,1,1,1,1,8.05,1,81.0,115.25,7.86,4,9.3,0
CUST103969,Male,34,Single,3,53,Mobile Phone,Debit Card,Fashion,3,3,3,1,2.4,6,48.0,251.37,17.92,0,38.2,0
CUST103373,Male,66,Single,2,53,Mobile Phone,UPI,Mobile Phone,2,2,3,0,1.1,4,37.0,140.54,18.38,3,29.8,0
CUST104107,Female,40,Married,1,7,Mobile Phone,Debit Card,Laptop & Accessory,5,5,6,0,2.19,3,32.0,203.8,21.43,4,25.4,0
CUST102444,Male,32,Married,2,60,Mobile Phone,Credit Card,Laptop & Accessory,5,4,4,0,0.4,4,63.0,198.7,6.63,2,15.2,0
CUST104380,Female,36,Single,2,4,Mobile Phone,UPI,Laptop & Accessory,2,3,7,0,4.62,5,51.0,46.67,16.56,1,29.3,0
CUST101066,Male,61,Single,3,57,Mobile Phone,Debit Card,Grocery,1,5,7,0,0.35,5,10.0,134.41,22.74,4,19.5,0
CUST103913,Male,32,Married,1,14,Mobile Phone,Credit Card,Grocery,1,3,1,0,1.15,6,58.0,158.11,21.23,0,17.8,0
CUST103498,Male,23,Divorced,1,12,Mobile Phone,Credit Card,Fashion,2,5,2,0,5.15,5,1.0,92.0,11.65,0,28.0,1
CUST102738,Female,24,Married,1,35,Mobile Phone,E-wallet,Others,1,1,7,0,1.38,3,58.0,109.1,10.23,2,14.1,0
CUST104000,Female,38,Single,2,32,Computer,UPI,Fashion,3,3,1,0,6.29,3,17.0,140.1,12.14,2,20.7,0
CUST101568,Male,44,Divorced,2,41,Mobile Phone,Debit Card,Laptop & Accessory,2,4,4,1,1.48,4,59.0,144.41,26.52,3,12.8,0
CUST102427,Female,49,Single,3,51,Computer,Credit Card,Laptop & Accessory,3,5,1,0,1.63,2,53.0,168.49,10.83,0,11.2,0
CUST103746,Male,24,Single,3,10,Mobile Phone,E-wallet,Others,5,1,1,1,0.86,3,7.0,,7.98,5,12.3,0
CUST104654,Male,38,Married,1,30,Computer,E-wallet,Fashion,3,5,3,0,0.91,4,12.0,128.62,12.35,1,21.8,0
CUST101687,Male,47,Single,1,25,Computer,E-wallet,Grocery,2,2,6,1,1.65,0,26.0,278.88,14.38,2,12.6,0
CUST100851,Male,51,Single,2,13,Computer,Debit Card,Mobile Phone,4,2,5,1,1.25,5,68.0,115.34,14.64,1,15.6,0
CUST103546,Male,65,Single,3,7,Mobile Phone,Cash on Delivery,Fashion,4,1,4,0,1.55,5,25.0,149.29,2.68,1,21.2,0
CUST100895,Female,36,Married,3,29,Mobile Phone,E-wallet,Laptop & Accessory,5,2,2,0,11.62,1,66.0,66.4,14.36,1,19.0,1
CUST104592,Female,51,Single,3,57,Mobile Phone,UPI,Fashion,4,3,7,0,4.5,6,82.0,166.28,13.96,2,22.5,0
CUST100335,Female,56,Single,3,26,Mobile Phone,Cash on Delivery,Others,4,3,5,0,,3,8.0,106.38,21.34,1,18.4,0
CUST102839,Male,53,Married,3,53,Mobile Phone,Credit Card,Fashion,5,3,2,0,1.04,2,26.0,195.42,23.3,1,12.4,1
CUST103087,Male,44,Married,1,43,Computer,Debit Card,Others,3,1,7,0,1.08,6,46.0,218.88,16.03,3,14.0,0
CUST104611,Male,41,Married,1,62,Computer,Credit Card,Fashion,1,3,4,0,1.0,3,0.0,83.84,19.46,0,16.2,0
CUST101348,Male,29,Divorced,2,13,Mobile Phone,Credit Card,Others,3,3,7,0,0.94,1,4.0,178.82,13.68,0,14.1,0
CUST101015,Male,38,Single,2,58,Mobile Phone,UPI,Laptop & Accessory,2,5,2,0,5.78,3,69.0,155.57,14.09,1,13.3,0
CUST102816,Male,41,Married,3,62,Mobile Phone,Debit Card,Mobile Phone,1,1,5,1,1.34,1,13.0,168.8,33.7,1,15.5,0
CUST101631,Female,59,Single,2,39,Mobile Phone,Credit Card,Laptop & Accessory,2,3,1,1,3.66,2,78.0,56.31,10.52,1,10.2,0
CUST102489,Female,26,Married,1,40,Computer,E-wallet,Mobile Phone,3,4,1,1,1.98,1,20.0,149.75,29.92,1,24.5,0
CUST103730,Female,33,Married,2,2,Mobile Phone,Credit Card,Laptop & Accessory,5,1,3,0,2.52,4,57.0,264.92,19.95,1,10.8,1
CUST103251,Female,65,Single,1,69,Computer,Cash on Delivery,Mobile Phone,1,4,3,0,0.75,1,87.0,134.2,23.08,0,17.1,0
CUST104649,Male,55,Single,2,27,Computer,Cash on Delivery,Mobile Phone,5,5,3,0,5.8,1,29.0,143.43,16.31,1,40.8,0
CUST102070,Female,37,Divorced,2,45,Mobile Phone,Debit Card,Mobile Phone,3,1,3,0,2.72,2,3.0,133.66,9.97,2,27.1,0
CUST104452,Female,56,Married,1,4,Mobile Phone,UPI,Laptop & Accessory,2,4,2,1,4.05,2,28.0,10.37,21.86,1,25.9,0
CUST104897,Male,42,Married,1,45,Computer,Cash on Delivery,Mobile Phone,5,2,1,0,4.61,5,27.0,147.45,,2,13.4,0
CUST101635,Male,28,Single,2,62,Mobile Phone,Debit Card,Fashion,5,1,5,0,0.73,2,72.0,57.75,11.93,1,5.4,0
CUST102479,Female,47,Married,2,46,Mobile Phone,Debit Card,Mobile Phone,3,5,3,0,1.63,5,60.0,137.73,17.38,3,17.2,0
CUST102265,Male,55,Married,1,0,Computer,Debit Card,Mobile Phone,4,3,7,0,1.61,2,59.0,103.81,25.04,1,14.3,1
CUST102959,Female,36,Married,3,45,Computer,Credit Card,Others,1,4,2,0,4.12,2,84.0,114.95,14.04,0,8.4,0
CUST104746,Male,21,Married,1,18,Mobile Phone,E-wallet,Mobile Phone,3,1,3,1,2.61,1,76.0,74.81,20.23,1,19.4,1
CUST103059,Male,22,Married,2,5,Computer,Credit Card,Others,1,5,3,0,1.86,4,11.0,106.74,11.64,1,22.2,0
CUST102141,Male,65,Single,2,45,Computer,Credit Card,Fashion,2,2,4,0,2.61,2,49.0,157.5,7.55,1,12.6,1
CUST103118,Male,52,Single,2,31,Mobile Phone,Credit Card,Laptop & Accessory,4,5,5,0,0.23,5,72.0,91.06,19.44,4,22.2,0
CUST104740,Male,43,Single,2,58,Mobile Phone,UPI,Others,1,1,3,0,1.69,4,65.0,216.86,25.93,0,17.8,0
CUST104045,Male,35,Married,1,2,Mobile Phone,E-wallet,Laptop & Accessory,1,4,4,1,0.62,2,18.0,173.06,,2,12.6,0
CUST103356,Female,51,Single,1,41,Mobile Phone,Credit Card,Others,1,2,7,0,3.13,3,15.0,118.29,12.96,2,12.7,0
CUST102744,Male,34,Married,3,20,Computer,Cash on Delivery,Fashion,5,3,7,0,2.39,3,83.0,227.0,25.94,4,18.2,1
CUST103506,Male,49,Married,1,64,Computer,Credit Card,Fashion,5,2,2,1,1.27,2,44.0,69.9,14.22,1,25.1,0
CUST101679,Female,28,Single,1,52,Mobile Phone,Cash on Delivery,Mobile Phone,1,2,5,0,0.54,3,89.0,115.6,9.74,1,9.0,0
CUST104249,Female,33,Single,2,56,Mobile Phone,Credit Card,Mobile Phone,4,5,3,0,1.59,4,18.0,136.93,1.15,0,16.7,0
CUST103147,Female,49,Married,1,48,Computer,UPI,Mobile Phone,1,2,6,1,0.83,4,40.0,220.62,26.25,2,33.9,0
CUST102294,Male,56,Single,2,9,Mobile Phone,UPI,Laptop & Accessory,5,4,4,0,2.0,3,13.0,174.62,23.22,0,2.9,0
CUST100580,Male,56,Single,3,26,Mobile Phone,UPI,Fashion,5,1,1,0,1.98,5,88.0,297.43,6.4,1,18.9,0
CUST101470,Female,43,Single,1,0,Mobile Phone,Credit Card,Laptop & Accessory,1,2,5,1,2.11,5,35.0,170.6,18.94,3,19.8,1
CUST104070,Male,44,Married,2,60,Mobile Phone,E-wallet,Fashion,4,3,6,1,3.67,4,54.0,220.96,12.32,1,12.1,1
CUST103343,Male,34,Married,1,48,Computer,UPI,Fashion,4,4,3,0,4.37,4,11.0,194.22,20.18,0,20.1,0
CUST104583,Female,31,Single,2,8,Computer,Cash on Delivery,Grocery,4,5,2,0,0.99,1,,132.92,29.0,2,9.8,0
CUST103672,Male,31,Single,1,30,Computer,Debit Card,Laptop & Accessory,3,1,5,0,3.77,3,19.0,301.93,0.39,4,9.1,0
CUST100559,Male,56,Divorced,3,50,Mobile Phone,Credit Card,Laptop & Accessory,3,3,5,0,1.55,6,29.0,222.04,10.97,0,18.2,0
CUST102849,Male,22,Married,2,31,Mobile Phone,Cash on Delivery,Mobile Phone,2,5,4,0,1.96,3,67.0,266.33,15.06,1,1.0,1
CUST100512,Male,69,Divorced,1,42,Mobile Phone,UPI,Grocery,5,1,2,1,3.34,3,72.0,182.93,23.11,3,18.6,0
CUST101081,Female,68,Married,2,12,Computer,UPI,Fashion,4,5,4,0,0.15,5,48.0,165.72,,0,32.9,0
CUST101664,Female,60,Married,2,69,Mobile Phone,Debit Card,Laptop & Accessory,1,1,7,0,2.89,4,71.0,157.69,7.18,0,1.0,0
CUST101012,Male,19,Married,2,29,Computer,Cash on Delivery,Laptop & Accessory,2,3,5,0,1.57,0,39.0,95.38,25.48,1,18.8,0
CUST101931,Female,30,Single,2,36,Mobile Phone,UPI,Mobile Phone,3,1,3,1,1.54,0,23.0,173.88,23.4,3,16.7,0
CUST101150,Male,18,Single,1,6,Mobile Phone,Credit Card,Mobile Phone,5,1,6,1,1.2,4,44.0,128.73,26.06,2,17.5,0
CUST102838,Male,49,Married,2,64,Mobile Phone,Debit Card,Mobile Phone,3,5,7,0,1.38,7,78.0,162.04,1.61,0,6.4,0
CUST100116,Female,68,Single,3,44,Mobile Phone,Debit Card,Laptop & Accessory,3,2,4,0,2.64,4,2.0,96.39,19.02,3,5.0,0
CUST100740,Male,48,Married,3,61,Mobile Phone,Credit Card,Laptop & Accessory,5,5,6,1,2.5,4,21.0,70.66,7.97,4,1.0,0
CUST104821,Male,57,Single,2,7,Mobile Phone,Debit Card,Grocery,4,1,7,0,3.03,2,34.0,283.29,14.58,0,6.4,1
CUST103675,Female,51,Single,3,39,Computer,E-wallet,Mobile Phone,1,4,6,0,0.9,4,0.0,176.11,18.37,3,13.5,0
CUST100830,Female,33,Married,3,56,Mobile Phone,E-wallet,Mobile Phone,2,3,6,1,1.96,1,,35.28,19.06,0,3.1,0
CUST100119,Female,20,Single,1,64,Mobile Phone,Credit Card,Others,1,1,1,0,4.71,3,,81.01,18.26,2,14.2,0
CUST104794,Male,51,Married,2,69,Computer,Debit Card,Mobile Phone,3,4,2,0,2.82,2,31.0,140.43,0.0,0,11.2,0
CUST104753,Male,22,Divorced,3,59,Computer,Cash on Delivery,Mobile Phone,2,3,5,1,0.54,3,40.0,124.17,8.99,1,24.8,0
CUST100635,Male,65,Divorced,1,47,Computer,Cash on Delivery,Mobile Phone,3,1,5,1,2.6,1,68.0,,0.0,2,7.9,0
CUST104465,Male,28,Divorced,2,71,Mobile Phone,Debit Card,Mobile Phone,2,5,4,1,3.7,3,8.0,142.38,11.48,4,30.2,0
CUST104364,Female,38,Single,1,67,Mobile Phone,UPI,Mobile Phone,1,2,3,1,,4,34.0,259.04,11.36,0,17.9,0
CUST104142,Male,58,Single,2,1,Computer,UPI,Fashion,2,3,5,0,1.76,1,63.0,146.54,16.27,3,19.8,1
CUST100991,Female,31,Divorced,2,24,Computer,UPI,Laptop & Accessory,1,3,1,0,2.88,7,29.0,0.0,22.71,3,29.3,0
CUST100876,Male,20,Married,1,3,Computer,E-wallet,Grocery,2,4,5,0,0.55,4,33.0,243.85,18.78,2,19.6,0
CUST100004,Male,31,Married,1,41,Mobile Phone,UPI,Laptop & Accessory,3,4,2,0,2.84,2,3.0,119.76,5.63,3,23.4,0
CUST103051,Male,69,Single,3,37,Computer,Credit Card,Fashion,2,4,1,1,2.16,3,10.0,114.03,7.97,0,9.3,0
CUST103124,Male,23,Married,3,35,Computer,Credit Card,Mobile Phone,1,3,6,0,1.22,2,9.0,161.88,1.35,1,14.8,0
CUST102660,Female,41,Single,3,1,Computer,Cash on Delivery,Fashion,2,4,1,0,3.64,2,57.0,49.53,0.0,2,21.4,1
CUST102491,Male,22,Married,1,28,Mobile Phone,Credit Card,Laptop & Accessory,3,4,6,0,0.89,7,64.0,198.15,17.23,1,9.4,0
CUST103854,Female,44,Married,1,17,Mobile Phone,Debit Card,Fashion,2,1,1,0,1.0,1,16.0,227.62,13.31,1,4.3,1
CUST101715,Female,44,Single,3,8,Mobile Phone,Credit Card,Laptop & Accessory,4,5,2,1,1.74,3,82.0,206.27,6.32,1,1.0,1
CUST101148,Male,62,Single,1,57,Mobile Phone,UPI,Mobile Phone,4,5,1,0,3.6,5,74.0,89.76,11.56,0,13.4,0
CUST103261,Female,53,Married,1,6,Computer,E-wallet,Grocery,5,5,4,0,1.16,3,28.0,123.66,18.47,1,5.6,0
CUST100574,Female,49,Married,3,66,Mobile Phone,Debit Card,Mobile Phone,5,2,1,0,1.88,2,79.0,129.14,22.5,1,11.0,0
CUST103769,Female,66,Married,1,34,Computer,Debit Card,Laptop & Accessory,5,2,2,0,1.8,2,59.0,174.21,4.8,0,6.7,0
CUST103736,Male,42,Single,2,67,Computer,Debit Card,Mobile Phone,1,1,6,0,2.25,5,15.0,89.84,15.04,0,5.0,0
CUST104146,Male,38,Married,1,18,Mobile Phone,Debit Card,Fashion,5,5,3,0,0.74,4,84.0,177.14,26.17,0,21.9,1
CUST100853,Female,67,Single,2,13,Mobile Phone,Cash on Delivery,Mobile Phone,3,2,7,0,3.22,1,62.0,235.32,12.53,1,12.5,0
CUST101982,Female,43,Single,2,38,Computer,Credit Card,Fashion,5,1,1,0,3.79,2,80.0,224.79,24.82,1,11.3,0
CUST102774,Female,25,Married,2,19,Mobile Phone,Debit Card,Fashion,1,2,5,0,3.42,3,46.0,145.16,26.33,0,5.9,0
CUST101166,Female,67,Married,1,46,Mobile Phone,E-wallet,Mobile Phone,1,3,2,0,0.71,7,62.0,117.74,20.31,1,19.5,0
CUST100971,Male,65,Married,3,14,Mobile Phone,Credit Card,Fashion,1,3,3,0,1.4,1,13.0,150.73,14.27,2,22.2,0
CUST102701,Female,58,Divorced,2,28,Mobile Phone,Debit Card,Fashion,4,4,3,0,4.44,3,37.0,188.31,18.72,1,15.0,0
CUST104495,Male,28,Married,2,64,Computer,Credit Card,Fashion,1,5,2,0,2.26,2,8.0,19.19,13.06,2,13.9,0
CUST103847,Female,44,Married,1,14,Mobile Phone,E-wallet,Fashion,5,5,1,0,2.14,4,9.0,153.52,29.99,3,28.2,0
CUST102368,Male,53,Married,2,32,Mobile Phone,UPI,Grocery,2,5,5,0,4.03,1,16.0,201.9,2.19,1,19.1,0
CUST104115,Male,25,Single,1,46,Computer,Cash on Delivery,Mobile Phone,5,3,4,0,2.06,2,6.0,48.09,17.38,2,13.8,0
CUST104131,Female,60,Married,3,40,Mobile Phone,UPI,Fashion,5,1,6,0,2.48,5,84.0,195.65,10.37,1,17.4,0
CUST102950,Male,18,Divorced,1,54,Computer,Debit Card,Laptop & Accessory,3,1,3,0,2.01,5,48.0,168.22,12.43,0,2.6,0
CUST100524,Male,38,Married,3,53,Mobile Phone,Credit Card,Laptop & Accessory,4,4,1,0,1.69,3,29.0,184.76,4.41,0,5.5,0
CUST102455,Female,34,Divorced,3,25,Computer,Cash on Delivery,Fashion,4,1,7,0,4.25,0,67.0,108.17,24.0,3,29.0,0
CUST101841,Female,42,Single,3,20,Computer,Debit Card,Laptop & Accessory,5,3,2,0,1.38,2,58.0,125.47,8.98,0,18.2,1
CUST100537,Male,65,Single,3,70,Mobile Phone,Debit Card,Laptop & Accessory,4,1,6,0,6.5,4,71.0,4.48,4.82,2,6.8,0
CUST102806,Male,22,Single,3,50,Computer,UPI,Others,3,3,3,1,4.58,2,85.0,99.12,27.06,1,13.8,0
CUST104341,Male,44,Married,1,20,Mobile Phone,E-wallet,Mobile Phone,4,3,6,0,1.94,1,44.0,120.27,22.57,0,10.0,0
CUST103175,Male,68,Single,1,59,Computer,Credit Card,Mobile Phone,2,4,3,0,2.94,6,84.0,89.23,17.65,3,22.2,0
CUST100784,Female,60,Married,3,30,Mobile Phone,UPI,Mobile Phone,3,3,1,1,1.6,5,28.0,32.47,25.31,1,10.4,0
CUST104057,Female,49,Single,1,58,Mobile Phone,Credit Card,Fashion,4,2,3,0,1.49,2,22.0,148.74,31.3,2,16.4,0
CUST101409,Female,45,Married,1,21,Mobile Phone,UPI,Mobile Phone,5,4,5,0,4.26,5,75.0,156.0,3.6,2,15.5,0
CUST102537,Male,19,Single,2,40,Mobile Phone,UPI,Fashion,2,5,2,1,1.57,4,36.0,172.52,20.4,2,18.7,0
CUST100154,Male,42,Married,1,47,Computer,UPI,Laptop & Accessory,5,4,3,0,1.06,4,42.0,95.58,13.65,2,20.6,0
CUST103009,Female,58,Single,1,0,Computer,Debit Card,Fashion,3,4,4,0,,4,2.0,309.57,13.46,3,22.7,0
CUST101686,Male,51,Divorced,1,66,Computer,UPI,Others,5,4,5,0,1.16,5,76.0,181.24,24.0,1,13.3,0
CUST102901,Female,33,Married,2,21,Mobile Phone,Debit Card,Fashion,3,3,2,0,3.23,4,,112.88,4.75,2,20.3,0
CUST104964,Male,19,Single,2,25,Computer,Debit Card,Grocery,2,3,3,0,,4,19.0,200.99,26.59,2,12.7,0
CUST103863,Male,55,Married,2,14,Mobile Phone,E-wallet,Others,3,2,3,0,5.57,6,82.0,111.84,18.11,0,15.0,0
CUST102733,Male,40,Single,3,6,Mobile Phone,Debit Card,Laptop & Accessory,4,3,6,0,2.79,5,87.0,93.39,15.25,1,8.6,0
CUST101895,Male,52,Married,1,48,Computer,UPI,Laptop & Accessory,2,5,7,0,0.78,1,68.0,202.25,9.39,0,23.9,0
CUST100569,Female,28,Single,3,27,Computer,Credit Card,Mobile Phone,3,4,1,0,0.19,5,49.0,184.61,14.05,1,5.0,0
CUST101816,Female,48,Married,2,62,Mobile Phone,Debit Card,Laptop & Accessory,2,1,3,1,2.06,7,88.0,151.36,7.41,1,8.9,0
CUST102065,Female,24,Single,2,14,Mobile Phone,Debit Card,Laptop & Accessory,1,4,7,1,4.75,4,65.0,149.56,0.0,1,11.1,0
CUST100127,Male,25,Single,3,31,Mobile Phone,Debit Card,Grocery,5,5,4,0,4.69,2,27.0,104.98,10.16,1,14.4,0
CUST103394,Female,42,Single,1,20,Mobile Phone,UPI,Laptop & Accessory,1,3,1,0,1.77,4,46.0,57.56,10.94,0,9.9,0
CUST103327,Female,62,Married,1,41,Mobile Phone,Cash on Delivery,Others,5,5,4,0,1.06,5,30.0,191.46,27.03,2,17.5,0
CUST104410,Male,69,Married,1,23,Mobile Phone,Credit Card,Mobile Phone,2,5,3,0,1.48,5,7.0,190.39,15.09,2,31.5,0
CUST102975,Female,52,Married,1,70,Mobile Phone,UPI,Mobile Phone,4,5,2,0,2.17,5,38.0,128.99,13.1,2,12.5,0
CUST100980,Female,44,Single,1,13,Computer,Cash on Delivery,Laptop & Accessory,2,4,4,1,2.55,5,71.0,152.44,26.7,0,10.3,0
CUST102300,Female,57,Single,1,21,Computer,Debit Card,Laptop & Accessory,2,1,2,0,1.99,2,84.0,142.06,16.59,0,28.6,0
CUST100190,Female,19,Single,3,68,Mobile Phone,Credit Card,Fashion,3,5,3,0,3.58,2,20.0,205.27,18.27,2,2.8,0
CUST101139,Female,63,Divorced,1,70,Computer,Cash on Delivery,Fashion,5,5,2,0,,6,3.0,95.61,1.63,0,23.1,0
CUST100699,Male,28,Single,3,50,Computer,UPI,Fashion,2,3,7,1,1.66,2,66.0,242.2,23.34,1,15.5,1
CUST104795,Male,34,Single,2,57,Mobile Phone,E-wallet,Mobile Phone,4,5,5,1,2.13,7,72.0,212.15,14.39,0,26.7,0
CUST100606,Female,45,Single,1,50,Mobile Phone,UPI,Fashion,4,2,5,0,3.71,4,56.0,247.51,17.18,1,8.4,0
CUST104276,Male,32,Single,2,45,Computer,Debit Card,Fashion,5,2,5,1,7.84,2,13.0,187.77,21.68,2,4.7,0
CUST100301,Male,52,Single,2,59,Computer,UPI,Fashion,3,3,1,0,1.5,5,4.0,89.1,7.33,1,1.0,0
CUST103420,Female,25,Divorced,1,0,Mobile Phone,Cash on Delivery,Grocery,4,4,5,0,6.49,2,46.0,241.2,16.69,0,18.6,0
CUST104835,Female,63,Married,1,29,Computer,Debit Card,Fashion,4,5,6,1,0.65,2,74.0,126.6,19.58,1,4.7,0
CUST101060,Female,55,Married,2,1,Computer,Debit Card,Fashion,3,2,1,1,3.77,1,83.0,102.76,12.89,0,6.3,1
CUST102565,Male,38,Single,1,68,Mobile Phone,UPI,Laptop & Accessory,1,5,2,1,1.47,3,55.0,136.99,13.05,0,11.6,0
CUST101316,Female,26,Married,1,54,Mobile Phone,Cash on Delivery,Grocery,4,3,4,0,0.89,4,50.0,126.44,22.65,1,17.0,0
CUST101069,Male,61,Single,1,0,Mobile Phone,Cash on Delivery,Mobile Phone,3,5,5,0,0.92,5,71.0,76.96,17.81,4,6.8,0
CUST102524,Female,52,Married,2,58,Computer,E-wallet,Laptop & Accessory,1,2,1,1,3.91,5,19.0,165.12,5.4,1,24.2,0
CUST102205,Female,61,Married,2,21,Computer,Credit Card,Mobile Phone,2,2,5,1,3.26,4,60.0,146.71,25.03,0,7.1,1
CUST101243,Male,34,Single,2,41,Mobile Phone,UPI,Mobile Phone,5,2,5,0,2.7,2,20.0,120.75,27.54,2,18.4,0
CUST100016,Female,61,Single,2,53,Mobile Phone,UPI,Mobile Phone,2,2,6,0,0.8,1,19.0,62.03,17.82,2,18.8,0
CUST103120,Male,24,Married,1,66,Computer,Cash on Delivery,Mobile Phone,3,4,2,0,0.14,3,41.0,202.98,18.15,0,2.8,0
CUST104642,Male,55,Single,2,67,Mobile Phone,Debit Card,Laptop & Accessory,1,1,3,0,0.49,2,75.0,201.78,12.99,1,17.5,0
CUST100815,Female,26,Married,1,59,Computer,Credit Card,Grocery,5,3,6,0,6.24,7,68.0,176.04,13.21,0,8.4,0
CUST103067,Male,20,Married,3,63,Mobile Phone,Cash on Delivery,Laptop & Accessory,1,3,5,1,2.95,2,13.0,153.58,18.6,0,13.4,0
CUST104799,Female,58,Single,2,66,Mobile Phone,UPI,Fashion,1,4,5,0,0.9,2,59.0,128.35,29.58,2,26.6,1
CUST100959,Female,69,Single,3,31,Computer,Credit Card,Fashion,1,1,4,0,1.39,2,27.0,203.72,21.52,1,20.9,0
CUST100225,Female,57,Single,2,48,Computer,E-wallet,Fashion,1,2,4,0,0.96,4,27.0,137.04,24.3,1,24.9,0
CUST103354,Male,69,Single,3,3,Computer,Credit Card,Fashion,5,5,6,0,1.03,1,22.0,209.9,13.13,1,31.4,0
CUST102485,Male,19,Single,2,12,Mobile Phone,Cash on Delivery,Fashion,1,5,4,0,1.5,2,22.0,254.15,11.98,2,17.6,0
CUST100562,Female,35,Married,3,14,Mobile Phone,Debit Card,Fashion,4,3,5,0,0.81,5,81.0,215.77,17.98,0,1.0,1
CUST103436,Male,45,Single,1,1,Mobile Phone,E-wallet,Others,5,3,3,0,4.56,1,17.0,193.91,19.83,1,6.1,1
CUST101693,Female,66,Single,1,45,Computer,Cash on Delivery,Laptop & Accessory,2,2,3,0,1.15,6,27.0,157.95,21.32,2,25.3,0
CUST101045,Male,40,Married,3,68,Computer,UPI,Laptop & Accessory,5,3,5,0,2.52,2,36.0,139.95,23.79,2,15.0,0
CUST103446,Female,21,Married,3,0,Mobile Phone,Credit Card,Fashion,4,2,1,0,1.03,3,61.0,170.99,15.41,1,11.5,0
CUST104565,Female,26,Married,2,47,Mobile Phone,E-wallet,Grocery,3,5,3,0,1.17,2,43.0,195.45,5.5,3,1.6,0
CUST100954,Female,23,Single,3,36,Mobile Phone,Debit Card,Mobile Phone,1,1,2,0,1.85,2,66.0,33.6,4.1,2,17.2,0
CUST103708,Male,35,Married,3,17,Computer,Credit Card,Laptop & Accessory,4,5,4,0,1.17,2,89.0,193.18,22.07,3,30.2,0
CUST102735,Male,28,Divorced,3,29,Mobile Phone,Cash on Delivery,Fashion,4,1,2,1,6.65,5,35.0,129.21,2.75,0,10.6,0
CUST104918,Female,36,Single,3,8,Mobile Phone,UPI,Fashion,3,4,7,0,5.72,5,49.0,207.21,16.86,1,5.4,1
CUST104735,Female,58,Married,1,56,Mobile Phone,Credit Card,Mobile Phone,2,3,2,0,2.02,4,6.0,169.34,19.89,2,21.4,0
CUST104838,Male,28,Married,2,56,Mobile Phone,Cash on Delivery,Laptop & Accessory,2,2,7,0,1.32,6,64.0,52.66,5.97,0,23.6,0
CUST101218,Female,33,Married,2,26,Computer,E-wallet,Grocery,5,5,3,0,2.25,6,69.0,233.75,7.51,5,15.7,0
CUST101527,Male,66,Single,2,67,Computer,UPI,Fashion,1,1,4,1,2.75,3,38.0,168.36,19.26,1,19.7,0
CUST103987,Male,44,Single,3,42,Mobile Phone,Credit Card,Mobile Phone,4,4,2,0,2.24,4,38.0,256.4,11.41,0,14.5,0
CUST101300,Male,69,Single,2,43,Mobile Phone,Debit Card,Laptop & Accessory,1,3,3,0,3.86,5,14.0,162.67,18.44,1,12.7,0
CUST104906,Female,23,Married,2,59,Mobile Phone,E-wallet,Fashion,2,4,1,0,0.49,4,65.0,124.3,23.7,1,29.7,0
CUST100160,Male,61,Single,1,10,Mobile Phone,E-wallet,Mobile Phone,5,1,3,0,0.7,1,12.0,25.51,1.44,2,20.5,0
CUST104067,Female,24,Married,3,35,Mobile Phone,Cash on Delivery,Fashion,3,5,3,1,7.02,3,30.0,182.72,0.07,4,16.1,0
CUST100956,Female,45,Married,3,29,Mobile Phone,UPI,Fashion,2,2,6,0,2.03,7,1.0,126.95,22.42,2,19.4,0
CUST103791,Male,24,Divorced,3,48,Mobile Phone,Cash on Delivery,Fashion,2,5,7,0,,1,46.0,151.05,11.7,3,21.0,0
CUST103234,Male,27,Married,2,10,Computer,Cash on Delivery,Mobile Phone,2,4,4,1,1.48,3,15.0,98.43,10.2,1,17.4,0
CUST102869,Male,49,Married,1,58,Computer,Debit Card,Fashion,5,1,7,0,2.36,3,62.0,129.7,10.89,0,12.3,0
CUST103777,Male,49,Single,3,17,Mobile Phone,Debit Card,Fashion,4,2,1,0,1.17,3,82.0,154.41,15.82,5,8.0,0
CUST104433,Male,53,Single,3,19,Mobile Phone,Debit Card,Grocery,5,2,2,1,1.95,0,61.0,148.88,18.2,1,6.6,1
CUST102961,Female,57,Divorced,2,38,Mobile Phone,E-wallet,Laptop & Accessory,5,3,2,1,2.91,3,6.0,170.64,14.03,2,22.8,0
CUST102200,Male,45,Married,3,62,Computer,UPI,Fashion,2,1,1,0,3.28,1,38.0,193.43,8.73,2,9.0,0
CUST100098,Male,51,Married,1,48,Mobile Phone,Debit Card,Laptop & Accessory,2,1,1,1,1.46,7,49.0,153.69,11.27,0,14.2,0
CUST102557,Male,56,Married,1,62,Computer,Debit Card,Laptop & Accessory,5,5,3,0,,3,57.0,105.04,8.01,2,19.3,0
CUST103183,Male,54,Married,1,38,Computer,E-wallet,Fashion,2,4,3,0,1.0,2,89.0,165.51,0.58,0,1.8,0
CUST100253,Male,40,Single,1,68,Mobile Phone,Debit Card,Fashion,3,3,5,1,1.01,7,79.0,164.29,8.94,2,17.0,0
CUST103923,Female,27,Single,3,1,Mobile Phone,Credit Card,Fashion,3,1,4,0,2.15,1,10.0,98.99,4.88,3,22.3,0
CUST104199,Male,18,Single,2,38,Mobile Phone,Cash on Delivery,Laptop & Accessory,3,3,1,0,3.01,7,19.0,126.59,30.69,1,14.5,0
CUST101445,Female,21,Married,1,23,Computer,Credit Card,Mobile Phone,2,3,4,0,2.28,2,6.0,148.0,24.07,2,20.0,0
CUST101648,Female,41,Married,1,35,Mobile Phone,UPI,Fashion,5,5,7,0,1.3,6,63.0,88.49,1.02,2,1.4,0
CUST104682,Female,43,Married,3,58,Mobile Phone,Debit Card,Laptop & Accessory,1,4,2,0,5.27,6,11.0,152.4,19.0,0,13.1,0
CUST104723,Female,58,Single,2,36,Mobile Phone,Debit Card,Mobile Phone,5,1,4,0,1.43,6,33.0,132.54,21.46,0,6.6,0
CUST103991,Male,61,Married,1,11,Computer,Debit Card,Mobile Phone,2,1,7,1,6.29,1,51.0,151.72,18.57,0,18.5,0
CUST101696,Male,54,Single,2,13,Mobile Phone,Credit Card,Laptop & Accessory,4,1,4,0,0.98,5,86.0,153.94,26.72,1,20.0,0
CUST103191,Male,36,Single,3,43,Mobile Phone,UPI,Laptop & Accessory,4,2,3,0,5.84,4,46.0,204.72,29.17,2,14.7,0
CUST104499,Female,49,Married,3,9,Mobile Phone,UPI,Laptop & Accessory,2,5,4,1,3.11,3,51.0,85.59,,1,21.9,0
CUST101154,Female,49,Married,1,58,Mobile Phone,Debit Card,Mobile Phone,4,4,5,1,0.84,2,65.0,200.16,14.19,0,21.1,0
CUST102255,Female,18,Married,3,65,Computer,UPI,Mobile Phone,4,5,6,1,3.79,3,79.0,179.08,12.93,0,20.5,0
CUST101682,Female,66,Single,3,15,Mobile Phone,Cash on Delivery,Laptop & Accessory,3,3,5,0,0.91,3,83.0,26.74,31.6,2,26.2,0
CUST103170,Female,56,Married,3,0,Mobile Phone,Debit Card,Grocery,4,3,2,1,,3,16.0,185.22,11.98,1,13.5,1
CUST102056,Female,47,Married,1,68,Computer,Credit Card,Mobile Phone,4,4,2,0,0.02,3,81.0,116.22,14.0,0,13.5,0
CUST104090,Male,69,Married,2,2,Mobile Phone,E-wallet,Fashion,5,4,1,0,1.0,2,21.0,98.48,14.24,2,30.7,0
CUST103108,Male,59,Married,3,19,Mobile Phone,UPI,Fashion,2,3,7,0,5.7,4,23.0,104.45,23.19,2,12.4,1
CUST104548,Female,61,Married,1,32,Computer,Credit Card,Grocery,4,3,5,0,0.82,6,62.0,225.04,11.79,2,15.4,0
CUST103723,Male,65,Married,2,32,Mobile Phone,E-wallet,Laptop & Accessory,3,1,2,0,1.7,2,62.0,221.69,9.74,1,18.1,1
CUST102049,Male,61,Single,2,9,Computer,Debit Card,Mobile Phone,2,5,5,1,5.05,1,10.0,153.06,13.8,0,23.0,1
CUST103643,Male,66,Single,1,20,Mobile Phone,E-wallet,Laptop & Accessory,3,3,3,0,3.81,3,68.0,80.75,21.73,0,22.5,0
CUST104942,Female,69,Single,2,48,Mobile Phone,E-wallet,Fashion,2,4,3,0,3.44,5,74.0,162.5,23.08,2,17.7,0
CUST100623,Male,31,Married,2,42,Computer,Credit Card,Mobile Phone,3,3,1,0,1.6,4,0.0,232.61,33.14,2,9.0,0
CUST100262,Male,66,Married,1,41,Mobile Phone,UPI,Others,5,2,1,0,7.86,1,39.0,190.8,0.0,5,18.3,0
CUST103369,Male,29,Single,2,54,Mobile Phone,Credit Card,Laptop & Accessory,5,2,5,0,4.01,3,39.0,96.44,22.75,0,8.3,0
CUST104061,Female,18,Married,1,38,Computer,Credit Card,Laptop & Accessory,1,4,1,0,0.82,4,45.0,105.59,17.44,1,17.6,0
CUST101802,Male,46,Single,2,44,Computer,Credit Card,Grocery,3,2,5,1,2.04,7,20.0,158.15,29.84,0,30.4,0
CUST104736,Female,40,Married,2,23,Computer,E-wallet,Fashion,2,1,4,0,0.45,0,53.0,155.16,,3,15.9,0
CUST100920,Male,51,Single,2,50,Mobile Phone,UPI,Mobile Phone,3,1,2,0,2.38,2,21.0,166.84,17.49,1,14.5,0
CUST102385,Female,28,Single,1,0,Mobile Phone,Credit Card,Mobile Phone,2,2,3,1,4.42,2,76.0,216.56,20.03,2,29.0,1
CUST101959,Female,52,Single,1,58,Computer,Cash on Delivery,Fashion,4,5,7,0,0.48,5,60.0,127.32,16.38,3,19.1,0
CUST102976,Female,41,Married,2,5,Mobile Phone,UPI,Grocery,2,2,5,1,2.83,2,80.0,,13.58,0,20.4,1
CUST100488,Female,69,Single,3,15,Mobile Phone,Debit Card,Mobile Phone,1,1,1,0,0.63,3,2.0,190.33,25.87,0,15.7,0
CUST101843,Female,18,Married,2,60,Computer,Cash on Delivery,Fashion,1,1,4,0,6.43,6,2.0,178.48,13.87,2,11.1,0
CUST101734,Female,42,Single,3,22,Computer,UPI,Laptop & Accessory,1,4,4,1,2.91,4,31.0,165.29,21.17,0,10.7,1
CUST102911,Male,56,Married,1,26,Mobile Phone,UPI,Fashion,4,3,4,0,5.09,2,,103.86,8.42,1,4.9,0
CUST103219,Male,18,Single,2,27,Mobile Phone,UPI,Grocery,5,4,6,0,0.61,3,37.0,188.9,6.27,1,7.2,1
CUST100146,Male,66,Divorced,1,15,Mobile Phone,Credit Card,Grocery,2,4,6,1,1.19,5,63.0,128.57,15.28,1,10.9,0
CUST101986,Male,42,Single,1,0,Mobile Phone,Credit Card,Laptop & Accessory,2,4,4,0,3.59,2,51.0,183.72,20.94,2,25.2,0
CUST101369,Male,39,Single,3,28,Computer,Credit Card,Laptop & Accessory,4,2,5,1,1.49,3,67.0,265.45,14.46,2,3.0,0
CUST102811,Female,55,Married,2,17,Computer,Credit Card,Mobile Phone,1,2,1,1,4.18,2,45.0,106.97,18.48,5,1.0,1
CUST100659,Male,35,Married,2,13,Computer,Cash on Delivery,Laptop & Accessory,3,1,3,0,0.45,3,41.0,102.81,16.47,2,10.0,0
CUST101794,Female,25,Married,2,51,Mobile Phone,Credit Card,Fashion,1,3,6,0,2.26,1,17.0,294.64,25.96,1,18.8,0
CUST102511,Male,65,Single,1,17,Computer,UPI,Others,1,1,7,1,2.37,1,21.0,114.63,14.96,2,2.0,0
CUST103397,Male,55,Married,1,21,Mobile Phone,E-wallet,Grocery,5,5,6,0,2.83,3,21.0,186.85,5.62,3,12.2,1
CUST104282,Female,35,Married,2,13,Computer,Debit Card,Laptop & Accessory,4,3,6,0,1.66,2,30.0,189.68,9.04,0,5.7,1
CUST101147,Female,62,Single,1,32,Mobile Phone,Credit Card,Laptop & Accessory,2,5,7,1,1.98,3,65.0,131.77,0.0,1,22.6,1
CUST103272,Female,43,Single,3,7,Computer,Debit Card,Mobile Phone,4,3,2,0,1.1,1,85.0,115.89,2.95,1,7.4,0
CUST100608,Female,26,Single,3,7,Mobile Phone,E-wallet,Mobile Phone,4,4,2,0,5.83,3,87.0,83.45,17.73,1,9.0,0
CUST103582,Male,58,Single,2,7,Mobile Phone,Credit Card,Mobile Phone,4,5,4,0,1.63,2,51.0,82.96,29.8,3,24.3,0
CUST101930,Female,29,Married,3,41,Mobile Phone,Debit Card,Laptop & Accessory,2,1,3,0,0.56,1,28.0,95.06,12.18,0,1.0,0
CUST100197,Female,61,Single,2,29,Mobile Phone,Cash on Delivery,Grocery,2,2,2,1,0.8,5,44.0,179.15,22.21,2,9.9,0
CUST102931,Male,62,Single,2,12,Computer,Credit Card,Grocery,2,4,2,1,2.17,6,11.0,162.71,27.27,4,37.9,0
CUST102327,Male,47,Married,1,66,Computer,UPI,Laptop & Accessory,4,3,7,0,1.74,1,40.0,162.24,20.66,2,19.3,0
CUST104389,Female,59,Single,1,39,Mobile Phone,Credit Card,Fashion,4,4,6,0,0.72,4,11.0,202.04,12.84,1,6.5,0
CUST100766,Male,67,Single,1,53,Computer,Cash on Delivery,Others,3,2,2,1,1.93,6,81.0,283.4,19.81,2,18.1,0
CUST104496,Male,62,Single,3,29,Mobile Phone,Credit Card,Laptop & Accessory,3,4,6,1,4.0,2,73.0,104.31,18.5,2,18.6,0
CUST104218,Female,40,Divorced,2,14,Mobile Phone,Cash on Delivery,Others,5,4,7,1,1.1,3,68.0,110.55,26.6,4,14.6,1
CUST103255,Female,48,Single,1,43,Computer,E-wallet,Others,3,2,6,0,2.81,3,48.0,165.96,16.93,0,1.0,0
CUST100202,Male,60,Married,2,7,Computer,UPI,Others,1,2,1,0,0.53,3,37.0,241.66,9.85,0,9.5,1
CUST103510,Female,61,Married,1,14,Computer,UPI,Grocery,4,1,4,0,1.09,0,87.0,211.46,0.0,2,15.9,1
CUST101733,Male,60,Married,1,8,Mobile Phone,UPI,Fashion,3,5,4,1,5.06,5,51.0,93.17,25.82,0,17.1,0
CUST102777,Male,68,Single,1,55,Mobile Phone,Credit Card,Fashion,5,3,4,0,1.12,3,71.0,256.67,15.86,1,7.7,0
CUST101707,Male,31,Married,1,14,Computer,UPI,Mobile Phone,5,5,6,0,1.87,8,63.0,77.32,27.85,1,3.0,0
CUST103474,Female,65,Married,2,15,Mobile Phone,Debit Card,Laptop & Accessory,3,3,4,1,4.84,6,8.0,154.91,5.34,1,25.7,1
CUST100854,Male,33,Divorced,3,52,Computer,Debit Card,Laptop & Accessory,5,1,6,0,4.06,3,32.0,169.86,24.19,2,20.1,0
CUST104737,Male,65,Divorced,2,11,Mobile Phone,Credit Card,Fashion,3,3,6,0,2.28,2,72.0,139.38,17.51,3,6.4,0
CUST104097,Female,44,Married,1,37,Mobile Phone,Debit Card,Others,1,2,4,0,4.49,8,74.0,157.01,19.18,0,29.6,0
CUST102160,Male,21,Married,1,32,Mobile Phone,Credit Card,Grocery,3,4,3,0,4.51,1,8.0,162.33,24.05,1,4.6,0
CUST100698,Female,57,Married,3,3,Computer,Cash on Delivery,Mobile Phone,3,3,1,0,7.83,2,16.0,166.73,16.17,1,35.3,0
CUST104962,Male,31,Divorced,1,49,Computer,Debit Card,Grocery,4,3,6,0,3.47,2,87.0,119.95,6.67,0,13.4,0
CUST102999,Male,48,Single,2,46,Computer,Credit Card,Others,3,1,6,0,2.76,7,78.0,96.21,17.51,2,4.8,0
CUST103696,Male,48,Single,1,70,Mobile Phone,Debit Card,Laptop & Accessory,5,5,5,0,0.42,3,,27.08,14.32,3,1.0,0
CUST101636,Male,35,Divorced,3,53,Mobile Phone,Cash on Delivery,Laptop & Accessory,5,2,2,0,1.94,4,78.0,228.01,16.75,1,10.2,1
CUST103457,Female,57,Single,3,56,Computer,Debit Card,Mobile Phone,1,3,7,0,0.25,2,21.0,153.67,27.22,1,13.9,0
CUST103581,Female,37,Married,1,29,Mobile Phone,Debit Card,Mobile Phone,2,5,6,0,0.59,3,25.0,84.78,39.16,0,4.4,0
CUST101291,Female,29,Single,1,42,Mobile Phone,Credit Card,Grocery,3,5,6,0,1.6,1,6.0,109.96,6.9,2,15.0,0
CUST104659,Male,40,Single,1,37,Mobile Phone,Cash on Delivery,Fashion,2,5,6,0,0.54,5,87.0,,2.63,4,1.5,0
CUST101853,Female,60,Married,3,56,Mobile Phone,E-wallet,Fashion,1,5,1,0,1.06,3,32.0,235.44,17.75,5,23.9,0
CUST103763,Male,51,Single,1,30,Mobile Phone,Cash on Delivery,Fashion,5,3,6,0,2.38,4,68.0,200.17,20.84,1,8.1,0
CUST103304,Female,50,Married,2,49,Mobile Phone,UPI,Mobile Phone,3,1,3,0,6.84,5,83.0,203.29,15.55,4,26.5,0
CUST104927,Male,65,Married,3,70,Mobile Phone,UPI,Grocery,5,3,7,0,3.59,4,14.0,161.33,18.85,2,11.4,0
CUST103743,Male,47,Divorced,2,6,Mobile Phone,Credit Card,Others,2,2,6,1,1.74,2,15.0,,10.94,1,6.3,0
CUST103445,Male,39,Single,1,24,Mobile Phone,UPI,Laptop & Accessory,4,3,1,1,1.63,4,13.0,144.69,8.65,3,13.5,1
CUST101998,Female,36,Single,3,26,Mobile Phone,Credit Card,Mobile Phone,1,5,3,0,2.85,3,39.0,165.31,3.97,1,12.2,0
CUST100663,Male,56,Married,3,49,Mobile Phone,Cash on Delivery,Fashion,5,5,3,0,1.41,4,47.0,,17.84,1,33.8,0
CUST104779,Female,29,Single,1,65,Mobile Phone,Credit Card,Laptop & Accessory,4,1,6,0,2.66,1,79.0,73.44,17.92,1,12.4,0
CUST103748,Male,25,Single,1,38,Mobile Phone,Cash on Delivery,Fashion,4,4,7,1,4.07,3,82.0,187.41,12.58,3,26.7,0
CUST104413,Male,46,Married,3,54,Mobile Phone,Credit Card,Grocery,5,2,3,0,1.87,4,47.0,97.97,28.65,0,14.7,0
CUST104744,Male,63,Single,3,25,Mobile Phone,Debit Card,Grocery,4,3,1,0,1.78,3,70.0,172.61,17.73,4,14.8,0
CUST100709,Male,65,Single,2,18,Computer,Cash on Delivery,Mobile Phone,3,2,5,0,4.86,4,29.0,139.75,19.02,2,23.2,0
CUST101282,Male,24,Single,2,21,Computer,Cash on Delivery,Fashion,4,3,5,1,5.87,2,60.0,210.96,20.62,1,18.8,1
CUST102675,Male,35,Single,1,52,Mobile Phone,Debit Card,Mobile Phone,5,2,2,0,0.42,1,1.0,44.18,28.46,2,11.9,0
CUST104029,Female,30,Married,3,12,Mobile Phone,Debit Card,Mobile Phone,3,1,7,0,1.7,1,39.0,114.31,22.2,0,14.3,0
CUST101306,Female,27,Married,1,37,Computer,UPI,Fashion,1,2,3,0,1.38,5,5.0,33.25,13.62,0,16.3,0
CUST102237,Male,62,Married,1,12,Mobile Phone,Credit Card,Others,2,1,4,1,0.69,1,71.0,162.97,11.68,0,11.5,0
CUST103302,Male,48,Single,3,27,Mobile Phone,Debit Card,Fashion,2,4,5,0,3.19,2,85.0,166.5,13.64,1,22.8,0
CUST102038,Female,54,Single,2,1,Mobile Phone,Credit Card,Fashion,1,2,6,0,4.84,5,44.0,167.07,15.74,2,11.4,0
CUST101529,Male,42,Single,2,47,Mobile Phone,Debit Card,Others,2,4,5,0,3.16,5,59.0,286.43,0.57,0,23.4,0
CUST101663,Male,33,Married,1,46,Mobile Phone,UPI,Mobile Phone,2,4,2,0,2.16,6,8.0,142.06,11.15,2,27.8,0
CUST104949,Female,38,Divorced,2,46,Mobile Phone,E-wallet,Fashion,3,5,6,0,2.64,2,53.0,70.0,14.1,0,15.2,0
CUST104968,Male,37,Married,3,71,Computer,Credit Card,Laptop & Accessory,5,5,7,0,4.95,5,86.0,185.88,0.0,1,12.2,0
CUST103627,Female,23,Single,1,41,Mobile Phone,E-wallet,Grocery,1,1,3,1,6.01,1,37.0,257.93,3.68,3,9.8,0
CUST102693,Female,67,Married,1,58,Mobile Phone,E-wallet,Fashion,1,5,3,0,3.73,5,78.0,75.62,8.57,1,19.1,0
CUST103060,Female,33,Married,1,25,Mobile Phone,Debit Card,Laptop & Accessory,3,3,4,1,2.26,4,13.0,76.5,18.23,1,24.5,0
CUST101597,Male,52,Single,2,0,Mobile Phone,Debit Card,Grocery,1,4,5,0,5.3,4,82.0,55.21,14.9,1,9.5,0
CUST102729,Female,63,Married,2,4,Computer,Credit Card,Others,5,2,3,0,4.41,1,44.0,158.11,8.66,2,22.6,1
CUST102625,Male,67,Married,2,42,Mobile Phone,Cash on Delivery,Laptop & Accessory,5,1,6,0,0.45,2,82.0,158.48,4.76,0,10.2,1
CUST103157,Male,68,Married,2,2,Mobile Phone,E-wallet,Mobile Phone,1,5,2,0,3.02,5,7.0,157.51,19.26,2,18.5,0
CUST103314,Male,58,Single,1,11,Computer,E-wallet,Grocery,3,4,3,0,3.45,2,67.0,158.13,27.53,1,27.9,1
CUST101722,Female,47,Single,2,50,Mobile Phone,Debit Card,Others,4,1,3,0,6.75,3,88.0,203.06,4.6,1,18.1,0
CUST101059,Female,60,Single,1,42,Mobile Phone,Debit Card,Grocery,4,5,1,1,1.88,2,83.0,118.88,2.14,1,13.8,0
CUST104636,Male,19,Married,2,42,Mobile Phone,Debit Card,Laptop & Accessory,1,4,3,1,0.99,2,65.0,150.43,8.09,3,20.0,0
CUST103242,Female,35,Married,3,17,Computer,Credit Card,Mobile Phone,3,1,5,0,3.96,3,,101.38,,1,27.5,0
CUST101678,Female,21,Married,2,29,Mobile Phone,Credit Card,Mobile Phone,3,5,7,0,2.69,2,15.0,157.68,12.7,3,11.1,0
CUST101757,Female,55,Married,1,29,Mobile Phone,E-wallet,Mobile Phone,5,1,5,0,3.46,4,78.0,255.27,15.84,2,16.1,0
CUST104191,Female,31,Married,3,34,Mobile Phone,Credit Card,Grocery,1,1,2,1,2.48,6,65.0,85.07,10.63,2,13.6,1
CUST100563,Female,33,Divorced,1,21,Computer,Debit Card,Fashion,1,1,6,0,4.79,1,63.0,90.6,13.4,2,12.1,1
CUST102790,Female,21,Married,2,37,Mobile Phone,E-wallet,Laptop & Accessory,3,3,6,0,1.68,2,40.0,118.49,18.9,0,14.5,0
CUST100863,Female,41,Divorced,1,40,Mobile Phone,Debit Card,Fashion,2,5,4,0,0.58,6,31.0,44.69,4.75,2,29.0,0
CUST101484,Female,62,Divorced,1,12,Mobile Phone,Credit Card,Others,4,5,6,0,0.11,8,30.0,104.86,26.68,1,16.5,0
CUST100206,Male,63,Married,2,30,Computer,Debit Card,Fashion,2,2,6,0,1.08,2,,251.48,1.48,0,14.4,1
CUST104488,Male,19,Single,1,53,Computer,Debit Card,Mobile Phone,5,5,5,0,0.37,2,7.0,142.41,22.59,1,2.6,0
CUST100870,Female,31,Single,2,3,Mobile Phone,E-wallet,Mobile Phone,5,5,2,0,3.49,3,85.0,223.48,10.66,1,6.6,0
CUST104493,Male,63,Single,3,47,Mobile Phone,E-wallet,Laptop & Accessory,1,4,2,0,,2,35.0,124.14,19.57,2,11.0,0
CUST100502,Female,52,Single,1,57,Mobile Phone,Debit Card,Fashion,5,4,1,1,1.78,1,57.0,219.99,8.51,0,6.6,0
CUST101028,Female,36,Married,2,16,Computer,Credit Card,Laptop & Accessory,4,2,5,1,5.6,7,35.0,186.11,9.07,2,12.0,0
CUST103840,Female,49,Married,1,4,Computer,E-wallet,Others,4,5,3,0,5.21,3,29.0,140.76,12.13,0,25.7,0
CUST102690,Female,63,Single,1,1,Computer,Credit Card,Laptop & Accessory,4,4,5,1,0.35,5,10.0,46.41,14.15,4,21.7,0
CUST101570,Male,22,Married,3,45,Mobile Phone,Debit Card,Fashion,3,1,7,1,1.77,2,36.0,123.78,0.0,1,21.1,0
CUST102773,Male,32,Single,1,3,Mobile Phone,Credit Card,Mobile Phone,3,3,7,0,3.53,1,85.0,214.59,14.39,0,23.9,1
CUST102731,Male,36,Single,1,34,Computer,Cash on Delivery,Fashion,2,3,3,1,2.98,3,67.0,67.85,13.02,0,15.1,0
CUST100804,Male,50,Married,2,57,Mobile Phone,UPI,Mobile Phone,4,2,4,0,3.94,4,51.0,90.69,13.82,2,32.6,0
CUST103645,Female,43,Single,3,9,Mobile Phone,Debit Card,Grocery,3,1,3,1,5.18,2,61.0,202.74,6.33,3,23.9,0
CUST102454,Female,26,Single,2,48,Mobile Phone,Cash on Delivery,Grocery,3,2,3,0,0.99,3,63.0,164.5,19.66,1,20.3,0
CUST104598,Male,38,Married,2,12,Mobile Phone,Credit Card,Laptop & Accessory,1,1,7,0,3.33,3,78.0,207.91,15.5,1,11.1,0
CUST103104,Female,22,Single,1,1,Mobile Phone,Credit Card,Laptop & Accessory,3,3,2,0,1.5,1,8.0,68.77,23.25,2,6.7,0
CUST104875,Female,36,Married,2,19,Computer,UPI,Mobile Phone,1,5,5,0,2.64,4,3.0,,18.41,3,17.3,0
CUST100200,Female,30,Single,2,2,Mobile Phone,Credit Card,Grocery,5,3,6,0,2.43,5,46.0,,19.82,0,12.6,0
CUST103099,Male,32,Single,1,28,Mobile Phone,E-wallet,Laptop & Accessory,4,4,2,1,,1,52.0,101.16,11.34,1,17.5,0
CUST102278,Female,26,Single,2,13,Mobile Phone,Debit Card,Grocery,2,4,1,0,0.4,3,15.0,76.58,8.3,2,16.6,0
CUST103561,Male,37,Married,1,68,Computer,UPI,Laptop & Accessory,1,4,1,0,2.93,2,56.0,118.02,4.85,4,14.1,0
CUST104474,Male,45,Single,2,31,Mobile Phone,Debit Card,Laptop & Accessory,1,3,7,0,0.89,8,32.0,197.86,24.78,3,21.5,0
CUST104514,Male,38,Single,2,3,Computer,Credit Card,Mobile Phone,5,5,5,0,5.56,3,35.0,180.06,19.55,1,8.2,0
CUST100391,Male,68,Single,3,42,Computer,UPI,Fashion,5,2,2,1,1.52,3,54.0,183.69,8.3,0,8.1,0
CUST101495,Female,67,Single,1,5,Mobile Phone,Cash on Delivery,Fashion,4,5,5,1,3.73,0,56.0,112.32,8.94,3,2.0,1
CUST102695,Male,55,Divorced,3,42,Mobile Phone,E-wallet,Fashion,5,3,5,1,1.65,3,27.0,158.66,14.13,3,17.0,0
CUST102027,Male,50,Single,2,69,Mobile Phone,Credit Card,Mobile Phone,3,1,5,1,2.08,4,23.0,215.15,19.89,1,12.8,0
CUST102568,Female,69,Single,3,34,Computer,Debit Card,Laptop & Accessory,3,4,7,0,3.13,4,35.0,97.52,15.05,3,9.4,0
CUST100064,Female,21,Married,2,15,Mobile Phone,UPI,Fashion,3,5,7,0,0.95,1,43.0,181.15,16.15,0,18.6,0
CUST103884,Female,44,Single,2,37,Computer,Debit Card,Mobile Phone,1,2,5,1,3.17,3,78.0,103.95,12.06,2,20.2,0
CUST102062,Male,20,Married,2,30,Mobile Phone,Debit Card,Fashion,4,2,1,0,5.99,2,10.0,209.42,24.1,0,11.8,0
CUST100492,Female,20,Married,3,0,Mobile Phone,E-wallet,Grocery,3,1,2,1,2.39,5,66.0,168.81,0.0,0,16.6,1
CUST100379,Female,47,Married,1,26,Mobile Phone,Credit Card,Grocery,2,5,5,0,0.88,3,1.0,187.98,11.79,2,1.0,0
CUST104859,Male,66,Single,2,36,Mobile Phone,Debit Card,Laptop & Accessory,3,4,4,1,1.76,3,57.0,126.0,7.18,1,20.2,0
CUST103993,Male,56,Married,1,5,Mobile Phone,UPI,Fashion,5,2,5,0,3.44,5,38.0,145.8,25.59,1,17.4,0
CUST104887,Female,26,Married,3,41,Computer,Debit Card,Grocery,1,1,7,1,2.08,2,67.0,137.51,8.14,2,12.4,0
CUST101076,Female,42,Single,1,67,Mobile Phone,Debit Card,Fashion,2,1,5,0,4.94,2,3.0,177.51,19.58,2,13.6,0
CUST100878,Female,57,Married,1,6,Computer,UPI,Mobile Phone,2,4,4,1,5.29,2,60.0,,26.6,2,14.3,1
CUST100337,Female,24,Single,3,45,Mobile Phone,E-wallet,Grocery,1,4,7,0,5.04,3,89.0,203.73,0.0,1,14.3,0
CUST101016,Female,63,Single,2,29,Mobile Phone,Debit Card,Laptop & Accessory,4,3,2,0,1.99,5,35.0,0.78,18.32,6,12.3,0
CUST101275,Male,54,Single,1,3,Computer,E-wallet,Fashion,3,5,2,0,0.32,4,20.0,196.15,3.33,1,7.4,0
CUST103798,Male,45,Divorced,1,68,Mobile Phone,Debit Card,Laptop & Accessory,3,4,7,0,4.66,4,45.0,136.71,,1,24.6,0
CUST104551,Female,57,Single,1,7,Mobile Phone,Credit Card,Fashion,1,1,2,0,0.47,4,29.0,196.85,14.35,1,6.8,0
CUST103342,Male,30,Single,1,27,Computer,Debit Card,Laptop & Accessory,5,5,1,0,3.1,2,68.0,228.75,27.16,0,4.2,0
CUST104911,Male,46,Single,2,34,Mobile Phone,UPI,Mobile Phone,3,2,2,1,,3,82.0,288.29,17.64,4,30.6,1
CUST100995,Male,33,Married,3,34,Computer,Credit Card,Mobile Phone,4,3,4,0,1.82,1,72.0,218.51,4.33,1,4.3,1
CUST101981,Male,23,Single,1,14,Mobile Phone,Credit Card,Fashion,1,1,6,0,6.64,4,13.0,132.32,2.09,0,10.2,1
CUST104297,Female,55,Married,1,14,Computer,Debit Card,Others,5,4,6,0,4.72,5,68.0,87.26,11.45,1,11.1,1
CUST100161,Female,27,Single,2,18,Mobile Phone,Cash on Delivery,Others,4,1,4,0,1.13,6,68.0,30.71,12.05,2,13.9,0
CUST104798,Female,28,Married,3,23,Mobile Phone,Debit Card,Laptop & Accessory,4,5,6,1,1.88,4,65.0,162.32,7.84,2,8.4,0
CUST101500,Female,30,Married,2,37,Mobile Phone,Cash on Delivery,Fashion,5,1,4,0,0.77,3,32.0,154.76,4.78,5,16.3,0
CUST103843,Female,59,Single,2,2,Computer,Credit Card,Fashion,5,2,6,0,3.72,2,26.0,131.33,9.55,0,15.7,0
CUST102613,Female,54,Married,2,1,Computer,Credit Card,Mobile Phone,5,2,5,1,1.85,0,59.0,212.12,0.0,2,11.8,1
CUST103461,Female,59,Single,2,4,Computer,Credit Card,Laptop & Accessory,2,5,2,0,1.05,1,52.0,165.46,19.04,1,17.3,1
CUST101021,Female,23,Married,3,69,Computer,Credit Card,Fashion,4,5,6,0,2.01,0,22.0,225.44,15.36,2,1.0,0
CUST103073,Female,24,Single,1,64,Mobile Phone,Credit Card,Others,4,4,1,0,0.45,3,35.0,257.07,5.73,0,15.0,0
CUST103943,Female,36,Married,1,6,Mobile Phone,Debit Card,Fashion,4,2,7,0,7.37,2,10.0,46.02,14.79,2,10.8,0
CUST101585,Female,24,Single,3,33,Mobile Phone,Cash on Delivery,Laptop & Accessory,3,2,7,1,1.18,2,66.0,10.81,4.23,0,3.1,1
CUST101955,Female,35,Single,2,32,Mobile Phone,UPI,Laptop & Accessory,2,2,7,0,0.58,7,38.0,255.52,26.09,3,15.9,0
CUST103152,Male,28,Single,1,25,Mobile Phone,E-wallet,Laptop & Accessory,4,5,6,0,1.82,2,36.0,20.7,1.17,3,29.1,0
CUST100034,Male,58,Married,3,33,Computer,Credit Card,Laptop & Accessory,5,3,1,0,1.11,3,2.0,142.4,17.48,2,9.7,0
CUST104014,Female,24,Single,3,49,Mobile Phone,UPI,Mobile Phone,2,4,4,0,2.03,3,50.0,129.4,24.97,1,30.7,0
CUST100775,Female,27,Married,1,15,Computer,UPI,Fashion,2,1,5,0,0.24,3,5.0,112.79,15.01,1,22.0,0
CUST102556,Male,27,Married,1,21,Mobile Phone,Credit Card,Mobile Phone,1,3,3,0,1.79,3,63.0,111.06,19.41,1,15.5,0
CUST101478,Male,26,Married,3,54,Computer,UPI,Grocery,1,2,1,0,2.49,2,57.0,51.42,23.31,2,14.0,0
CUST101363,Male,37,Married,1,54,Mobile Phone,Debit Card,Fashion,2,5,4,0,8.39,6,28.0,107.87,,1,14.8,0
CUST102612,Male,21,Single,1,56,Mobile Phone,Credit Card,Laptop & Accessory,5,2,6,0,1.73,3,57.0,172.16,24.49,1,14.9,0
CUST102824,Female,45,Married,2,19,Mobile Phone,E-wallet,Mobile Phone,4,5,2,1,1.36,6,79.0,145.88,15.84,3,8.6,0
CUST102041,Female,68,Married,3,44,Mobile Phone,Debit Card,Grocery,2,4,1,1,2.7,2,20.0,134.61,17.74,0,31.5,1
CUST100241,Female,50,Married,1,23,Mobile Phone,UPI,Laptop & Accessory,3,5,4,0,5.1,5,41.0,193.58,12.84,1,13.4,1
CUST102061,Male,37,Single,2,46,Mobile Phone,UPI,Laptop & Accessory,2,2,2,0,3.16,4,77.0,142.1,5.72,1,1.9,0
CUST102363,Female,45,Single,2,43,Computer,Cash on Delivery,Others,5,4,1,0,4.54,1,57.0,152.48,18.57,3,15.7,0
CUST100600,Male,56,Single,2,69,Mobile Phone,Cash on Delivery,Laptop & Accessory,3,2,5,0,0.61,1,12.0,166.9,16.17,0,13.4,0
CUST102435,Female,54,Married,2,4,Mobile Phone,UPI,Grocery,3,2,3,0,3.96,5,15.0,134.64,10.52,1,16.0,0
CUST102888,Male,62,Married,3,62,Computer,Credit Card,Laptop & Accessory,2,5,6,0,1.01,5,33.0,153.82,20.02,2,2.9,0
CUST100646,Male,36,Married,2,31,Computer,UPI,Others,2,5,4,0,0.74,6,70.0,200.28,13.15,3,20.2,0
CUST103890,Male,58,Single,3,28,Mobile Phone,UPI,Laptop & Accessory,1,4,6,0,6.58,3,13.0,170.91,4.89,2,25.8,1
CUST103556,Male,28,Married,2,29,Computer,UPI,Grocery,1,2,2,0,1.59,5,14.0,127.36,14.89,1,20.4,0
CUST103202,Female,62,Single,2,70,Mobile Phone,UPI,Mobile Phone,2,1,5,0,4.23,6,3.0,,10.41,1,13.5,0
CUST101528,Male,60,Single,3,66,Computer,UPI,Laptop & Accessory,2,5,1,0,3.32,3,78.0,55.5,22.3,1,9.9,0
CUST101267,Female,21,Single,2,59,Mobile Phone,Debit Card,Others,5,4,7,0,0.37,2,43.0,134.75,10.14,0,12.4,0
CUST101899,Male,51,Single,3,57,Computer,Cash on Delivery,Fashion,3,5,7,0,2.23,4,22.0,254.03,19.65,1,21.3,0
CUST104658,Female,50,Single,1,49,Mobile Phone,Debit Card,Laptop & Accessory,1,1,4,0,4.2,2,41.0,167.73,17.36,1,1.0,0
CUST103005,Female,48,Married,2,35,Computer,Cash on Delivery,Laptop & Accessory,1,2,4,0,3.49,2,69.0,121.97,2.52,4,3.4,0
CUST102734,Male,30,Divorced,3,60,Computer,E-wallet,Mobile Phone,3,2,4,1,2.62,2,24.0,142.91,4.77,1,17.0,0
CUST100189,Male,69,Single,1,44,Mobile Phone,Credit Card,Others,3,1,7,0,0.9,5,44.0,202.55,21.05,1,16.0,1
CUST101806,Male,58,Married,2,37,Mobile Phone,Debit Card,Others,5,4,6,0,1.61,2,54.0,,15.2,4,13.7,0
CUST100975,Female,25,Married,1,68,Computer,UPI,Fashion,5,3,6,0,1.31,4,27.0,160.03,30.1,1,7.0,0
CUST102747,Male,54,Married,1,55,Mobile Phone,Credit Card,Fashion,1,3,7,0,5.58,7,27.0,102.05,23.87,1,1.0,0
CUST102047,Female,63,Married,1,29,Mobile Phone,UPI,Laptop & Accessory,1,2,6,0,5.84,2,88.0,92.9,26.17,0,15.6,0
CUST102558,Male,39,Single,2,1,Mobile Phone,UPI,Mobile Phone,2,1,6,1,0.82,3,29.0,67.07,10.99,0,22.2,0
CUST101082,Female,52,Married,1,1,Mobile Phone,Debit Card,Grocery,4,2,4,0,1.52,4,35.0,163.21,18.69,2,24.8,1
CUST100474,Male,38,Married,1,0,Computer,E-wallet,Grocery,5,3,4,0,1.34,3,33.0,0.0,7.05,0,4.4,0
CUST102904,Male,66,Married,1,34,Mobile Phone,Debit Card,Laptop & Accessory,2,2,2,0,1.49,2,76.0,96.22,16.36,1,13.0,1
CUST104843,Male,28,Married,2,38,Mobile Phone,E-wallet,Mobile Phone,5,5,6,0,3.62,6,84.0,112.7,10.14,0,18.5,0
CUST104117,Female,48,Single,1,37,Computer,Credit Card,Laptop & Accessory,3,3,2,0,6.01,7,33.0,63.5,9.69,1,11.5,0
CUST103385,Female,64,Single,2,37,Mobile Phone,UPI,Fashion,3,4,3,1,3.12,1,7.0,0.0,17.75,2,19.3,0
CUST104555,Female,52,Single,2,47,Computer,Debit Card,Laptop & Accessory,5,5,2,1,2.27,4,85.0,164.08,16.08,0,3.1,0
CUST101184,Male,32,Single,1,7,Mobile Phone,Credit Card,Fashion,2,4,1,0,3.87,3,75.0,95.47,20.43,1,15.7,0
CUST102433,Male,45,Single,3,14,Computer,Cash on Delivery,Mobile Phone,4,1,6,1,2.13,3,8.0,101.2,15.37,1,24.7,0
CUST102391,Female,39,Single,2,35,Computer,Debit Card,Fashion,2,1,1,1,2.94,3,19.0,128.17,14.5,1,21.5,1
CUST100769,Female,30,Married,3,4,Computer,Credit Card,Laptop & Accessory,5,4,2,0,1.2,2,46.0,283.09,7.4,1,10.7,0
CUST101685,Male,32,Married,3,48,Computer,Debit Card,Fashion,5,3,1,1,2.68,4,81.0,165.91,17.94,5,13.4,0
CUST100130,Male,32,Married,3,70,Mobile Phone,Credit Card,Fashion,2,1,4,0,0.9,2,43.0,182.36,9.98,1,16.6,0
CUST102919,Female,55,Single,2,44,Mobile Phone,Credit Card,Fashion,5,1,4,0,2.1,6,61.0,64.47,21.52,0,5.9,0
CUST103171,Female,31,Married,1,6,Mobile Phone,Debit Card,Laptop & Accessory,2,5,5,0,0.55,2,26.0,192.54,17.95,3,22.5,0
CUST103444,Female,38,Married,2,5,Mobile Phone,Credit Card,Grocery,1,3,2,1,3.92,5,50.0,150.25,22.74,1,9.5,0
CUST104426,Male,68,Married,1,31,Mobile Phone,UPI,Mobile Phone,2,5,4,0,1.1,4,37.0,119.99,20.38,4,19.5,0
CUST100466,Female,35,Married,1,44,Computer,E-wallet,Fashion,1,4,5,0,1.22,5,44.0,192.98,,2,22.0,0
CUST103092,Female,68,Single,2,34,Mobile Phone,Debit Card,Mobile Phone,1,1,6,0,1.72,3,71.0,133.88,15.8,3,10.3,0
CUST103772,Female,64,Single,2,62,Mobile Phone,E-wallet,Others,5,1,3,1,0.39,2,67.0,186.24,23.62,1,12.7,0
CUST100860,Female,19,Single,1,57,Mobile Phone,Credit Card,Laptop & Accessory,4,2,6,1,1.99,4,36.0,61.79,13.1,1,17.6,0
